latitude,longitude,bright_ti4,scan,track,acq_date,acq_time,satellite,instrument,confidence,version,bright_ti5,frp,daynight
48.87095,43.49125,300.8,0.33,0.55,2026-10-06,1,N21,VIIRS,n,2.0NRT,276.33,1.09,N
50.14806,39.68732,299.68,0.42,0.45,2026-10-06,1,N21,VIIRS,n,2.0NRT,280.51,1.21,N
51.2194,54.95417,327.27,0.76,0.77,2026-10-06,1,N21,VIIRS,n,2.0NRT,271.55,7.32,N
51.21946,54.95107,327.2,0.76,0.77,2026-10-06,1,N21,VIIRS,n,2.0NRT,271.56,7.08,N
51.56275,52.75253,333.46,0.61,0.71,2026-10-06,1,N21,VIIRS,n,2.0NRT,272.62,5.64,N
51.56293,52.74886,334.42,0.61,0.71,2026-10-06,1,N21,VIIRS,n,2.0NRT,272.02,5.08,N
51.56568,52.76205,334.43,0.61,0.71,2026-10-06,1,N21,VIIRS,n,2.0NRT,269.57,8.51,N
51.56834,52.75803,349.73,0.61,0.71,2026-10-06,1,N21,VIIRS,n,2.0NRT,271.99,10.06,N
51.56852,52.75438,317.18,0.61,0.71,2026-10-06,1,N21,VIIRS,n,2.0NRT,269.05,7.62,N
51.58705,52.91293,309.8,0.62,0.71,2026-10-06,1,N21,VIIRS,n,2.0NRT,266.11,1.96,N
51.58729,52.91343,307.66,0.62,0.71,2026-10-06,1,N21,VIIRS,n,2.0NRT,266.32,3.42,N
51.59647,55.28467,302.06,0.75,0.77,2026-10-06,1,N21,VIIRS,n,2.0NRT,270.86,2.94,N
51.60133,55.20947,299.42,0.75,0.77,2026-10-06,1,N21,VIIRS,n,2.0NRT,269.81,2.75,N
51.60319,55.16227,311.92,0.74,0.76,2026-10-06,1,N21,VIIRS,n,2.0NRT,271.1,5.34,N
51.60394,52.92943,367,0.62,0.71,2026-10-06,1,N21,VIIRS,h,2.0NRT,271.47,17.09,N
51.60408,55.16069,322.1,0.74,0.76,2026-10-06,1,N21,VIIRS,n,2.0NRT,271.59,5.04,N
51.6042,52.92984,367,0.62,0.71,2026-10-06,1,N21,VIIRS,h,2.0NRT,271.22,19.15,N
51.61873,52.78691,298.89,0.61,0.71,2026-10-06,1,N21,VIIRS,n,2.0NRT,267.15,1.87,N
51.81501,52.54911,332.43,0.59,0.7,2026-10-06,1,N21,VIIRS,n,2.0NRT,270.13,8.57,N
51.84302,53.81113,296.92,0.65,0.73,2026-10-06,1,N21,VIIRS,n,2.0NRT,270.06,1.13,N
51.86453,54.69714,352.91,0.7,0.75,2026-10-06,1,N21,VIIRS,n,2.0NRT,273.97,15.16,N
51.8681,54.68811,312.73,0.7,0.75,2026-10-06,1,N21,VIIRS,n,2.0NRT,272.56,11.11,N
51.86812,54.75026,353.08,0.7,0.75,2026-10-06,1,N21,VIIRS,n,2.0NRT,274.26,29.04,N
51.86817,54.75542,316.72,0.7,0.75,2026-10-06,1,N21,VIIRS,n,2.0NRT,273.92,8.71,N
51.87061,54.76472,302.73,0.7,0.75,2026-10-06,1,N21,VIIRS,n,2.0NRT,274.65,3.06,N
51.87145,54.74182,337.06,0.7,0.75,2026-10-06,1,N21,VIIRS,n,2.0NRT,274.38,24.53,N
51.8715,54.74711,367,0.7,0.75,2026-10-06,1,N21,VIIRS,h,2.0NRT,279.69,30.22,N
51.87394,54.76158,302.11,0.7,0.75,2026-10-06,1,N21,VIIRS,n,2.0NRT,273.59,8.71,N
51.87399,54.75615,304.43,0.7,0.75,2026-10-06,1,N21,VIIRS,n,2.0NRT,272.8,3.06,N
51.9009,51.37297,306.34,0.53,0.67,2026-10-06,1,N21,VIIRS,n,2.0NRT,268.41,1.65,N
52.01189,51.68893,327.01,0.54,0.68,2026-10-06,1,N21,VIIRS,n,2.0NRT,268.81,3.66,N
52.39896,53.72025,300.19,0.61,0.71,2026-10-06,1,N21,VIIRS,n,2.0NRT,268.43,1.52,N
52.39996,53.72003,302.25,0.61,0.71,2026-10-06,1,N21,VIIRS,n,2.0NRT,268.69,1.78,N
52.55558,51.66571,297.65,0.51,0.66,2026-10-06,1,N21,VIIRS,n,2.0NRT,266,1.08,N
52.55742,52.38375,310.97,0.54,0.68,2026-10-06,1,N21,VIIRS,n,2.0NRT,269.15,1.69,N
52.55813,51.67199,295.77,0.51,0.66,2026-10-06,1,N21,VIIRS,n,2.0NRT,266.91,0.73,N
52.55818,52.38358,297.83,0.54,0.68,2026-10-06,1,N21,VIIRS,n,2.0NRT,269.15,1.47,N
52.58214,19.66415,299.94,0.58,0.52,2026-10-06,1,N21,VIIRS,n,2.0NRT,279.25,1.55,N
52.60128,51.88247,308.96,0.52,0.67,2026-10-06,1,N21,VIIRS,n,2.0NRT,270.3,3.74,N
52.60617,51.8832,319.9,0.52,0.67,2026-10-06,1,N21,VIIRS,n,2.0NRT,269,2.45,N
52.86591,51.21409,336.15,0.48,0.64,2026-10-06,1,N21,VIIRS,n,2.0NRT,270.59,4.72,N
52.86752,50.97377,303.47,0.47,0.64,2026-10-06,1,N21,VIIRS,n,2.0NRT,269.29,1.18,N
52.86811,51.20779,313.28,0.48,0.64,2026-10-06,1,N21,VIIRS,n,2.0NRT,269.7,4.72,N
52.91452,55.7282,297.55,0.69,0.74,2026-10-06,1,N21,VIIRS,n,2.0NRT,267.96,1.17,N
52.9886,50.54038,321.31,0.45,0.63,2026-10-06,1,N21,VIIRS,n,2.0NRT,272.08,2.82,N
53.18703,50.99455,317.18,0.46,0.63,2026-10-06,1,N21,VIIRS,n,2.0NRT,271.12,4.48,N
53.18797,51.01145,304.06,0.46,0.63,2026-10-06,1,N21,VIIRS,n,2.0NRT,270.3,1.17,N
54.08503,38.18199,305.3,0.46,0.39,2026-10-06,1,N21,VIIRS,n,2.0NRT,274.61,1.52,N
59.12833,9.62085,301.31,0.75,0.77,2026-10-06,1,N21,VIIRS,n,2.0NRT,279.99,2.04,N
64.66146,21.28221,336.02,0.62,0.54,2026-10-06,1,N21,VIIRS,n,2.0NRT,279.18,10,N
65.56458,22.21982,300.72,0.59,0.53,2026-10-06,1,N21,VIIRS,n,2.0NRT,275.51,2.63,N
43.07733,45.7602,314.36,0.63,0.72,2026-10-06,3,N21,VIIRS,n,2.0NRT,281.54,3.24,N
43.43364,45.44766,299.2,0.59,0.7,2026-10-06,3,N21,VIIRS,n,2.0NRT,276.98,1.22,N
44.12423,42.01238,311.23,0.39,0.59,2026-10-06,3,N21,VIIRS,n,2.0NRT,280.44,2,N
44.1255,42.00795,301.07,0.39,0.59,2026-10-06,3,N21,VIIRS,n,2.0NRT,279.83,2,N
44.21726,27.30109,302.17,0.39,0.36,2026-10-06,3,N21,VIIRS,n,2.0NRT,283.84,1.23,N
44.23993,28.31042,298.18,0.38,0.36,2026-10-06,3,N21,VIIRS,n,2.0NRT,281.47,0.9,N
44.26269,27.59616,326.16,0.39,0.36,2026-10-06,3,N21,VIIRS,n,2.0NRT,279.66,2.93,N
44.46411,46.71478,297.48,0.62,0.72,2026-10-06,3,N21,VIIRS,n,2.0NRT,279.94,4.83,N
44.73559,37.80931,309.71,0.48,0.48,2026-10-06,3,N21,VIIRS,n,2.0NRT,274.4,2.76,N
44.74594,22.34991,315.35,0.55,0.43,2026-10-06,3,N21,VIIRS,n,2.0NRT,285.8,2.86,N
44.74796,22.32956,314.86,0.55,0.43,2026-10-06,3,N21,VIIRS,n,2.0NRT,287.39,1.65,N
44.74871,22.32209,304.09,0.55,0.43,2026-10-06,3,N21,VIIRS,n,2.0NRT,285.38,1.65,N
44.74979,22.35102,310.22,0.55,0.43,2026-10-06,3,N21,VIIRS,n,2.0NRT,285.53,2.07,N
44.76242,22.30411,296.67,0.55,0.43,2026-10-06,3,N21,VIIRS,n,2.0NRT,283.31,0.73,N
44.76621,22.30591,299.4,0.55,0.43,2026-10-06,3,N21,VIIRS,n,2.0NRT,286.39,0.73,N
44.7669,22.29895,299.47,0.55,0.43,2026-10-06,3,N21,VIIRS,n,2.0NRT,286.39,0.73,N
44.77029,33.86096,295.5,0.49,0.4,2026-10-06,3,N21,VIIRS,n,2.0NRT,279.36,1.37,N
44.7707,22.3007,299.05,0.55,0.43,2026-10-06,3,N21,VIIRS,n,2.0NRT,287.59,1.1,N
44.77452,22.30221,301.55,0.55,0.43,2026-10-06,3,N21,VIIRS,n,2.0NRT,286.4,1.1,N
44.77895,22.33737,303.35,0.55,0.43,2026-10-06,3,N21,VIIRS,n,2.0NRT,286.53,1.37,N
44.78678,22.33849,327.56,0.55,0.43,2026-10-06,3,N21,VIIRS,n,2.0NRT,287.97,6.18,N
44.79066,22.33941,311.5,0.55,0.43,2026-10-06,3,N21,VIIRS,n,2.0NRT,286.76,1.83,N
44.79129,22.3331,302.28,0.55,0.43,2026-10-06,3,N21,VIIRS,n,2.0NRT,286.93,1.83,N
44.84665,22.76433,296.68,0.53,0.42,2026-10-06,3,N21,VIIRS,n,2.0NRT,286.46,1.22,N
44.84731,22.75795,300.41,0.53,0.42,2026-10-06,3,N21,VIIRS,n,2.0NRT,286.67,1.56,N
44.85048,22.76503,303.03,0.53,0.42,2026-10-06,3,N21,VIIRS,n,2.0NRT,287.05,1.22,N
44.85114,22.75866,304.55,0.53,0.42,2026-10-06,3,N21,VIIRS,n,2.0NRT,286.5,1.56,N
44.85431,22.7657,311.85,0.53,0.42,2026-10-06,3,N21,VIIRS,n,2.0NRT,286.88,1.79,N
44.88077,22.47178,296.26,0.54,0.42,2026-10-06,3,N21,VIIRS,n,2.0NRT,284.47,0.85,N
44.88146,22.46498,305.92,0.54,0.42,2026-10-06,3,N21,VIIRS,n,2.0NRT,286.18,1.87,N
44.88242,38.11486,298.37,0.49,0.48,2026-10-06,3,N21,VIIRS,n,2.0NRT,278.63,0.91,N
44.883,38.11501,299.33,0.49,0.48,2026-10-06,3,N21,VIIRS,n,2.0NRT,279.07,1.41,N
44.88459,22.47294,326.23,0.54,0.42,2026-10-06,3,N21,VIIRS,n,2.0NRT,287.79,2.8,N
44.88528,22.46628,299.89,0.54,0.42,2026-10-06,3,N21,VIIRS,n,2.0NRT,287.09,3.06,N
44.88845,22.47393,305.58,0.54,0.42,2026-10-06,3,N21,VIIRS,n,2.0NRT,285.52,2.8,N
44.88914,22.47401,301.6,0.54,0.42,2026-10-06,3,N21,VIIRS,n,2.0NRT,284.18,1.2,N
44.8898,22.46728,296.62,0.54,0.42,2026-10-06,3,N21,VIIRS,n,2.0NRT,286.32,1.2,N
44.89051,22.45376,295.96,0.55,0.42,2026-10-06,3,N21,VIIRS,n,2.0NRT,285.31,1.29,N
44.89111,22.45374,296.47,0.55,0.42,2026-10-06,3,N21,VIIRS,n,2.0NRT,285.49,3.97,N
44.89301,22.46794,312.49,0.54,0.42,2026-10-06,3,N21,VIIRS,n,2.0NRT,283.86,3.08,N
44.89368,22.46137,328.58,0.54,0.42,2026-10-06,3,N21,VIIRS,n,2.0NRT,291.36,3.08,N
44.89368,22.46797,310.43,0.54,0.42,2026-10-06,3,N21,VIIRS,n,2.0NRT,281.9,1.2,N
44.89432,22.46141,332.87,0.55,0.42,2026-10-06,3,N21,VIIRS,n,2.0NRT,291.71,3.97,N
44.89477,22.4893,306.64,0.54,0.42,2026-10-06,3,N21,VIIRS,n,2.0NRT,287.14,2.01,N
44.89554,22.48938,306.17,0.54,0.42,2026-10-06,3,N21,VIIRS,n,2.0NRT,287.77,1.85,N
44.89688,22.47562,301.56,0.54,0.42,2026-10-06,3,N21,VIIRS,n,2.0NRT,283.18,1.06,N
44.89756,22.46216,306.71,0.54,0.42,2026-10-06,3,N21,VIIRS,n,2.0NRT,283.14,3.08,N
44.8982,22.46222,295.51,0.55,0.42,2026-10-06,3,N21,VIIRS,n,2.0NRT,281.85,1.03,N
44.89865,22.49,302.04,0.54,0.42,2026-10-06,3,N21,VIIRS,n,2.0NRT,288.09,2.62,N
44.89931,22.48359,309.86,0.54,0.42,2026-10-06,3,N21,VIIRS,n,2.0NRT,288.25,2.04,N
44.89942,22.4901,300.07,0.54,0.42,2026-10-06,3,N21,VIIRS,n,2.0NRT,287.42,1.85,N
44.90002,22.4767,307.51,0.54,0.42,2026-10-06,3,N21,VIIRS,n,2.0NRT,285.91,2.04,N
44.90004,22.48374,309.64,0.54,0.42,2026-10-06,3,N21,VIIRS,n,2.0NRT,288.14,1.85,N
44.90071,22.47686,302.28,0.54,0.42,2026-10-06,3,N21,VIIRS,n,2.0NRT,285.45,1.06,N
44.90134,22.50243,327.97,0.54,0.42,2026-10-06,3,N21,VIIRS,n,2.0NRT,288.75,5.39,N
44.90215,22.50243,332.07,0.54,0.42,2026-10-06,3,N21,VIIRS,n,2.0NRT,289.46,5.81,N
44.90525,22.4709,298.81,0.54,0.42,2026-10-06,3,N21,VIIRS,n,2.0NRT,285.15,1.11,N
44.90596,22.46365,295.71,0.55,0.42,2026-10-06,3,N21,VIIRS,n,2.0NRT,285.65,1.21,N
44.90604,22.50298,327.68,0.54,0.42,2026-10-06,3,N21,VIIRS,n,2.0NRT,290.45,5.81,N
44.9066,22.49728,317.92,0.54,0.42,2026-10-06,3,N21,VIIRS,n,2.0NRT,288.7,5.81,N
44.90845,22.47848,298.25,0.54,0.42,2026-10-06,3,N21,VIIRS,n,2.0NRT,285.29,1.11,N
44.91046,22.49821,315.92,0.54,0.42,2026-10-06,3,N21,VIIRS,n,2.0NRT,287.78,2.07,N
44.91105,22.49228,304.37,0.54,0.42,2026-10-06,3,N21,VIIRS,n,2.0NRT,286.79,3.4,N
44.91432,22.49913,306.84,0.54,0.42,2026-10-06,3,N21,VIIRS,n,2.0NRT,283.84,2.07,N
44.96884,20.61357,296.39,0.44,0.46,2026-10-06,3,N21,VIIRS,n,2.0NRT,274.76,1.24,N
44.97589,20.01207,296.98,0.47,0.48,2026-10-06,3,N21,VIIRS,n,2.0NRT,276.68,0.81,N
44.99922,48.48857,309.78,0.72,0.75,2026-10-06,3,N21,VIIRS,n,2.0NRT,282.8,4.04,N
45.00188,48.48493,333.47,0.71,0.75,2026-10-06,3,N21,VIIRS,n,2.0NRT,283.2,6.66,N
45.0021,48.48043,319.75,0.71,0.75,2026-10-06,3,N21,VIIRS,n,2.0NRT,283.1,4.04,N
45.00667,45.12782,298.3,0.51,0.66,2026-10-06,3,N21,VIIRS,n,2.0NRT,276.7,0.98,N
45.00892,21.13844,310.32,0.42,0.45,2026-10-06,3,N21,VIIRS,n,2.0NRT,276.91,1.85,N
45.01258,21.1444,296.51,0.42,0.45,2026-10-06,3,N21,VIIRS,n,2.0NRT,276.73,0.77,N
45.01307,21.13913,309.82,0.42,0.45,2026-10-06,3,N21,VIIRS,n,2.0NRT,278.13,2.13,N
45.05587,20.69689,367,0.44,0.46,2026-10-06,3,N21,VIIRS,h,2.0NRT,280.14,11.71,N
45.05604,20.70135,326.32,0.44,0.46,2026-10-06,3,N21,VIIRS,n,2.0NRT,276.67,3.96,N
45.05633,20.69131,320.32,0.44,0.46,2026-10-06,3,N21,VIIRS,n,2.0NRT,274.99,3.87,N
45.05652,20.69577,349.22,0.44,0.46,2026-10-06,3,N21,VIIRS,n,2.0NRT,278.22,5.93,N
45.057,20.6902,296.25,0.44,0.46,2026-10-06,3,N21,VIIRS,n,2.0NRT,274.68,5.93,N
45.06165,19.88029,296.48,0.48,0.48,2026-10-06,3,N21,VIIRS,n,2.0NRT,277.99,1.66,N
45.07922,20.92945,305.07,0.43,0.46,2026-10-06,3,N21,VIIRS,n,2.0NRT,276.57,1.55,N
45.08295,20.93551,295.21,0.43,0.46,2026-10-06,3,N21,VIIRS,n,2.0NRT,277.52,1.42,N
45.09258,20.5093,297.21,0.45,0.47,2026-10-06,3,N21,VIIRS,n,2.0NRT,275.21,0.7,N
45.1025,20.49364,304.38,0.45,0.47,2026-10-06,3,N21,VIIRS,n,2.0NRT,276.25,1.15,N
45.10296,20.48794,295.57,0.45,0.47,2026-10-06,3,N21,VIIRS,n,2.0NRT,275.95,1.15,N
45.10598,20.5574,311.56,0.44,0.46,2026-10-06,3,N21,VIIRS,n,2.0NRT,275.58,2.14,N
45.11167,19.4526,303.82,0.5,0.49,2026-10-06,3,N21,VIIRS,n,2.0NRT,277.21,1.55,N
45.12049,25.41965,299.33,0.43,0.38,2026-10-06,3,N21,VIIRS,n,2.0NRT,279.34,0.99,N
45.12094,22.45835,295.61,0.55,0.43,2026-10-06,3,N21,VIIRS,n,2.0NRT,283.01,1.09,N
45.14816,20.51828,296.45,0.45,0.47,2026-10-06,3,N21,VIIRS,n,2.0NRT,275.13,0.91,N
45.16236,20.60655,296.41,0.44,0.46,2026-10-06,3,N21,VIIRS,n,2.0NRT,276.18,1.45,N
45.16938,20.66758,302.76,0.44,0.46,2026-10-06,3,N21,VIIRS,n,2.0NRT,276.84,0.85,N
45.17029,20.66504,302.55,0.44,0.46,2026-10-06,3,N21,VIIRS,n,2.0NRT,277.44,0.86,N
45.208,19.70911,296.19,0.49,0.48,2026-10-06,3,N21,VIIRS,n,2.0NRT,282.69,1.04,N
45.22511,20.82302,300.15,0.43,0.46,2026-10-06,3,N21,VIIRS,n,2.0NRT,276.22,0.59,N
45.33387,23.57561,316.32,0.5,0.41,2026-10-06,3,N21,VIIRS,n,2.0NRT,280.28,2.89,N
45.33809,23.57159,331.4,0.5,0.41,2026-10-06,3,N21,VIIRS,n,2.0NRT,279.61,4.6,N
45.34308,22.02058,315.83,0.38,0.43,2026-10-06,3,N21,VIIRS,n,2.0NRT,282.91,1.45,N
45.35339,30.90374,321.39,0.4,0.37,2026-10-06,3,N21,VIIRS,n,2.0NRT,273.87,0.97,N
45.37553,30.92893,306.91,0.4,0.37,2026-10-06,3,N21,VIIRS,n,2.0NRT,268.26,1.06,N
45.4246,19.66071,311.9,0.49,0.49,2026-10-06,3,N21,VIIRS,n,2.0NRT,277.67,2.22,N
45.43043,20.76924,298.9,0.44,0.46,2026-10-06,3,N21,VIIRS,n,2.0NRT,275.65,1.25,N
45.4309,20.76364,301.63,0.44,0.46,2026-10-06,3,N21,VIIRS,n,2.0NRT,275.86,0.88,N
45.44344,29.61091,315.53,0.39,0.36,2026-10-06,3,N21,VIIRS,n,2.0NRT,279.71,3.45,N
45.44423,29.60607,326.12,0.39,0.36,2026-10-06,3,N21,VIIRS,n,2.0NRT,280.25,5.23,N
45.4599,10.45569,295.38,0.71,0.75,2026-10-06,3,N21,VIIRS,n,2.0NRT,282.32,1.38,N
45.47779,27.06978,297.22,0.4,0.37,2026-10-06,3,N21,VIIRS,n,2.0NRT,282.23,0.51,N
45.51061,19.43974,296.83,0.51,0.49,2026-10-06,3,N21,VIIRS,n,2.0NRT,275.67,1.66,N
45.6276,29.76743,322.63,0.39,0.36,2026-10-06,3,N21,VIIRS,n,2.0NRT,281.83,1.78,N
45.66076,20.45646,296.08,0.46,0.47,2026-10-06,3,N21,VIIRS,n,2.0NRT,275.66,0.76,N
45.66961,10.1074,296.89,0.74,0.76,2026-10-06,3,N21,VIIRS,n,2.0NRT,281.16,1.62,N
45.92112,29.99024,295.54,0.39,0.36,2026-10-06,3,N21,VIIRS,n,2.0NRT,269.21,0.68,N
45.9497,25.28387,300.09,0.44,0.38,2026-10-06,3,N21,VIIRS,n,2.0NRT,280.08,1,N
46.00424,34.84415,296.78,0.5,0.41,2026-10-06,3,N21,VIIRS,n,2.0NRT,283.62,0.81,N
46.05983,42.80547,296.94,0.37,0.58,2026-10-06,3,N21,VIIRS,n,2.0NRT,278.25,0.8,N
46.11185,19.70196,321.3,0.5,0.49,2026-10-06,3,N21,VIIRS,n,2.0NRT,276.34,2.82,N
46.5756,33.1598,295,0.44,0.38,2026-10-06,3,N21,VIIRS,n,2.0NRT,280.63,0.91,N
46.73709,15.57187,296.36,0.4,0.6,2026-10-06,3,N21,VIIRS,n,2.0NRT,281.76,0.66,N
46.7709,48.13152,303.6,0.6,0.71,2026-10-06,3,N21,VIIRS,n,2.0NRT,277.75,2.46,N
46.77332,48.12443,308.55,0.6,0.71,2026-10-06,3,N21,VIIRS,n,2.0NRT,277.74,2.46,N
46.89545,26.02874,298.96,0.43,0.38,2026-10-06,3,N21,VIIRS,n,2.0NRT,277.88,0.99,N
47.03758,22.33322,301.34,0.39,0.44,2026-10-06,3,N21,VIIRS,n,2.0NRT,282.65,0.84,N
47.37739,15.07,298.5,0.43,0.62,2026-10-06,3,N21,VIIRS,n,2.0NRT,280.27,0.66,N
47.49623,34.4733,297.67,0.46,0.39,2026-10-06,3,N21,VIIRS,n,2.0NRT,278.73,0.41,N
47.83106,38.4743,302.3,0.43,0.46,2026-10-06,3,N21,VIIRS,n,2.0NRT,280.69,1.44,N
47.86118,35.14477,296.71,0.48,0.4,2026-10-06,3,N21,VIIRS,n,2.0NRT,283.38,1.8,N
48.05672,37.95292,303.98,0.4,0.44,2026-10-06,3,N21,VIIRS,n,2.0NRT,280.61,1.21,N
48.09874,37.92351,296.58,0.4,0.44,2026-10-06,3,N21,VIIRS,n,2.0NRT,280.76,0.8,N
48.15226,23.14431,328.51,0.56,0.43,2026-10-06,3,N21,VIIRS,n,2.0NRT,280.6,5.16,N
48.15277,23.14399,325.69,0.56,0.43,2026-10-06,3,N21,VIIRS,n,2.0NRT,280.2,4.64,N
48.25974,14.32874,298.89,0.47,0.64,2026-10-06,3,N21,VIIRS,n,2.0NRT,283.16,1.08,N
48.27135,14.34192,303.18,0.47,0.64,2026-10-06,3,N21,VIIRS,n,2.0NRT,282.51,3.31,N
48.27147,14.33559,325.81,0.47,0.64,2026-10-06,3,N21,VIIRS,n,2.0NRT,284.53,3.31,N
48.27727,14.34211,300.29,0.47,0.64,2026-10-06,3,N21,VIIRS,n,2.0NRT,284,3.84,N
48.27739,14.33577,331.93,0.47,0.64,2026-10-06,3,N21,VIIRS,n,2.0NRT,285.99,3.84,N
48.28341,14.3296,302.74,0.47,0.64,2026-10-06,3,N21,VIIRS,n,2.0NRT,283.85,2.89,N
48.28353,14.32323,306.86,0.47,0.64,2026-10-06,3,N21,VIIRS,n,2.0NRT,283.2,2.89,N
48.35531,37.26001,296.96,0.56,0.43,2026-10-06,3,N21,VIIRS,n,2.0NRT,279,1.46,N
48.35569,37.25987,295.59,0.56,0.43,2026-10-06,3,N21,VIIRS,n,2.0NRT,278.73,1.4,N
48.35736,37.21288,298.36,0.55,0.43,2026-10-06,3,N21,VIIRS,n,2.0NRT,277.63,1.36,N
48.45457,17.19371,295.13,0.35,0.56,2026-10-06,3,N21,VIIRS,n,2.0NRT,281.9,2.2,N
48.4591,17.19168,307.44,0.35,0.56,2026-10-06,3,N21,VIIRS,n,2.0NRT,281.91,1.6,N
48.46179,38.75478,301.65,0.42,0.45,2026-10-06,3,N21,VIIRS,n,2.0NRT,282.43,1.06,N
48.46367,38.75581,299.25,0.42,0.45,2026-10-06,3,N21,VIIRS,n,2.0NRT,281.94,2.3,N
48.46573,38.75696,297.63,0.42,0.45,2026-10-06,3,N21,VIIRS,n,2.0NRT,281.68,1.06,N
48.51725,35.97865,295.66,0.5,0.41,2026-10-06,3,N21,VIIRS,n,2.0NRT,279.73,1.04,N
48.54053,37.6856,295.03,0.57,0.43,2026-10-06,3,N21,VIIRS,n,2.0NRT,276.95,0.64,N
48.54714,38.60135,325.55,0.41,0.45,2026-10-06,3,N21,VIIRS,n,2.0NRT,279.47,2.35,N
48.60727,21.18015,318.94,0.45,0.47,2026-10-06,3,N21,VIIRS,n,2.0NRT,283.64,3.56,N
48.61016,21.19934,297.02,0.45,0.47,2026-10-06,3,N21,VIIRS,n,2.0NRT,282.24,2.17,N
48.61541,21.18784,324.19,0.45,0.47,2026-10-06,3,N21,VIIRS,n,2.0NRT,282.57,2.31,N
48.61972,21.18859,298.51,0.45,0.47,2026-10-06,3,N21,VIIRS,n,2.0NRT,280.05,2.31,N
48.74781,26.60234,303.03,0.43,0.38,2026-10-06,3,N21,VIIRS,n,2.0NRT,282.43,1.02,N
48.97584,24.71272,307.36,0.49,0.41,2026-10-06,3,N21,VIIRS,n,2.0NRT,282.44,2.22,N
49.15447,37.97547,299.53,0.57,0.43,2026-10-06,3,N21,VIIRS,n,2.0NRT,276.29,0.85,N
51.27196,11.65873,296.24,0.64,0.72,2026-10-06,3,N21,VIIRS,n,2.0NRT,278.57,1.63,N
52.15232,10.40224,338.2,0.72,0.76,2026-10-06,3,N21,VIIRS,n,2.0NRT,284.48,6.96,N
52.15398,10.39205,295.25,0.72,0.76,2026-10-06,3,N21,VIIRS,n,2.0NRT,284.27,6.63,N
52.15424,10.40263,335.93,0.72,0.76,2026-10-06,3,N21,VIIRS,n,2.0NRT,284.46,6.63,N
52.15961,10.41226,308.01,0.72,0.76,2026-10-06,3,N21,VIIRS,n,2.0NRT,283.52,6.96,N
52.16148,10.41261,306.93,0.72,0.76,2026-10-06,3,N21,VIIRS,n,2.0NRT,283.32,2.5,N
52.16174,10.42335,295.23,0.72,0.76,2026-10-06,3,N21,VIIRS,n,2.0NRT,282.79,2.5,N
52.17151,14.62737,302.96,0.47,0.64,2026-10-06,3,N21,VIIRS,n,2.0NRT,269.89,1.67,N
52.17165,14.61345,301.24,0.47,0.64,2026-10-06,3,N21,VIIRS,n,2.0NRT,272.27,2.54,N
52.40108,12.49925,296.29,0.59,0.7,2026-10-06,3,N21,VIIRS,n,2.0NRT,283.03,1.32,N
52.40127,12.49643,297.36,0.59,0.7,2026-10-06,3,N21,VIIRS,n,2.0NRT,283.32,1.26,N
36.71749,36.20329,304.11,0.63,0.54,2026-10-06,5,N21,VIIRS,n,2.0NRT,289.05,1.1,N
36.73179,36.20893,304.2,0.63,0.54,2026-10-06,5,N21,VIIRS,n,2.0NRT,291.33,3.21,N
36.77346,43.32705,302.8,0.75,0.77,2026-10-06,5,N21,VIIRS,n,2.0NRT,273.49,3.2,N
37.25183,30.4418,302.66,0.48,0.4,2026-10-06,5,N21,VIIRS,n,2.0NRT,284.03,1.68,N
37.29319,37.15718,305.66,0.34,0.56,2026-10-06,5,N21,VIIRS,n,2.0NRT,287.46,1.21,N
37.3502,37.16043,298.29,0.34,0.56,2026-10-06,5,N21,VIIRS,n,2.0NRT,286.42,1.38,N
37.7701,27.43679,301.11,0.39,0.36,2026-10-06,5,N21,VIIRS,n,2.0NRT,288.97,0.71,N
38.37389,24.05964,304.24,0.41,0.37,2026-10-06,5,N21,VIIRS,n,2.0NRT,286.74,1.19,N
38.42632,27.21609,303.58,0.39,0.36,2026-10-06,5,N21,VIIRS,n,2.0NRT,288.46,0.89,N
38.45593,27.26484,299.57,0.39,0.36,2026-10-06,5,N21,VIIRS,n,2.0NRT,287.8,0.8,N
38.65698,30.62057,297.36,0.46,0.39,2026-10-06,5,N21,VIIRS,n,2.0NRT,279.14,1.52,N
38.73631,26.94743,327.64,0.38,0.36,2026-10-06,5,N21,VIIRS,n,2.0NRT,291.3,3.63,N
38.737,26.94306,307.98,0.38,0.36,2026-10-06,5,N21,VIIRS,n,2.0NRT,290.06,1.6,N
38.7377,26.9387,298.33,0.38,0.36,2026-10-06,5,N21,VIIRS,n,2.0NRT,287.53,1.6,N
38.74076,26.96222,297.73,0.38,0.36,2026-10-06,5,N21,VIIRS,n,2.0NRT,287.69,0.64,N
38.74215,26.95349,320.92,0.38,0.36,2026-10-06,5,N21,VIIRS,n,2.0NRT,286.62,1.2,N
38.74284,26.94913,306.35,0.38,0.36,2026-10-06,5,N21,VIIRS,n,2.0NRT,287.81,1.2,N
38.75146,26.93772,306.25,0.38,0.36,2026-10-06,5,N21,VIIRS,n,2.0NRT,287.61,0.56,N
38.96835,33.10245,299.48,0.39,0.44,2026-10-06,5,N21,VIIRS,n,2.0NRT,280.03,0.88,N
39.08989,27.51348,308.53,0.39,0.36,2026-10-06,5,N21,VIIRS,n,2.0NRT,285.17,1.07,N
39.09061,27.50907,303.75,0.39,0.36,2026-10-06,5,N21,VIIRS,n,2.0NRT,284.79,1.07,N
39.09316,27.51439,311.9,0.39,0.36,2026-10-06,5,N21,VIIRS,n,2.0NRT,285.32,1.07,N
39.09388,27.50998,302.43,0.39,0.36,2026-10-06,5,N21,VIIRS,n,2.0NRT,284.43,1.07,N
39.11535,27.52496,326.77,0.39,0.36,2026-10-06,5,N21,VIIRS,n,2.0NRT,286.32,2.8,N
39.11607,27.52058,295.56,0.39,0.36,2026-10-06,5,N21,VIIRS,n,2.0NRT,283.29,0.47,N
39.16628,27.6333,298.21,0.39,0.36,2026-10-06,5,N21,VIIRS,n,2.0NRT,284.55,0.69,N
39.167,27.62889,298.32,0.39,0.36,2026-10-06,5,N21,VIIRS,n,2.0NRT,285.42,0.69,N
39.16883,22.84252,304.99,0.46,0.39,2026-10-06,5,N21,VIIRS,n,2.0NRT,284.45,2.03,N
39.18135,27.49934,301.46,0.39,0.36,2026-10-06,5,N21,VIIRS,n,2.0NRT,286.16,0.89,N
39.35312,22.98592,299.84,0.45,0.39,2026-10-06,5,N21,VIIRS,n,2.0NRT,287.8,1,N
39.48352,30.04301,304.04,0.43,0.38,2026-10-06,5,N21,VIIRS,n,2.0NRT,279.81,1.41,N
39.55469,33.75204,305.87,0.41,0.45,2026-10-06,5,N21,VIIRS,n,2.0NRT,278.72,1.5,N
39.6087,27.88073,303.16,0.39,0.36,2026-10-06,5,N21,VIIRS,n,2.0NRT,283.46,0.66,N
39.74473,30.1957,296.16,0.43,0.38,2026-10-06,5,N21,VIIRS,n,2.0NRT,280.05,0.93,N
39.86299,26.24368,295.94,0.39,0.36,2026-10-06,5,N21,VIIRS,n,2.0NRT,285.21,2.13,N
39.86627,26.2445,328.88,0.39,0.36,2026-10-06,5,N21,VIIRS,n,2.0NRT,288.1,2.13,N
40.18598,29.22662,295.58,0.41,0.37,2026-10-06,5,N21,VIIRS,n,2.0NRT,283.26,0.64,N
40.25969,30.04303,297.79,0.42,0.38,2026-10-06,5,N21,VIIRS,n,2.0NRT,282.74,0.64,N
40.40468,34.03994,302.33,0.4,0.44,2026-10-06,5,N21,VIIRS,n,2.0NRT,279.98,0.98,N
40.41045,19.55527,297.08,0.44,0.46,2026-10-06,5,N21,VIIRS,n,2.0NRT,272.06,1.61,N
40.41473,19.55568,295.98,0.44,0.46,2026-10-06,5,N21,VIIRS,n,2.0NRT,270.55,0.71,N
40.54205,17.43945,300.49,0.57,0.52,2026-10-06,5,N21,VIIRS,n,2.0NRT,284.21,1.75,N
40.75603,29.75803,323.44,0.41,0.37,2026-10-06,5,N21,VIIRS,n,2.0NRT,285.55,2.36,N
40.76413,29.52799,317.64,0.41,0.37,2026-10-06,5,N21,VIIRS,n,2.0NRT,289.15,2.51,N
40.76498,29.53006,317.12,0.41,0.37,2026-10-06,5,N21,VIIRS,n,2.0NRT,288.36,2.5,N
40.78077,29.59958,309.81,0.41,0.37,2026-10-06,5,N21,VIIRS,n,2.0NRT,288.41,1.24,N
41.01428,27.95981,299.35,0.39,0.36,2026-10-06,5,N21,VIIRS,n,2.0NRT,285.7,0.66,N
41.01918,28.55749,308.83,0.39,0.36,2026-10-06,5,N21,VIIRS,n,2.0NRT,286.41,1.28,N
41.01994,28.55291,307.57,0.39,0.36,2026-10-06,5,N21,VIIRS,n,2.0NRT,285.41,1.28,N
41.13997,26.78456,301.29,0.39,0.36,2026-10-06,5,N21,VIIRS,n,2.0NRT,279,0.7,N
41.15087,26.82518,304.34,0.39,0.36,2026-10-06,5,N21,VIIRS,n,2.0NRT,280.19,0.79,N
41.17198,32.63256,297.79,0.51,0.41,2026-10-06,5,N21,VIIRS,n,2.0NRT,280.75,2.34,N
41.17305,32.63351,300.55,0.51,0.41,2026-10-06,5,N21,VIIRS,n,2.0NRT,281.51,2.4,N
41.17562,32.63393,320.72,0.51,0.41,2026-10-06,5,N21,VIIRS,n,2.0NRT,283.72,2.34,N
41.1767,32.63486,327.39,0.51,0.41,2026-10-06,5,N21,VIIRS,n,2.0NRT,284.62,2.4,N
41.19122,32.62143,321.1,0.5,0.41,2026-10-06,5,N21,VIIRS,n,2.0NRT,280.98,3.49,N
41.2496,27.34132,298.37,0.38,0.36,2026-10-06,5,N21,VIIRS,n,2.0NRT,277.25,0.75,N
41.25432,31.41523,326.34,0.45,0.39,2026-10-06,5,N21,VIIRS,n,2.0NRT,284.08,2.15,N
41.26378,31.42409,305.99,0.45,0.39,2026-10-06,5,N21,VIIRS,n,2.0NRT,287.6,1.73,N
41.26727,31.42526,303.34,0.45,0.39,2026-10-06,5,N21,VIIRS,n,2.0NRT,285.51,1.26,N
41.29,15.52736,295.18,0.37,0.58,2026-10-06,5,N21,VIIRS,n,2.0NRT,279.71,0.45,N
41.33095,26.0173,295.49,0.39,0.36,2026-10-06,5,N21,VIIRS,n,2.0NRT,281.16,0.57,N
41.33426,26.01814,296.76,0.39,0.36,2026-10-06,5,N21,VIIRS,n,2.0NRT,281.43,1.17,N
41.33956,26.02906,296.4,0.39,0.36,2026-10-06,5,N21,VIIRS,n,2.0NRT,284.09,1.14,N
41.34021,26.02444,307.43,0.39,0.36,2026-10-06,5,N21,VIIRS,n,2.0NRT,282.68,1.14,N
41.34286,26.02993,309.14,0.39,0.36,2026-10-06,5,N21,VIIRS,n,2.0NRT,284.07,1.14,N
41.34352,26.0253,315.16,0.39,0.36,2026-10-06,5,N21,VIIRS,n,2.0NRT,284.3,1.14,N
41.44054,15.58451,297.2,0.37,0.58,2026-10-06,5,N21,VIIRS,n,2.0NRT,282.14,0.53,N
41.45442,26.71381,301.22,0.39,0.36,2026-10-06,5,N21,VIIRS,n,2.0NRT,280.39,0.53,N
41.51399,15.58384,297.87,0.37,0.58,2026-10-06,5,N21,VIIRS,n,2.0NRT,281.47,0.72,N
41.63045,27.68408,301.06,0.38,0.36,2026-10-06,5,N21,VIIRS,n,2.0NRT,283.06,0.72,N
41.63397,27.50645,296.38,0.38,0.36,2026-10-06,5,N21,VIIRS,n,2.0NRT,283.26,0.69,N
41.67281,20.16463,297.62,0.43,0.46,2026-10-06,5,N21,VIIRS,n,2.0NRT,272.2,1.35,N
41.71659,21.45748,308.63,0.56,0.43,2026-10-06,5,N21,VIIRS,n,2.0NRT,279.33,3.43,N
41.71717,21.45177,304.96,0.56,0.43,2026-10-06,5,N21,VIIRS,n,2.0NRT,276.83,2.01,N
41.74479,26.87123,297.15,0.39,0.36,2026-10-06,5,N21,VIIRS,n,2.0NRT,279.68,0.74,N
41.79731,26.70185,304.47,0.39,0.36,2026-10-06,5,N21,VIIRS,n,2.0NRT,282.53,0.93,N
41.84936,21.44297,296.62,0.56,0.43,2026-10-06,5,N21,VIIRS,n,2.0NRT,282.34,1.12,N
42.14098,21.50892,322.32,0.56,0.43,2026-10-06,5,N21,VIIRS,n,2.0NRT,279.96,3.51,N
42.14436,21.51501,323.83,0.56,0.43,2026-10-06,5,N21,VIIRS,n,2.0NRT,282.89,3.51,N
42.14495,21.50916,314.86,0.56,0.43,2026-10-06,5,N21,VIIRS,n,2.0NRT,281.86,3.51,N
42.14773,21.52122,313.87,0.56,0.43,2026-10-06,5,N21,VIIRS,n,2.0NRT,283.17,2.08,N
42.15169,21.52157,296.56,0.56,0.43,2026-10-06,5,N21,VIIRS,n,2.0NRT,281.31,2.08,N
42.1523,21.5155,329.84,0.56,0.43,2026-10-06,5,N21,VIIRS,n,2.0NRT,285.7,7.63,N
42.15895,19.55977,296.76,0.46,0.47,2026-10-06,5,N21,VIIRS,n,2.0NRT,283.45,1.17,N
42.16007,19.56165,302.6,0.46,0.47,2026-10-06,5,N21,VIIRS,n,2.0NRT,283.63,1.24,N
42.16333,21.52475,327.15,0.56,0.43,2026-10-06,5,N21,VIIRS,n,2.0NRT,278.21,1.92,N
42.16722,21.52581,297.61,0.56,0.43,2026-10-06,5,N21,VIIRS,n,2.0NRT,274.8,1.92,N
42.26216,25.75982,303.54,0.4,0.37,2026-10-06,5,N21,VIIRS,n,2.0NRT,276.8,0.94,N
42.30522,21.01165,307.98,0.39,0.44,2026-10-06,5,N21,VIIRS,n,2.0NRT,273.31,2.52,N
42.30965,21.00819,326.53,0.39,0.44,2026-10-06,5,N21,VIIRS,n,2.0NRT,272.05,2.52,N
42.45085,22.25929,320.93,0.52,0.42,2026-10-06,5,N21,VIIRS,n,2.0NRT,282.88,3.74,N
42.45099,22.26557,300.98,0.52,0.42,2026-10-06,5,N21,VIIRS,n,2.0NRT,279.32,0.78,N
42.45151,22.25295,312.98,0.52,0.42,2026-10-06,5,N21,VIIRS,n,2.0NRT,284.35,2.23,N
42.45168,22.25927,326.06,0.52,0.42,2026-10-06,5,N21,VIIRS,n,2.0NRT,283.26,4.13,N
42.45219,22.24643,305.53,0.52,0.42,2026-10-06,5,N21,VIIRS,n,2.0NRT,282.55,2.23,N
42.45237,22.25294,321.28,0.52,0.42,2026-10-06,5,N21,VIIRS,n,2.0NRT,285.22,4.13,N
42.45309,22.24643,319.58,0.52,0.42,2026-10-06,5,N21,VIIRS,n,2.0NRT,283.56,3.17,N
42.45395,22.26672,297.31,0.52,0.42,2026-10-06,5,N21,VIIRS,n,2.0NRT,276.24,1.42,N
42.45527,22.25411,329.16,0.52,0.42,2026-10-06,5,N21,VIIRS,n,2.0NRT,283.54,4.46,N
42.45594,22.24763,323.91,0.52,0.42,2026-10-06,5,N21,VIIRS,n,2.0NRT,283.73,4.46,N
42.54777,27.3442,295.32,0.39,0.36,2026-10-06,5,N21,VIIRS,n,2.0NRT,284.75,0.86,N
42.61101,21.00558,296.76,0.4,0.44,2026-10-06,5,N21,VIIRS,n,2.0NRT,272.06,0.48,N
42.71405,24.17155,325.87,0.45,0.39,2026-10-06,5,N21,VIIRS,n,2.0NRT,280.73,2.26,N
42.81814,21.08156,315.62,0.4,0.44,2026-10-06,5,N21,VIIRS,n,2.0NRT,276.48,2.41,N
42.90653,20.97207,302.57,0.4,0.44,2026-10-06,5,N21,VIIRS,n,2.0NRT,277.51,1.84,N
42.908,18.91402,320.83,0.51,0.49,2026-10-06,5,N21,VIIRS,n,2.0NRT,283.35,2.48,N
42.90847,18.90792,297.79,0.51,0.49,2026-10-06,5,N21,VIIRS,n,2.0NRT,280.89,2.48,N
42.91249,18.91517,321.59,0.51,0.49,2026-10-06,5,N21,VIIRS,n,2.0NRT,283.1,4.18,N
42.91486,18.8838,299.97,0.51,0.49,2026-10-06,5,N21,VIIRS,n,2.0NRT,280.03,1.71,N
42.91703,18.91561,338.13,0.51,0.49,2026-10-06,5,N21,VIIRS,n,2.0NRT,284.23,4.18,N
42.91744,18.91015,310.33,0.51,0.49,2026-10-06,5,N21,VIIRS,n,2.0NRT,280.81,4.18,N
42.9198,18.87898,295.16,0.51,0.49,2026-10-06,5,N21,VIIRS,n,2.0NRT,278.99,1.52,N
42.9269,18.90599,315.07,0.51,0.49,2026-10-06,5,N21,VIIRS,n,2.0NRT,280.43,2.77,N
42.9273,18.90074,311.84,0.51,0.49,2026-10-06,5,N21,VIIRS,n,2.0NRT,279.38,2.77,N
42.92772,18.89524,306.12,0.51,0.49,2026-10-06,5,N21,VIIRS,n,2.0NRT,277.73,2.34,N
42.92818,18.88908,312.28,0.51,0.49,2026-10-06,5,N21,VIIRS,n,2.0NRT,278.38,2.34,N
42.92923,18.87542,297.97,0.51,0.49,2026-10-06,5,N21,VIIRS,n,2.0NRT,278.94,1.89,N
42.93223,18.89594,296.01,0.51,0.49,2026-10-06,5,N21,VIIRS,n,2.0NRT,277.76,5.23,N
42.93267,18.89014,346.8,0.51,0.49,2026-10-06,5,N21,VIIRS,n,2.0NRT,285.79,5.23,N
42.93316,18.88381,331.55,0.51,0.49,2026-10-06,5,N21,VIIRS,n,2.0NRT,281.45,6.26,N
42.93369,18.87698,324.39,0.51,0.49,2026-10-06,5,N21,VIIRS,n,2.0NRT,281.35,6.26,N
42.93421,18.87008,327.57,0.51,0.49,2026-10-06,5,N21,VIIRS,n,2.0NRT,279.49,4.5,N
42.9372,18.89083,304.76,0.51,0.49,2026-10-06,5,N21,VIIRS,n,2.0NRT,278.99,5.23,N
42.93765,18.88493,354.52,0.51,0.49,2026-10-06,5,N21,VIIRS,n,2.0NRT,283.5,6.26,N
42.93816,18.87826,298.11,0.51,0.49,2026-10-06,5,N21,VIIRS,n,2.0NRT,276.74,6.26,N
42.93869,18.87139,324.73,0.51,0.49,2026-10-06,5,N21,VIIRS,n,2.0NRT,276.12,4.5,N
42.9737,19.15248,322.02,0.49,0.49,2026-10-06,5,N21,VIIRS,n,2.0NRT,273.66,0.33,N
43.07517,17.6138,298.18,0.59,0.53,2026-10-06,5,N21,VIIRS,n,2.0NRT,282.22,0.81,N
43.12909,18.54516,298.49,0.53,0.5,2026-10-06,5,N21,VIIRS,n,2.0NRT,274.38,1.23,N
43.13371,18.54578,296.82,0.53,0.5,2026-10-06,5,N21,VIIRS,n,2.0NRT,273.31,0.91,N
43.23085,27.59553,306.33,0.39,0.36,2026-10-06,5,N21,VIIRS,n,2.0NRT,281.09,0.8,N
43.23369,24.19895,298.54,0.45,0.39,2026-10-06,5,N21,VIIRS,n,2.0NRT,276.53,0.91,N
43.2379,24.19422,302.1,0.45,0.39,2026-10-06,5,N21,VIIRS,n,2.0NRT,276.04,0.87,N
43.28803,22.42015,311.79,0.52,0.42,2026-10-06,5,N21,VIIRS,n,2.0NRT,280.98,1.8,N
43.29058,22.42094,309.96,0.52,0.42,2026-10-06,5,N21,VIIRS,n,2.0NRT,280.48,1.84,N
43.45768,19.22161,302.99,0.5,0.49,2026-10-06,5,N21,VIIRS,n,2.0NRT,273.74,1.72,N
43.56815,24.35854,305.81,0.45,0.39,2026-10-06,5,N21,VIIRS,n,2.0NRT,278.2,1.34,N
43.63081,23.34248,298.21,0.49,0.4,2026-10-06,5,N21,VIIRS,n,2.0NRT,277.21,0.92,N
43.71749,17.89682,299.14,0.58,0.52,2026-10-06,5,N21,VIIRS,n,2.0NRT,280.38,1.47,N
43.72181,17.90513,301.05,0.58,0.52,2026-10-06,5,N21,VIIRS,n,2.0NRT,280.72,1.47,N
43.72656,17.90658,296.89,0.58,0.52,2026-10-06,5,N21,VIIRS,n,2.0NRT,280.41,1.54,N
43.98014,23.05958,308.62,0.5,0.41,2026-10-06,5,N21,VIIRS,n,2.0NRT,276.55,2.05,N
43.98065,23.06126,295.64,0.5,0.41,2026-10-06,5,N21,VIIRS,n,2.0NRT,275.76,1.14,N
44.10485,24.05351,305.81,0.46,0.39,2026-10-06,5,N21,VIIRS,n,2.0NRT,276.98,1.02,N
44.10844,24.05433,297.78,0.46,0.39,2026-10-06,5,N21,VIIRS,n,2.0NRT,277.71,1.02,N
44.26709,22.40659,296.36,0.54,0.42,2026-10-06,5,N21,VIIRS,n,2.0NRT,281.96,1.61,N
44.26775,22.39996,307.04,0.54,0.42,2026-10-06,5,N21,VIIRS,n,2.0NRT,281.53,1.35,N
44.32697,22.87569,299.59,0.52,0.41,2026-10-06,5,N21,VIIRS,n,2.0NRT,275.34,0.93,N
44.3348,22.72417,324.02,0.52,0.42,2026-10-06,5,N21,VIIRS,n,2.0NRT,277,5.56,N
44.33614,22.72309,327.09,0.52,0.42,2026-10-06,5,N21,VIIRS,n,2.0NRT,277.06,2.99,N
44.34387,22.89885,304.83,0.52,0.41,2026-10-06,5,N21,VIIRS,n,2.0NRT,277.23,1.25,N
44.35304,22.84808,298.78,0.52,0.41,2026-10-06,5,N21,VIIRS,n,2.0NRT,276.81,1.02,N
44.55866,22.79064,311.48,0.52,0.42,2026-10-06,5,N21,VIIRS,n,2.0NRT,284.71,1.98,N
44.97031,19.43166,313.61,0.5,0.49,2026-10-06,5,N21,VIIRS,n,2.0NRT,276.28,1.57,N
29.47582,31.16298,300.08,0.48,0.48,2026-10-06,7,N21,VIIRS,n,2.0NRT,289.84,0.74,N
29.62733,29.47007,301.95,0.38,0.43,2026-10-06,7,N21,VIIRS,n,2.0NRT,287.5,0.76,N
29.62886,29.46232,297.97,0.38,0.43,2026-10-06,7,N21,VIIRS,n,2.0NRT,287.41,0.74,N
29.82136,31.30851,312.35,0.48,0.48,2026-10-06,7,N21,VIIRS,n,2.0NRT,293.56,1.99,N
29.82191,31.30982,317.05,0.48,0.48,2026-10-06,7,N21,VIIRS,n,2.0NRT,294.1,2.54,N
29.84988,27.94949,323.39,0.48,0.4,2026-10-06,7,N21,VIIRS,n,2.0NRT,289.24,2.79,N
30.10615,31.26877,303.34,0.47,0.48,2026-10-06,7,N21,VIIRS,n,2.0NRT,291.03,0.64,N
30.36189,27.36126,296.87,0.45,0.39,2026-10-06,7,N21,VIIRS,n,2.0NRT,286.59,0.57,N
30.36733,27.22966,318.2,0.44,0.39,2026-10-06,7,N21,VIIRS,n,2.0NRT,285.85,2.11,N
30.38093,30.56669,302.89,0.42,0.46,2026-10-06,7,N21,VIIRS,n,2.0NRT,290.05,1.09,N
30.39372,30.58862,309.83,0.43,0.46,2026-10-06,7,N21,VIIRS,n,2.0NRT,290.17,1.26,N
30.50339,25.92224,301.1,0.4,0.37,2026-10-06,7,N21,VIIRS,n,2.0NRT,286.03,0.65,N
30.52993,26.08211,305.96,0.41,0.37,2026-10-06,7,N21,VIIRS,n,2.0NRT,286.68,0.99,N
30.53186,26.09122,312.25,0.41,0.37,2026-10-06,7,N21,VIIRS,n,2.0NRT,287.41,1.48,N
30.53329,26.08287,309.73,0.41,0.37,2026-10-06,7,N21,VIIRS,n,2.0NRT,287.59,0.99,N
30.53508,28.49489,298.44,0.5,0.41,2026-10-06,7,N21,VIIRS,n,2.0NRT,287.08,0.46,N
30.55694,31.03617,303.61,0.45,0.47,2026-10-06,7,N21,VIIRS,n,2.0NRT,287.96,0.58,N
30.65775,31.24868,299.34,0.46,0.47,2026-10-06,7,N21,VIIRS,n,2.0NRT,288.1,0.69,N
30.67129,26.36987,304.77,0.41,0.37,2026-10-06,7,N21,VIIRS,n,2.0NRT,286.33,0.64,N
30.70169,27.72571,300.95,0.46,0.39,2026-10-06,7,N21,VIIRS,n,2.0NRT,286.6,0.6,N
30.73483,27.24435,303.11,0.44,0.38,2026-10-06,7,N21,VIIRS,n,2.0NRT,285.97,0.7,N
30.74133,27.07956,298.62,0.43,0.38,2026-10-06,7,N21,VIIRS,n,2.0NRT,285.76,0.37,N
30.75957,27.4686,316.57,0.45,0.39,2026-10-06,7,N21,VIIRS,n,2.0NRT,286.23,1.74,N
30.76078,27.10118,300.34,0.43,0.38,2026-10-06,7,N21,VIIRS,n,2.0NRT,286.68,0.94,N
30.77033,27.10812,306.08,0.43,0.38,2026-10-06,7,N21,VIIRS,n,2.0NRT,287.3,1.58,N
30.82335,26.46964,305.22,0.41,0.37,2026-10-06,7,N21,VIIRS,n,2.0NRT,286.58,0.89,N
30.84036,28.66526,299.78,0.5,0.41,2026-10-06,7,N21,VIIRS,n,2.0NRT,287.18,1.3,N
30.85332,26.62243,304.33,0.42,0.37,2026-10-06,7,N21,VIIRS,n,2.0NRT,286.56,0.57,N
30.88074,29.46483,296.17,0.55,0.42,2026-10-06,7,N21,VIIRS,n,2.0NRT,281.82,1.4,N
30.93439,27.55437,306.16,0.45,0.39,2026-10-06,7,N21,VIIRS,n,2.0NRT,287.68,1.09,N
30.96987,27.33913,297.41,0.44,0.38,2026-10-06,7,N21,VIIRS,n,2.0NRT,286.35,0.49,N
31.02722,29.75128,302.67,0.56,0.43,2026-10-06,7,N21,VIIRS,n,2.0NRT,290.25,1.98,N
31.02733,29.75198,301.61,0.56,0.43,2026-10-06,7,N21,VIIRS,n,2.0NRT,290.48,0.9,N
31.09398,29.86784,300.12,0.57,0.43,2026-10-06,7,N21,VIIRS,n,2.0NRT,289.16,0.91,N
31.10699,27.40903,314.08,0.44,0.38,2026-10-06,7,N21,VIIRS,n,2.0NRT,287,1.49,N
31.28014,31.64891,301.04,0.47,0.48,2026-10-06,7,N21,VIIRS,n,2.0NRT,289.12,1.35,N
31.30375,30.32546,315.98,0.4,0.44,2026-10-06,7,N21,VIIRS,n,2.0NRT,288.79,1.37,N
31.30772,30.32656,305.91,0.4,0.44,2026-10-06,7,N21,VIIRS,n,2.0NRT,287.72,1.37,N
31.35136,30.31741,306.45,0.4,0.44,2026-10-06,7,N21,VIIRS,n,2.0NRT,289.5,0.7,N
32.00594,20.13225,314.23,0.5,0.41,2026-10-06,7,N21,VIIRS,n,2.0NRT,291.03,1.7,N
32.05783,23.9813,302.38,0.39,0.36,2026-10-06,7,N21,VIIRS,n,2.0NRT,289.69,0.69,N
32.19938,20.13033,305.82,0.5,0.41,2026-10-06,7,N21,VIIRS,n,2.0NRT,290.42,1.1,N
32.20311,20.13095,306.73,0.5,0.41,2026-10-06,7,N21,VIIRS,n,2.0NRT,292.16,1.52,N
32.32673,15.21798,309.73,0.63,0.54,2026-10-06,7,N21,VIIRS,n,2.0NRT,291.18,2.31,N
32.32958,15.24507,304.48,0.62,0.54,2026-10-06,7,N21,VIIRS,n,2.0NRT,291.49,2.65,N
32.61452,22.72752,327.04,0.41,0.37,2026-10-06,7,N21,VIIRS,n,2.0NRT,290.04,3.82,N
32.62176,14.32707,306.19,0.36,0.57,2026-10-06,7,N21,VIIRS,n,2.0NRT,290.37,0.88,N
32.62703,14.32744,305.31,0.36,0.57,2026-10-06,7,N21,VIIRS,n,2.0NRT,291.11,0.88,N
32.70803,13.63852,304.85,0.39,0.59,2026-10-06,7,N21,VIIRS,n,2.0NRT,288.09,1.2,N
32.78813,12.6719,301.34,0.45,0.63,2026-10-06,7,N21,VIIRS,n,2.0NRT,289.89,1.25,N
32.78885,12.67138,300.82,0.45,0.63,2026-10-06,7,N21,VIIRS,n,2.0NRT,289.87,1.34,N
32.82325,12.9719,302.29,0.43,0.62,2026-10-06,7,N21,VIIRS,n,2.0NRT,290.61,0.71,N
33.85826,12.05721,332.65,0.5,0.66,2026-10-06,7,N21,VIIRS,n,2.0NRT,294.65,3.61,N
33.85851,12.05181,314.88,0.5,0.66,2026-10-06,7,N21,VIIRS,n,2.0NRT,294.26,3.61,N
33.89088,12.60283,336.57,0.46,0.64,2026-10-06,7,N21,VIIRS,n,2.0NRT,292.87,3.77,N
34.99926,25.47215,311.72,0.38,0.36,2026-10-06,7,N21,VIIRS,n,2.0NRT,288.52,1.25,N
37.55529,13.77186,300.02,0.43,0.62,2026-10-06,7,N21,VIIRS,n,2.0NRT,283.05,1.04,N
37.55815,13.76979,307.68,0.43,0.62,2026-10-06,7,N21,VIIRS,n,2.0NRT,283.42,1.54,N
37.60376,13.88385,297.5,0.42,0.61,2026-10-06,7,N21,VIIRS,n,2.0NRT,280.94,1.05,N
38.03363,23.5934,299.83,0.42,0.38,2026-10-06,7,N21,VIIRS,n,2.0NRT,287.42,0.79,N
38.13011,23.52301,311.18,0.42,0.38,2026-10-06,7,N21,VIIRS,n,2.0NRT,287.01,1.95,N
26.03102,11.97606,324.55,0.43,0.62,2026-10-06,9,N21,VIIRS,n,2.0NRT,287.43,2.9,N
26.2563,32.97147,301.28,0.36,0.57,2026-10-06,9,N21,VIIRS,n,2.0NRT,281.19,0.47,N
26.43507,11.84883,311.84,0.44,0.62,2026-10-06,9,N21,VIIRS,n,2.0NRT,288.08,1.34,N
26.56382,12.678,300.38,0.39,0.59,2026-10-06,9,N21,VIIRS,n,2.0NRT,289.03,0.61,N
26.56545,12.67733,300.08,0.39,0.59,2026-10-06,9,N21,VIIRS,n,2.0NRT,288.87,0.64,N
26.58071,12.21309,301.57,0.42,0.61,2026-10-06,9,N21,VIIRS,n,2.0NRT,286.67,2.76,N
26.58105,12.20892,331.4,0.42,0.61,2026-10-06,9,N21,VIIRS,n,2.0NRT,288.79,3.93,N
26.70036,12.4518,367,0.4,0.6,2026-10-06,9,N21,VIIRS,h,2.0NRT,288.78,8.97,N
26.75379,12.41169,367,0.41,0.6,2026-10-06,9,N21,VIIRS,h,2.0NRT,292.34,7.32,N
26.75933,12.41232,300.25,0.41,0.6,2026-10-06,9,N21,VIIRS,n,2.0NRT,286.54,7.32,N
27.16947,31.01559,309.99,0.52,0.5,2026-10-06,9,N21,VIIRS,n,2.0NRT,291.97,3.22,N
27.40832,8.83645,302.1,0.69,0.74,2026-10-06,9,N21,VIIRS,n,2.0NRT,287.32,1.13,N
27.57266,22.33983,316.02,0.39,0.36,2026-10-06,9,N21,VIIRS,n,2.0NRT,288.36,1.11,N
27.58373,22.40218,327.66,0.39,0.36,2026-10-06,9,N21,VIIRS,n,2.0NRT,292.11,8.09,N
27.59382,21.61814,326.02,0.4,0.37,2026-10-06,9,N21,VIIRS,n,2.0NRT,291.01,2.79,N
27.59572,21.61793,326.96,0.4,0.37,2026-10-06,9,N21,VIIRS,n,2.0NRT,290.78,2.83,N
27.61734,9.87099,301.3,0.6,0.71,2026-10-06,9,N21,VIIRS,n,2.0NRT,286.72,1.31,N
27.61777,9.87179,302.57,0.6,0.71,2026-10-06,9,N21,VIIRS,n,2.0NRT,286.89,1,N
27.64378,22.50085,338.03,0.39,0.36,2026-10-06,9,N21,VIIRS,n,2.0NRT,292.62,7.55,N
27.64671,22.48135,328.41,0.39,0.36,2026-10-06,9,N21,VIIRS,n,2.0NRT,292.6,5.99,N
27.64709,22.50148,338.25,0.39,0.36,2026-10-06,9,N21,VIIRS,n,2.0NRT,289.56,7.55,N
27.66966,9.87522,307.42,0.6,0.71,2026-10-06,9,N21,VIIRS,n,2.0NRT,286.59,1.92,N
27.70313,9.17268,310.62,0.66,0.73,2026-10-06,9,N21,VIIRS,n,2.0NRT,287.72,2.5,N
27.72156,9.87871,300.04,0.6,0.71,2026-10-06,9,N21,VIIRS,n,2.0NRT,287.06,10.92,N
27.72211,9.87926,329.63,0.6,0.71,2026-10-06,9,N21,VIIRS,n,2.0NRT,287.78,11.45,N
27.72805,9.87903,367,0.6,0.71,2026-10-06,9,N21,VIIRS,h,2.0NRT,289.16,10.92,N
27.72861,9.87961,351.27,0.6,0.71,2026-10-06,9,N21,VIIRS,n,2.0NRT,287.51,11.45,N
27.7328,9.17992,326.11,0.66,0.73,2026-10-06,9,N21,VIIRS,n,2.0NRT,286.75,3.96,N
27.73652,9.1805,323.33,0.66,0.73,2026-10-06,9,N21,VIIRS,n,2.0NRT,286.67,4.31,N
27.81354,22.43506,327.55,0.39,0.36,2026-10-06,9,N21,VIIRS,n,2.0NRT,290.3,3.55,N
27.94394,22.38178,325.01,0.39,0.36,2026-10-06,9,N21,VIIRS,n,2.0NRT,288.11,1.16,N
27.98206,19.90697,300.24,0.46,0.39,2026-10-06,9,N21,VIIRS,n,2.0NRT,287.95,5.82,N
27.98266,19.90229,328.12,0.46,0.39,2026-10-06,9,N21,VIIRS,n,2.0NRT,293.51,5.82,N
27.98565,19.90756,318.47,0.46,0.39,2026-10-06,9,N21,VIIRS,n,2.0NRT,288.21,4.17,N
27.98626,19.90287,328.44,0.46,0.39,2026-10-06,9,N21,VIIRS,n,2.0NRT,290.62,4.17,N
27.9864,22.32491,338.02,0.39,0.36,2026-10-06,9,N21,VIIRS,n,2.0NRT,293.12,14.31,N
28.05662,19.91189,328.77,0.46,0.39,2026-10-06,9,N21,VIIRS,n,2.0NRT,291.5,7.15,N
28.08038,9.78616,367,0.61,0.71,2026-10-06,9,N21,VIIRS,h,2.0NRT,288.14,14.45,N
28.10336,19.24951,310.13,0.5,0.41,2026-10-06,9,N21,VIIRS,n,2.0NRT,287.84,2.16,N
28.12942,18.79081,316.34,0.52,0.42,2026-10-06,9,N21,VIIRS,n,2.0NRT,288.51,2.26,N
28.19074,9.80328,310.01,0.61,0.71,2026-10-06,9,N21,VIIRS,n,2.0NRT,285.93,1.87,N
28.20833,19.91571,313.3,0.46,0.39,2026-10-06,9,N21,VIIRS,n,2.0NRT,288.63,1,N
28.23588,18.0964,303.34,0.57,0.43,2026-10-06,9,N21,VIIRS,n,2.0NRT,287.53,1.32,N
28.37192,21.94255,316.54,0.4,0.37,2026-10-06,9,N21,VIIRS,n,2.0NRT,288.77,1.43,N
28.3725,21.9385,312.04,0.4,0.37,2026-10-06,9,N21,VIIRS,n,2.0NRT,288.54,1.43,N
28.43274,19.58913,327.4,0.48,0.4,2026-10-06,9,N21,VIIRS,n,2.0NRT,289.27,9.54,N
28.44909,9.13613,330.21,0.68,0.74,2026-10-06,9,N21,VIIRS,n,2.0NRT,285.95,5.42,N
28.45089,9.13864,310.69,0.68,0.74,2026-10-06,9,N21,VIIRS,n,2.0NRT,284.77,2.73,N
28.45121,9.13168,303.2,0.68,0.74,2026-10-06,9,N21,VIIRS,n,2.0NRT,285.44,2.73,N
28.45237,19.52193,300.48,0.49,0.4,2026-10-06,9,N21,VIIRS,n,2.0NRT,287.86,1.08,N
28.52684,9.11861,314,0.68,0.74,2026-10-06,9,N21,VIIRS,n,2.0NRT,286.49,2.99,N
28.54946,9.20981,298.01,0.67,0.74,2026-10-06,9,N21,VIIRS,n,2.0NRT,286.22,0.55,N
28.58198,17.33286,328.09,0.42,0.46,2026-10-06,9,N21,VIIRS,n,2.0NRT,288.19,9.98,N
28.58244,17.32853,336.77,0.43,0.46,2026-10-06,9,N21,VIIRS,n,2.0NRT,288.64,9.98,N
28.62998,9.78259,301.94,0.62,0.71,2026-10-06,9,N21,VIIRS,n,2.0NRT,285.56,1.78,N
28.63545,9.78351,316.88,0.62,0.71,2026-10-06,9,N21,VIIRS,n,2.0NRT,286.63,4.41,N
28.63577,9.7772,297.43,0.62,0.71,2026-10-06,9,N21,VIIRS,n,2.0NRT,285.49,1.83,N
28.63655,9.78299,307.42,0.62,0.71,2026-10-06,9,N21,VIIRS,n,2.0NRT,286.43,1.78,N
28.68215,21.4606,329.72,0.41,0.37,2026-10-06,9,N21,VIIRS,n,2.0NRT,289.67,3.95,N
28.69634,22.37437,300.7,0.39,0.36,2026-10-06,9,N21,VIIRS,n,2.0NRT,288.37,0.48,N
28.70419,21.37834,307.76,0.42,0.37,2026-10-06,9,N21,VIIRS,n,2.0NRT,290.05,0.78,N
28.71043,21.38376,320.43,0.42,0.37,2026-10-06,9,N21,VIIRS,n,2.0NRT,289.8,2.31,N
28.71122,21.45575,318.41,0.41,0.37,2026-10-06,9,N21,VIIRS,n,2.0NRT,290.61,1.84,N
28.7118,21.45156,315.67,0.41,0.37,2026-10-06,9,N21,VIIRS,n,2.0NRT,289.67,1.86,N
28.73334,9.78607,332.89,0.62,0.72,2026-10-06,9,N21,VIIRS,n,2.0NRT,286.15,6.04,N
28.73401,9.78986,318.25,0.62,0.71,2026-10-06,9,N21,VIIRS,n,2.0NRT,285.74,4.42,N
28.73436,9.78352,308.81,0.62,0.71,2026-10-06,9,N21,VIIRS,n,2.0NRT,285.45,4.32,N
28.75651,22.797,305.95,0.39,0.36,2026-10-06,9,N21,VIIRS,n,2.0NRT,288.57,0.82,N
28.78247,22.45977,303.07,0.39,0.36,2026-10-06,9,N21,VIIRS,n,2.0NRT,288.36,0.76,N
28.81881,22.25669,326.86,0.4,0.37,2026-10-06,9,N21,VIIRS,n,2.0NRT,288.94,3.03,N
28.81883,9.91182,298.62,0.61,0.71,2026-10-06,9,N21,VIIRS,n,2.0NRT,284.8,2.03,N
28.83071,22.12618,311.53,0.4,0.37,2026-10-06,9,N21,VIIRS,n,2.0NRT,288.13,0.92,N
28.83405,22.1268,299.31,0.4,0.37,2026-10-06,9,N21,VIIRS,n,2.0NRT,287.8,0.87,N
28.86319,9.93374,296.63,0.61,0.71,2026-10-06,9,N21,VIIRS,n,2.0NRT,285.2,0.8,N
28.8693,21.22157,327.9,0.42,0.38,2026-10-06,9,N21,VIIRS,n,2.0NRT,290.6,2.64,N
28.89058,20.9593,322.27,0.43,0.38,2026-10-06,9,N21,VIIRS,n,2.0NRT,290.26,2.08,N
28.89416,9.96707,295.45,0.61,0.71,2026-10-06,9,N21,VIIRS,n,2.0NRT,285.21,0.52,N
28.9052,19.77465,305.38,0.48,0.4,2026-10-06,9,N21,VIIRS,n,2.0NRT,290.29,43.97,N
28.90563,20.95295,327.27,0.43,0.38,2026-10-06,9,N21,VIIRS,n,2.0NRT,289.73,3.79,N
28.90886,19.77522,329,0.48,0.4,2026-10-06,9,N21,VIIRS,n,2.0NRT,305.1,43.97,N
28.90904,20.98041,340.69,0.43,0.38,2026-10-06,9,N21,VIIRS,n,2.0NRT,295.96,18.44,N
28.90947,19.7704,335.77,0.48,0.4,2026-10-06,9,N21,VIIRS,n,2.0NRT,292.54,43.97,N
28.91081,20.96729,318.91,0.43,0.38,2026-10-06,9,N21,VIIRS,n,2.0NRT,289.37,1.96,N
28.91243,9.74654,350.73,0.63,0.72,2026-10-06,9,N21,VIIRS,n,2.0NRT,291.74,29.69,N
28.91252,19.77579,301.68,0.48,0.4,2026-10-06,9,N21,VIIRS,n,2.0NRT,288.49,2.06,N
28.91277,9.74012,302.66,0.63,0.72,2026-10-06,9,N21,VIIRS,n,2.0NRT,285.85,29.69,N
28.91903,9.74696,301.27,0.63,0.72,2026-10-06,9,N21,VIIRS,n,2.0NRT,286.43,1.97,N
28.92356,31.0804,311.16,0.49,0.48,2026-10-06,9,N21,VIIRS,n,2.0NRT,289.79,2.31,N
28.92503,21.50448,303.94,0.41,0.37,2026-10-06,9,N21,VIIRS,n,2.0NRT,289.03,0.61,N
28.97492,10.04014,302.88,0.6,0.71,2026-10-06,9,N21,VIIRS,n,2.0NRT,285.09,0.93,N
28.97526,10.04045,298.01,0.6,0.71,2026-10-06,9,N21,VIIRS,n,2.0NRT,285.18,0.72,N
29.01753,31.20046,296.21,0.49,0.49,2026-10-06,9,N21,VIIRS,n,2.0NRT,261.05,1.01,N
29.03652,20.78437,327.83,0.44,0.38,2026-10-06,9,N21,VIIRS,n,2.0NRT,289.78,4.33,N
29.05461,20.78292,327.72,0.44,0.38,2026-10-06,9,N21,VIIRS,n,2.0NRT,290.37,3.85,N
29.14553,21.45398,302.32,0.42,0.37,2026-10-06,9,N21,VIIRS,n,2.0NRT,289.12,0.52,N
29.19123,21.4273,329.73,0.42,0.37,2026-10-06,9,N21,VIIRS,n,2.0NRT,289.9,3.37,N
29.19136,21.52735,299.19,0.41,0.37,2026-10-06,9,N21,VIIRS,n,2.0NRT,288.18,0.66,N
29.21343,21.64368,301.47,0.41,0.37,2026-10-06,9,N21,VIIRS,n,2.0NRT,288.49,0.67,N
29.21683,21.64429,318.15,0.41,0.37,2026-10-06,9,N21,VIIRS,n,2.0NRT,289.06,1.55,N
29.22809,19.69825,300.84,0.49,0.4,2026-10-06,9,N21,VIIRS,n,2.0NRT,287.38,0.89,N
29.2299,21.55161,302.37,0.41,0.37,2026-10-06,9,N21,VIIRS,n,2.0NRT,289.48,0.36,N
29.23177,19.69883,324.61,0.49,0.4,2026-10-06,9,N21,VIIRS,n,2.0NRT,290.05,13.04,N
29.44297,17.96728,323.16,0.4,0.44,2026-10-06,9,N21,VIIRS,n,2.0NRT,287.77,1.34,N
29.82242,17.29139,307.24,0.44,0.46,2026-10-06,9,N21,VIIRS,n,2.0NRT,286.74,0.9,N
30.40026,19.61166,307.59,0.51,0.41,2026-10-06,9,N21,VIIRS,n,2.0NRT,289.53,1.61,N
30.40401,19.61222,303,0.51,0.41,2026-10-06,9,N21,VIIRS,n,2.0NRT,289.44,1.61,N
30.40592,19.59642,306.76,0.51,0.41,2026-10-06,9,N21,VIIRS,n,2.0NRT,289.02,2.22,N
30.40904,19.60226,304.24,0.51,0.41,2026-10-06,9,N21,VIIRS,n,2.0NRT,289.85,2.19,N
30.40968,19.597,312.03,0.51,0.41,2026-10-06,9,N21,VIIRS,n,2.0NRT,290.29,2.19,N
30.89367,20.08572,320.12,0.49,0.4,2026-10-06,9,N21,VIIRS,n,2.0NRT,288.3,2.5,N
31.31985,11.80718,297.6,0.49,0.65,2026-10-06,9,N21,VIIRS,n,2.0NRT,285.43,2.65,N
31.32015,11.80201,329.46,0.49,0.65,2026-10-06,9,N21,VIIRS,n,2.0NRT,287.23,2.65,N
31.3905,10.6053,297.76,0.58,0.7,2026-10-06,9,N21,VIIRS,n,2.0NRT,285.36,0.8,N
31.39915,12.14491,337.63,0.47,0.64,2026-10-06,9,N21,VIIRS,n,2.0NRT,286.63,4.96,N
8.55228,29.15832,321.81,0.45,0.63,2026-10-06,13,N21,VIIRS,n,2.0NRT,285.06,3.82,N
8.55303,29.15429,308.7,0.45,0.63,2026-10-06,13,N21,VIIRS,n,2.0NRT,285.02,3.82,N
8.55799,29.15944,323.62,0.45,0.63,2026-10-06,13,N21,VIIRS,n,2.0NRT,286.84,3.82,N
8.55874,29.1554,324.4,0.45,0.63,2026-10-06,13,N21,VIIRS,n,2.0NRT,286.3,3.82,N
8.55949,29.15137,324.63,0.45,0.63,2026-10-06,13,N21,VIIRS,n,2.0NRT,285.31,5.7,N
8.56445,29.15652,367,0.45,0.63,2026-10-06,13,N21,VIIRS,h,2.0NRT,288.55,17.88,N
8.5652,29.15249,305.54,0.45,0.63,2026-10-06,13,N21,VIIRS,n,2.0NRT,285.86,9.84,N
9.00048,28.67435,315.04,0.41,0.61,2026-10-06,13,N21,VIIRS,n,2.0NRT,289.05,1.67,N
9.01429,28.69232,317.17,0.41,0.61,2026-10-06,13,N21,VIIRS,n,2.0NRT,289.28,1.76,N
9.22318,29.77596,305.23,0.49,0.65,2026-10-06,13,N21,VIIRS,n,2.0NRT,288.91,1.6,N
9.36357,29.37944,316.6,0.46,0.63,2026-10-06,13,N21,VIIRS,n,2.0NRT,288.83,2.83,N
9.42249,29.50994,318.71,0.46,0.64,2026-10-06,13,N21,VIIRS,n,2.0NRT,286.4,2.09,N
9.4229,29.51153,316.49,0.46,0.64,2026-10-06,13,N21,VIIRS,n,2.0NRT,286.53,1.98,N
10.28109,16.7325,297.34,0.43,0.38,2026-10-06,13,N21,VIIRS,n,2.0NRT,276.45,0.29,N
2.62758,16.06474,311.02,0.4,0.37,2026-10-06,16,N21,VIIRS,n,2.0NRT,285.09,1.39,N
2.80527,18.02388,299.89,0.39,0.36,2026-10-06,16,N21,VIIRS,n,2.0NRT,281.82,0.59,N
2.80581,18.02043,306.13,0.39,0.36,2026-10-06,16,N21,VIIRS,n,2.0NRT,282.49,0.9,N
4.65851,6.07638,310.05,0.57,0.69,2026-10-06,16,N21,VIIRS,n,2.0NRT,281.78,1.46,N
4.66484,6.07726,305.06,0.57,0.69,2026-10-06,16,N21,VIIRS,n,2.0NRT,279.46,1.46,N
4.79809,6.09093,307.71,0.57,0.69,2026-10-06,16,N21,VIIRS,n,2.0NRT,284.74,2.3,N
5.49912,5.52445,305.08,0.64,0.72,2026-10-06,16,N21,VIIRS,n,2.0NRT,285.4,2.45,N
5.49991,5.51862,311.35,0.65,0.73,2026-10-06,16,N21,VIIRS,n,2.0NRT,285.49,2.45,N
5.52279,5.46729,334.52,0.65,0.73,2026-10-06,16,N21,VIIRS,n,2.0NRT,284.2,6.63,N
5.52361,5.4615,300.17,0.65,0.73,2026-10-06,16,N21,VIIRS,n,2.0NRT,283.35,3.43,N
5.52688,5.46903,327.66,0.65,0.73,2026-10-06,16,N21,VIIRS,n,2.0NRT,284.48,5.38,N
5.52767,5.46324,322.21,0.65,0.73,2026-10-06,16,N21,VIIRS,n,2.0NRT,283.8,5.38,N
5.70808,4.4789,331.55,0.77,0.77,2026-10-06,16,N21,VIIRS,n,2.0NRT,282.82,7.05,N
5.70943,4.48592,299.49,0.77,0.77,2026-10-06,16,N21,VIIRS,n,2.0NRT,282.65,6.3,N
5.71037,4.47907,338.38,0.77,0.77,2026-10-06,16,N21,VIIRS,n,2.0NRT,283.02,11.05,N
8.53324,16.79324,314.03,0.41,0.37,2026-10-06,16,N21,VIIRS,n,2.0NRT,289.83,1.43,N
9.46243,7.36725,297.75,0.55,0.68,2026-10-06,16,N21,VIIRS,n,2.0NRT,279.11,1.12,N
-4.76804,29.0713,301.25,0.74,0.76,2026-10-06,18,N21,VIIRS,n,2.0NRT,280.59,2.56,N
-4.7009,29.04216,306.85,0.74,0.76,2026-10-06,18,N21,VIIRS,n,2.0NRT,281.27,2.15,N
-4.7002,29.04017,300.72,0.74,0.76,2026-10-06,18,N21,VIIRS,n,2.0NRT,281.03,2.8,N
-3.26466,25.54787,304.68,0.4,0.6,2026-10-06,18,N21,VIIRS,n,2.0NRT,283.09,3.75,N
-3.26415,25.54429,337.93,0.4,0.6,2026-10-06,18,N21,VIIRS,n,2.0NRT,284,3.75,N
-3.26326,25.54821,305.08,0.4,0.6,2026-10-06,18,N21,VIIRS,n,2.0NRT,282.7,3.64,N
-3.26273,25.54465,338.41,0.4,0.6,2026-10-06,18,N21,VIIRS,n,2.0NRT,283.2,3.64,N
-3.26219,25.54107,298.05,0.4,0.6,2026-10-06,18,N21,VIIRS,n,2.0NRT,282.6,2.12,N
-3.10064,14.98552,299.63,0.39,0.36,2026-10-06,18,N21,VIIRS,n,2.0NRT,283.12,1.17,N
-3.09677,14.98262,295.27,0.39,0.37,2026-10-06,18,N21,VIIRS,n,2.0NRT,278.61,0.62,N
-3.06954,11.58659,304.09,0.55,0.43,2026-10-06,18,N21,VIIRS,n,2.0NRT,277.57,1.46,N
-3.06842,11.58481,306.99,0.55,0.43,2026-10-06,18,N21,VIIRS,n,2.0NRT,277.55,2.23,N
-1.41637,29.20238,322.75,0.68,0.74,2026-10-06,18,N21,VIIRS,n,2.0NRT,240.82,9.15,N
-1.41553,29.19691,325.56,0.68,0.74,2026-10-06,18,N21,VIIRS,n,2.0NRT,242.54,9.15,N
-1.41193,29.21821,327.58,0.68,0.74,2026-10-06,18,N21,VIIRS,n,2.0NRT,240.9,34.37,N
-1.41055,29.20909,347.18,0.68,0.74,2026-10-06,18,N21,VIIRS,n,2.0NRT,245.54,34.37,N
-1.40965,29.20324,367,0.68,0.74,2026-10-06,18,N21,VIIRS,h,2.0NRT,250.74,23.38,N
-1.40879,29.19757,330.1,0.68,0.74,2026-10-06,18,N21,VIIRS,n,2.0NRT,241.64,23.38,N
-1.40799,29.19235,343.89,0.68,0.74,2026-10-06,18,N21,VIIRS,n,2.0NRT,243.85,27.96,N
-1.40301,29.20453,329.55,0.68,0.74,2026-10-06,18,N21,VIIRS,n,2.0NRT,245.14,23.38,N
-1.40217,29.19904,334.45,0.68,0.74,2026-10-06,18,N21,VIIRS,n,2.0NRT,244.52,23.38,N
-0.38894,9.34599,311.76,0.57,0.52,2026-10-06,18,N21,VIIRS,n,2.0NRT,284.82,1.94,N
-13.11267,24.01917,295.52,0.43,0.62,2026-10-06,20,N21,VIIRS,n,2.0NRT,275.69,0.4,N
-13.08819,24.0063,303.98,0.43,0.62,2026-10-06,20,N21,VIIRS,n,2.0NRT,281.81,2.11,N
-13.08604,24.00764,310.49,0.43,0.62,2026-10-06,20,N21,VIIRS,n,2.0NRT,282,1.89,N
-13.0856,24.00371,304.38,0.43,0.62,2026-10-06,20,N21,VIIRS,n,2.0NRT,282.09,1.89,N
-13.08254,24.00701,323.19,0.43,0.62,2026-10-06,20,N21,VIIRS,n,2.0NRT,282.75,2.11,N
-13.08208,24.00309,308.53,0.43,0.62,2026-10-06,20,N21,VIIRS,n,2.0NRT,282.08,2.11,N
-13.07643,24.00381,297.68,0.43,0.62,2026-10-06,20,N21,VIIRS,n,2.0NRT,283.07,1.35,N
-13.06586,23.91458,295.96,0.42,0.61,2026-10-06,20,N21,VIIRS,n,2.0NRT,279.45,1.32,N
-13.05979,23.91148,309.78,0.42,0.61,2026-10-06,20,N21,VIIRS,n,2.0NRT,282.28,1.32,N
-13.05419,23.91221,308.74,0.42,0.61,2026-10-06,20,N21,VIIRS,n,2.0NRT,284.63,2.07,N
-12.21552,17.82659,302.51,0.49,0.41,2026-10-06,20,N21,VIIRS,n,2.0NRT,288.66,0.94,N
-11.96912,18.08488,311.45,0.51,0.41,2026-10-06,20,N21,VIIRS,n,2.0NRT,288.79,1.33,N
-10.89353,19.34849,299.63,0.39,0.44,2026-10-06,20,N21,VIIRS,n,2.0NRT,285.72,0.45,N
-8.56386,16.27369,303.48,0.4,0.37,2026-10-06,20,N21,VIIRS,n,2.0NRT,289.64,0.58,N
-6.67176,16.68089,328.55,0.4,0.37,2026-10-06,20,N21,VIIRS,n,2.0NRT,291.08,3.12,N
-19.65569,17.72408,304,0.4,0.44,2026-10-06,22,N21,VIIRS,n,2.0NRT,288.51,1.24,N
-19.59466,15.99869,303.52,0.48,0.4,2026-10-06,22,N21,VIIRS,n,2.0NRT,287.98,1.44,N
-19.59099,15.99928,304.47,0.48,0.4,2026-10-06,22,N21,VIIRS,n,2.0NRT,288.74,2.04,N
-19.59037,15.99469,321.75,0.48,0.4,2026-10-06,22,N21,VIIRS,n,2.0NRT,289.45,2.04,N
-19.58974,15.9901,311.43,0.48,0.4,2026-10-06,22,N21,VIIRS,n,2.0NRT,288.16,2.23,N
-19.22572,17.72976,300.66,0.4,0.44,2026-10-06,22,N21,VIIRS,n,2.0NRT,289.88,0.47,N
-18.8599,14.07469,302.72,0.4,0.37,2026-10-06,22,N21,VIIRS,n,2.0NRT,285.44,1.12,N
-18.85934,14.07089,312.84,0.4,0.37,2026-10-06,22,N21,VIIRS,n,2.0NRT,286.25,1.28,N
-18.85541,14.06765,319.38,0.4,0.37,2026-10-06,22,N21,VIIRS,n,2.0NRT,286.99,1.37,N
-18.85203,14.06816,301.86,0.4,0.37,2026-10-06,22,N21,VIIRS,n,2.0NRT,285.65,1.37,N
-18.85148,14.06441,316.25,0.4,0.37,2026-10-06,22,N21,VIIRS,n,2.0NRT,286.13,1.65,N
-18.8481,14.0649,324.51,0.4,0.37,2026-10-06,22,N21,VIIRS,n,2.0NRT,287.53,2,N
-18.84473,14.06542,315.28,0.4,0.37,2026-10-06,22,N21,VIIRS,n,2.0NRT,286.72,2,N
-18.84417,14.06169,324.21,0.4,0.37,2026-10-06,22,N21,VIIRS,n,2.0NRT,285.64,2,N
-18.84136,14.06601,295.75,0.4,0.37,2026-10-06,22,N21,VIIRS,n,2.0NRT,285.18,1.1,N
-18.84081,14.06224,323.45,0.4,0.37,2026-10-06,22,N21,VIIRS,n,2.0NRT,287.7,1.1,N
-18.83799,14.0666,297.56,0.4,0.37,2026-10-06,22,N21,VIIRS,n,2.0NRT,287.03,1.1,N
-18.83743,14.06281,316.8,0.4,0.37,2026-10-06,22,N21,VIIRS,n,2.0NRT,287.94,1.1,N
-18.83407,14.06339,306.49,0.4,0.37,2026-10-06,22,N21,VIIRS,n,2.0NRT,286.83,1.32,N
-18.8307,14.06398,313.6,0.4,0.37,2026-10-06,22,N21,VIIRS,n,2.0NRT,287.19,1.32,N
-18.82733,14.06455,307.19,0.4,0.37,2026-10-06,22,N21,VIIRS,n,2.0NRT,286.39,1.46,N
-18.82341,14.06131,302.46,0.4,0.37,2026-10-06,22,N21,VIIRS,n,2.0NRT,286.32,0.88,N
-18.8217,14.07327,296.17,0.4,0.37,2026-10-06,22,N21,VIIRS,n,2.0NRT,285.7,1.12,N
-18.82059,14.06567,302.56,0.4,0.37,2026-10-06,22,N21,VIIRS,n,2.0NRT,285.98,0.73,N
-18.82004,14.06187,297.11,0.4,0.37,2026-10-06,22,N21,VIIRS,n,2.0NRT,285.17,0.48,N
-18.81496,14.07439,297.17,0.4,0.37,2026-10-06,22,N21,VIIRS,n,2.0NRT,286.19,0.6,N
-18.81214,14.07874,301.12,0.4,0.37,2026-10-06,22,N21,VIIRS,n,2.0NRT,286.8,0.6,N
-18.81159,14.07495,295.98,0.4,0.37,2026-10-06,22,N21,VIIRS,n,2.0NRT,285.63,0.6,N
-18.81071,14.07888,299.49,0.4,0.37,2026-10-06,22,N21,VIIRS,n,2.0NRT,286.65,0.62,N
-18.51397,13.44091,305.3,0.39,0.36,2026-10-06,22,N21,VIIRS,n,2.0NRT,288.25,0.84,N
-18.42388,26.46688,297.15,0.72,0.76,2026-10-06,22,N21,VIIRS,n,2.0NRT,285.79,1.95,N
-18.40986,19.13075,297.77,0.47,0.48,2026-10-06,22,N21,VIIRS,n,2.0NRT,286.74,0.45,N
-18.36285,26.6645,299.09,0.75,0.77,2026-10-06,22,N21,VIIRS,n,2.0NRT,285.59,1.63,N
-18.3623,26.6578,305,0.75,0.77,2026-10-06,22,N21,VIIRS,n,2.0NRT,285.53,2.32,N
-17.95868,17.86943,296.84,0.39,0.44,2026-10-06,22,N21,VIIRS,n,2.0NRT,284.21,0.51,N
-17.67058,22.1645,306.75,0.37,0.58,2026-10-06,22,N21,VIIRS,n,2.0NRT,290.3,1.94,N
-17.66527,22.16517,318.36,0.37,0.58,2026-10-06,22,N21,VIIRS,n,2.0NRT,290.83,1.94,N
-17.65477,22.79278,301.27,0.4,0.6,2026-10-06,22,N21,VIIRS,n,2.0NRT,289.32,0.8,N
-17.56265,19.38015,297.98,0.48,0.48,2026-10-06,22,N21,VIIRS,n,2.0NRT,287.18,1.43,N
-17.51013,21.56121,309.54,0.33,0.55,2026-10-06,22,N21,VIIRS,n,2.0NRT,289.83,1.53,N
-17.50683,21.56395,301.37,0.33,0.55,2026-10-06,22,N21,VIIRS,n,2.0NRT,289.58,1,N
-17.50648,21.56083,309.47,0.33,0.55,2026-10-06,22,N21,VIIRS,n,2.0NRT,289.21,1.07,N
-17.50612,21.55772,308.59,0.33,0.55,2026-10-06,22,N21,VIIRS,n,2.0NRT,288.26,1.07,N
-17.50576,21.55461,308.42,0.33,0.55,2026-10-06,22,N21,VIIRS,n,2.0NRT,288.06,1.42,N
-17.50471,21.55876,297.04,0.33,0.55,2026-10-06,22,N21,VIIRS,n,2.0NRT,286.76,1.53,N
-17.50437,21.55564,332.36,0.33,0.55,2026-10-06,22,N21,VIIRS,n,2.0NRT,288.29,3.42,N
-17.50354,18.29957,301.1,0.41,0.45,2026-10-06,22,N21,VIIRS,n,2.0NRT,285.56,0.41,N
-17.477,21.57407,302.73,0.33,0.55,2026-10-06,22,N21,VIIRS,n,2.0NRT,290,2.54,N
-17.47665,21.57096,328.59,0.33,0.55,2026-10-06,22,N21,VIIRS,n,2.0NRT,290.99,3.04,N
-17.47365,21.59033,307.28,0.33,0.56,2026-10-06,22,N21,VIIRS,n,2.0NRT,290.59,1.02,N
-17.46044,21.61106,308.21,0.33,0.56,2026-10-06,22,N21,VIIRS,n,2.0NRT,290.74,1.57,N
-17.4601,21.60793,321.9,0.33,0.56,2026-10-06,22,N21,VIIRS,n,2.0NRT,291.14,1.57,N
-17.45975,21.60481,303.28,0.33,0.56,2026-10-06,22,N21,VIIRS,n,2.0NRT,290.87,3.22,N
-17.4594,21.60168,345.53,0.33,0.56,2026-10-06,22,N21,VIIRS,n,2.0NRT,292.58,3.22,N
-17.45906,21.59855,306.03,0.33,0.56,2026-10-06,22,N21,VIIRS,n,2.0NRT,290.6,3.53,N
-17.45638,21.62114,302.21,0.33,0.56,2026-10-06,22,N21,VIIRS,n,2.0NRT,290.1,1.18,N
-17.44514,21.61304,302.5,0.33,0.56,2026-10-06,22,N21,VIIRS,n,2.0NRT,290.71,0.59,N
-17.44479,21.6099,304.52,0.33,0.56,2026-10-06,22,N21,VIIRS,n,2.0NRT,291.05,0.59,N
-17.44004,21.6137,305.77,0.33,0.56,2026-10-06,22,N21,VIIRS,n,2.0NRT,290.7,0.87,N
-17.43969,21.61057,306.53,0.33,0.56,2026-10-06,22,N21,VIIRS,n,2.0NRT,290.84,0.87,N
-17.43425,21.6081,301.59,0.33,0.56,2026-10-06,22,N21,VIIRS,n,2.0NRT,290.93,0.76,N
-17.43391,21.60497,302.91,0.33,0.56,2026-10-06,22,N21,VIIRS,n,2.0NRT,290.76,0.76,N
-17.41895,21.61008,305.16,0.33,0.56,2026-10-06,22,N21,VIIRS,n,2.0NRT,290.75,1.11,N
-17.41799,22.14694,306.35,0.36,0.58,2026-10-06,22,N21,VIIRS,n,2.0NRT,289.48,3.11,N
-17.3996,21.6043,304.92,0.33,0.56,2026-10-06,22,N21,VIIRS,n,2.0NRT,290.68,0.57,N
-17.39885,22.1184,302.91,0.36,0.57,2026-10-06,22,N21,VIIRS,n,2.0NRT,290.55,1.48,N
-17.39848,22.11502,306.38,0.36,0.57,2026-10-06,22,N21,VIIRS,n,2.0NRT,291.09,2.1,N
-17.3945,21.60496,309.99,0.33,0.56,2026-10-06,22,N21,VIIRS,n,2.0NRT,290.71,1.14,N
-17.25927,22.5468,302.62,0.38,0.59,2026-10-06,22,N21,VIIRS,n,2.0NRT,287.81,1.14,N
-17.14961,15.29275,304.12,0.43,0.38,2026-10-06,22,N21,VIIRS,n,2.0NRT,288.03,0.48,N
-17.12082,22.35296,308.35,0.37,0.58,2026-10-06,22,N21,VIIRS,n,2.0NRT,288.1,1.31,N
-17.08619,20.91787,301.12,0.59,0.53,2026-10-06,22,N21,VIIRS,n,2.0NRT,290.17,1.89,N
-17.07294,20.93089,304.26,0.59,0.53,2026-10-06,22,N21,VIIRS,n,2.0NRT,289.79,2.8,N
-17.0723,20.92533,322.63,0.59,0.53,2026-10-06,22,N21,VIIRS,n,2.0NRT,291.72,4.66,N
-17.0684,20.97686,305.71,0.6,0.53,2026-10-06,22,N21,VIIRS,n,2.0NRT,290.64,1.99,N
-17.06032,20.94954,312.66,0.6,0.53,2026-10-06,22,N21,VIIRS,n,2.0NRT,290.98,3.12,N
-17.02947,23.27635,312.15,0.43,0.62,2026-10-06,22,N21,VIIRS,n,2.0NRT,287.62,2.44,N
-17.02905,23.27237,310.96,0.43,0.62,2026-10-06,22,N21,VIIRS,n,2.0NRT,287.47,2.44,N
-17.02078,18.21906,330.51,0.4,0.44,2026-10-06,22,N21,VIIRS,n,2.0NRT,291.68,3.84,N
-17.01626,18.2159,306.74,0.4,0.44,2026-10-06,22,N21,VIIRS,n,2.0NRT,290.73,1.63,N
-16.96824,17.10374,302.85,0.51,0.41,2026-10-06,22,N21,VIIRS,n,2.0NRT,288.87,1.23,N
-16.84849,16.10751,301.29,0.46,0.39,2026-10-06,22,N21,VIIRS,n,2.0NRT,287.54,0.95,N
-16.83289,16.89755,303.87,0.5,0.41,2026-10-06,22,N21,VIIRS,n,2.0NRT,287.93,0.98,N
-16.83119,16.89587,301.49,0.5,0.41,2026-10-06,22,N21,VIIRS,n,2.0NRT,287.86,0.76,N
-16.79843,17.36429,301.9,0.53,0.42,2026-10-06,22,N21,VIIRS,n,2.0NRT,290.17,1.42,N
-16.79525,17.36979,310.53,0.53,0.42,2026-10-06,22,N21,VIIRS,n,2.0NRT,291.02,1.94,N
-16.77635,16.85676,299.36,0.5,0.41,2026-10-06,22,N21,VIIRS,n,2.0NRT,287.78,0.54,N
-16.72919,17.7528,304.29,0.55,0.43,2026-10-06,22,N21,VIIRS,n,2.0NRT,290.8,1.3,N
-16.68809,21.56925,303.54,0.32,0.55,2026-10-06,22,N21,VIIRS,n,2.0NRT,289.89,0.47,N
-16.68516,17.81205,303.23,0.56,0.43,2026-10-06,22,N21,VIIRS,n,2.0NRT,290.89,1.04,N
-16.65045,19.00774,306.98,0.44,0.46,2026-10-06,22,N21,VIIRS,n,2.0NRT,289.23,1.54,N
-16.63037,18.98557,328.4,0.44,0.46,2026-10-06,22,N21,VIIRS,n,2.0NRT,288.42,2.74,N
-16.62242,18.99082,346.11,0.44,0.46,2026-10-06,22,N21,VIIRS,n,2.0NRT,292.2,15.29,N
-16.62186,19.02046,304.87,0.44,0.46,2026-10-06,22,N21,VIIRS,n,2.0NRT,289.87,2.02,N
-16.54887,18.02712,299.51,0.57,0.43,2026-10-06,22,N21,VIIRS,n,2.0NRT,288.3,0.96,N
-16.53999,18.04043,305.44,0.57,0.43,2026-10-06,22,N21,VIIRS,n,2.0NRT,287.38,0.99,N
-16.5383,18.03956,300.95,0.57,0.43,2026-10-06,22,N21,VIIRS,n,2.0NRT,286.64,1.43,N
-16.42359,18.72404,304.64,0.42,0.45,2026-10-06,22,N21,VIIRS,n,2.0NRT,288.05,1.13,N
-16.42319,18.7047,299.75,0.42,0.45,2026-10-06,22,N21,VIIRS,n,2.0NRT,289.71,1.41,N
-16.42147,18.7248,305.06,0.42,0.45,2026-10-06,22,N21,VIIRS,n,2.0NRT,288.18,1.08,N
-16.4205,18.71699,300.1,0.42,0.45,2026-10-06,22,N21,VIIRS,n,2.0NRT,289.38,1.32,N
-16.41689,18.58772,311.34,0.41,0.45,2026-10-06,22,N21,VIIRS,n,2.0NRT,286.56,1.02,N
-16.41277,18.58831,302.37,0.41,0.45,2026-10-06,22,N21,VIIRS,n,2.0NRT,287.52,0.74,N
-16.40773,18.60432,302.33,0.41,0.45,2026-10-06,22,N21,VIIRS,n,2.0NRT,288.33,0.98,N
-16.40722,18.60049,302.66,0.41,0.45,2026-10-06,22,N21,VIIRS,n,2.0NRT,288.47,0.98,N
-16.40647,18.6048,303.66,0.41,0.45,2026-10-06,22,N21,VIIRS,n,2.0NRT,288.55,0.84,N
-16.40599,18.60097,301.31,0.41,0.45,2026-10-06,22,N21,VIIRS,n,2.0NRT,288.32,0.84,N
-16.33735,16.67686,301.58,0.48,0.4,2026-10-06,22,N21,VIIRS,n,2.0NRT,285.87,0.8,N
-16.29689,16.19249,322.57,0.46,0.39,2026-10-06,22,N21,VIIRS,n,2.0NRT,287.47,2.54,N
-16.2943,16.19106,310.27,0.45,0.39,2026-10-06,22,N21,VIIRS,n,2.0NRT,286.98,1.68,N
-16.26479,15.10023,302.49,0.41,0.37,2026-10-06,22,N21,VIIRS,n,2.0NRT,288.2,0.11,N
-16.2611,15.41064,309.35,0.42,0.38,2026-10-06,22,N21,VIIRS,n,2.0NRT,289.07,1.05,N
-16.25765,15.41118,302.45,0.42,0.38,2026-10-06,22,N21,VIIRS,n,2.0NRT,288.83,0.63,N
-15.89816,16.58159,302.68,0.47,0.4,2026-10-06,22,N21,VIIRS,n,2.0NRT,288.48,1.16,N
-15.86888,14.93478,302.43,0.41,0.37,2026-10-06,22,N21,VIIRS,n,2.0NRT,285.33,0.96,N
-15.86854,16.60819,301.26,0.47,0.4,2026-10-06,22,N21,VIIRS,n,2.0NRT,289.05,0.83,N
-15.8644,14.90464,297.46,0.41,0.37,2026-10-06,22,N21,VIIRS,n,2.0NRT,286.38,0.71,N
-15.86367,16.57341,304.14,0.47,0.4,2026-10-06,22,N21,VIIRS,n,2.0NRT,289.45,1.36,N
-15.86101,14.90517,303.64,0.41,0.37,2026-10-06,22,N21,VIIRS,n,2.0NRT,286.48,0.71,N
-15.85812,14.95579,297.45,0.41,0.37,2026-10-06,22,N21,VIIRS,n,2.0NRT,285.92,0.59,N
-15.85529,14.9601,296.79,0.41,0.37,2026-10-06,22,N21,VIIRS,n,2.0NRT,285.43,0.67,N
-15.85473,14.95633,300.88,0.41,0.37,2026-10-06,22,N21,VIIRS,n,2.0NRT,286.39,0.59,N
-15.85417,14.95255,297.38,0.41,0.37,2026-10-06,22,N21,VIIRS,n,2.0NRT,285.8,0.59,N
-15.85401,16.58378,310.35,0.47,0.4,2026-10-06,22,N21,VIIRS,n,2.0NRT,289.07,1.11,N
-15.85134,14.95686,298.04,0.41,0.37,2026-10-06,22,N21,VIIRS,n,2.0NRT,286.14,0.79,N
-15.85078,14.95309,297.45,0.41,0.37,2026-10-06,22,N21,VIIRS,n,2.0NRT,285.74,0.79,N
-15.85026,14.92616,295.66,0.41,0.37,2026-10-06,22,N21,VIIRS,n,2.0NRT,285.39,0.44,N
-15.84743,14.93046,314.51,0.41,0.37,2026-10-06,22,N21,VIIRS,n,2.0NRT,286.52,1.74,N
-15.84456,14.95794,299.42,0.41,0.37,2026-10-06,22,N21,VIIRS,n,2.0NRT,286.44,0.82,N
-15.844,14.95417,299.47,0.41,0.37,2026-10-06,22,N21,VIIRS,n,2.0NRT,286.01,0.82,N
-15.8269,22.60573,305,0.37,0.58,2026-10-06,22,N21,VIIRS,n,2.0NRT,290.38,0.68,N
-15.82136,14.37252,303.71,0.39,0.36,2026-10-06,22,N21,VIIRS,n,2.0NRT,287.43,0.78,N
-15.82082,14.36886,304.13,0.39,0.36,2026-10-06,22,N21,VIIRS,n,2.0NRT,287.44,0.66,N
-15.82027,14.3652,300.37,0.39,0.36,2026-10-06,22,N21,VIIRS,n,2.0NRT,287.06,0.66,N
-15.81972,14.36154,296.84,0.39,0.36,2026-10-06,22,N21,VIIRS,n,2.0NRT,286.75,0.56,N
-15.81857,14.37671,300.09,0.39,0.36,2026-10-06,22,N21,VIIRS,n,2.0NRT,287.39,0.88,N
-15.81802,14.37305,307.34,0.39,0.36,2026-10-06,22,N21,VIIRS,n,2.0NRT,287.91,0.88,N
-15.81748,14.3694,302.85,0.39,0.36,2026-10-06,22,N21,VIIRS,n,2.0NRT,287.67,0.89,N
-15.81489,16.35672,314.01,0.46,0.39,2026-10-06,22,N21,VIIRS,n,2.0NRT,289.89,1.58,N
-15.81414,14.36993,300.67,0.39,0.36,2026-10-06,22,N21,VIIRS,n,2.0NRT,287.6,0.89,N
-15.81131,16.35724,306.48,0.46,0.39,2026-10-06,22,N21,VIIRS,n,2.0NRT,289.95,1.58,N
-15.81053,14.3632,300.43,0.39,0.36,2026-10-06,22,N21,VIIRS,n,2.0NRT,287.23,1.17,N
-15.80624,18.60709,305.66,0.4,0.45,2026-10-06,22,N21,VIIRS,n,2.0NRT,288.13,1.4,N
-15.80575,18.6033,309.7,0.4,0.45,2026-10-06,22,N21,VIIRS,n,2.0NRT,289.91,1.4,N
-15.78744,16.80351,303.79,0.48,0.4,2026-10-06,22,N21,VIIRS,n,2.0NRT,289.39,1.46,N
-15.68364,16.59681,302.02,0.47,0.4,2026-10-06,22,N21,VIIRS,n,2.0NRT,289.73,1.16,N
-15.67242,19.07399,341.22,0.43,0.46,2026-10-06,22,N21,VIIRS,n,2.0NRT,292.39,11.96,N
-15.66821,19.07447,338.86,0.43,0.46,2026-10-06,22,N21,VIIRS,n,2.0NRT,296.41,11.96,N
-15.66399,19.07495,340.7,0.43,0.46,2026-10-06,22,N21,VIIRS,n,2.0NRT,292.73,9.95,N
-15.6406,15.23754,298.39,0.41,0.37,2026-10-06,22,N21,VIIRS,n,2.0NRT,286.27,0.49,N
-15.63718,15.23806,299,0.41,0.37,2026-10-06,22,N21,VIIRS,n,2.0NRT,286.83,0.49,N
-15.61433,18.95332,296.77,0.42,0.45,2026-10-06,22,N21,VIIRS,n,2.0NRT,286.7,0.85,N
-15.58328,15.75161,314.2,0.43,0.38,2026-10-06,22,N21,VIIRS,n,2.0NRT,289.08,1.76,N
-15.58159,15.75313,311.85,0.43,0.38,2026-10-06,22,N21,VIIRS,n,2.0NRT,289.09,1.88,N
-15.57319,15.66923,306.39,0.43,0.38,2026-10-06,22,N21,VIIRS,n,2.0NRT,292.21,14.42,N
-15.57263,15.66528,338.44,0.43,0.38,2026-10-06,22,N21,VIIRS,n,2.0NRT,291.12,14.42,N
-15.57105,15.66838,335.78,0.43,0.38,2026-10-06,22,N21,VIIRS,n,2.0NRT,287.89,4.22,N
-15.57047,15.66444,318.45,0.43,0.38,2026-10-06,22,N21,VIIRS,n,2.0NRT,287.91,4.22,N
-15.51196,16.72726,303.27,0.47,0.4,2026-10-06,22,N21,VIIRS,n,2.0NRT,288.47,1.8,N
-15.50892,16.7322,315.66,0.47,0.4,2026-10-06,22,N21,VIIRS,n,2.0NRT,290.23,2.13,N
-15.50832,16.72782,319.07,0.47,0.4,2026-10-06,22,N21,VIIRS,n,2.0NRT,289.95,1.8,N
-15.50832,16.73096,321.02,0.47,0.4,2026-10-06,22,N21,VIIRS,n,2.0NRT,290.55,2.69,N
-15.50769,16.72659,313.66,0.47,0.4,2026-10-06,22,N21,VIIRS,n,2.0NRT,289.12,1.92,N
-15.46973,16.59048,297.82,0.47,0.39,2026-10-06,22,N21,VIIRS,n,2.0NRT,285.91,0.66,N
-15.46657,15.43677,340.56,0.42,0.38,2026-10-06,22,N21,VIIRS,n,2.0NRT,293.54,4.44,N
-15.46601,15.4329,326.49,0.42,0.38,2026-10-06,22,N21,VIIRS,n,2.0NRT,286.95,4.44,N
-15.46314,15.43731,299.59,0.42,0.38,2026-10-06,22,N21,VIIRS,n,2.0NRT,289.27,4.44,N
-15.46258,15.43344,330.33,0.42,0.38,2026-10-06,22,N21,VIIRS,n,2.0NRT,287.63,4.44,N
-15.46145,15.42566,309.73,0.42,0.38,2026-10-06,22,N21,VIIRS,n,2.0NRT,288.27,1.34,N
-15.45949,15.7694,302.43,0.43,0.38,2026-10-06,22,N21,VIIRS,n,2.0NRT,288.51,0.79,N
-15.39085,16.60655,304.1,0.47,0.39,2026-10-06,22,N21,VIIRS,n,2.0NRT,287.94,1.55,N
-15.3813,16.60147,302.69,0.46,0.39,2026-10-06,22,N21,VIIRS,n,2.0NRT,287.54,0.62,N
-15.1466,15.90433,303.43,0.43,0.38,2026-10-06,22,N21,VIIRS,n,2.0NRT,284.43,1.07,N
-15.07073,15.53069,307.73,0.42,0.38,2026-10-06,22,N21,VIIRS,n,2.0NRT,288.39,1.3,N
-15.06676,23.55017,299.68,0.42,0.61,2026-10-06,22,N21,VIIRS,n,2.0NRT,287.99,0.54,N
-14.97379,15.30274,305.16,0.41,0.37,2026-10-06,22,N21,VIIRS,n,2.0NRT,288.43,1.36,N
-14.70846,16.72731,301.28,0.46,0.39,2026-10-06,22,N21,VIIRS,n,2.0NRT,289.23,0.96,N
-14.70785,16.72305,302.64,0.46,0.39,2026-10-06,22,N21,VIIRS,n,2.0NRT,289.02,0.96,N
-14.70485,16.72782,299.59,0.46,0.39,2026-10-06,22,N21,VIIRS,n,2.0NRT,288.85,0.55,N
-14.70424,16.72357,298.84,0.46,0.39,2026-10-06,22,N21,VIIRS,n,2.0NRT,288.26,0.55,N
-14.69986,18.21991,300.79,0.56,0.43,2026-10-06,22,N21,VIIRS,n,2.0NRT,282.08,1.59,N
-14.69695,17.9249,296.87,0.54,0.42,2026-10-06,22,N21,VIIRS,n,2.0NRT,280.92,2.84,N
-14.69456,17.9226,299.87,0.54,0.42,2026-10-06,22,N21,VIIRS,n,2.0NRT,280.91,2.3,N
-14.68741,18.2166,297.22,0.56,0.43,2026-10-06,22,N21,VIIRS,n,2.0NRT,280.67,0.89,N
-14.6835,18.21725,297.63,0.56,0.43,2026-10-06,22,N21,VIIRS,n,2.0NRT,279.36,0.89,N
-14.6731,18.1403,306.07,0.55,0.43,2026-10-06,22,N21,VIIRS,n,2.0NRT,288.13,1.74,N
-14.66919,18.14087,309.07,0.55,0.43,2026-10-06,22,N21,VIIRS,n,2.0NRT,288.79,1.48,N
-14.66851,18.1358,302.26,0.55,0.43,2026-10-06,22,N21,VIIRS,n,2.0NRT,288.51,1.48,N
-14.65543,18.12732,303.33,0.55,0.43,2026-10-06,22,N21,VIIRS,n,2.0NRT,287.13,1.85,N
-14.63376,18.08411,335.86,0.55,0.42,2026-10-06,22,N21,VIIRS,n,2.0NRT,288.94,6.35,N
-14.63044,25.38393,310.89,0.56,0.68,2026-10-06,22,N21,VIIRS,n,2.0NRT,287.74,2.62,N
-14.62988,18.08468,304.72,0.55,0.42,2026-10-06,22,N21,VIIRS,n,2.0NRT,287.66,2.08,N
-14.62819,25.38643,303.93,0.56,0.69,2026-10-06,22,N21,VIIRS,n,2.0NRT,286.92,1.71,N
-14.6169,27.36397,295.96,0.76,0.77,2026-10-06,22,N21,VIIRS,n,2.0NRT,284.96,1.36,N
-14.59882,19.30144,303.5,0.43,0.46,2026-10-06,22,N21,VIIRS,n,2.0NRT,287.75,1.14,N
-14.53,25.52152,302.89,0.57,0.69,2026-10-06,22,N21,VIIRS,n,2.0NRT,287.23,0.86,N
-14.5267,25.52131,302.78,0.57,0.69,2026-10-06,22,N21,VIIRS,n,2.0NRT,287.03,1.33,N
-14.45193,20.04502,298.53,0.48,0.48,2026-10-06,22,N21,VIIRS,n,2.0NRT,286.46,0.38,N
-14.31755,13.85026,301.55,0.38,0.36,2026-10-06,22,N21,VIIRS,n,2.0NRT,288.77,0.62,N
-13.54579,23.4678,304.13,0.4,0.6,2026-10-06,22,N21,VIIRS,n,2.0NRT,288.49,0.57,N
-13.49255,14.07478,306.77,0.38,0.36,2026-10-06,22,N21,VIIRS,n,2.0NRT,289.49,0.89,N
-13.46569,14.01472,299.1,0.38,0.36,2026-10-06,22,N21,VIIRS,n,2.0NRT,287.76,0.25,N
-13.41955,13.93546,299.4,0.38,0.36,2026-10-06,22,N21,VIIRS,n,2.0NRT,289.21,0.47,N
-13.41625,13.936,301.25,0.38,0.36,2026-10-06,22,N21,VIIRS,n,2.0NRT,289.58,0.47,N
-13.40629,14.02432,302.52,0.38,0.36,2026-10-06,22,N21,VIIRS,n,2.0NRT,290.35,0.35,N
-13.38454,23.47718,299.31,0.4,0.6,2026-10-06,22,N21,VIIRS,n,2.0NRT,284.33,0.72,N
-13.34128,21.24991,299.46,0.56,0.51,2026-10-06,22,N21,VIIRS,n,2.0NRT,279.34,1.95,N
-13.15428,24.00292,297.23,0.43,0.62,2026-10-06,22,N21,VIIRS,n,2.0NRT,282.51,1.37,N
-13.1406,23.16629,305.9,0.37,0.58,2026-10-06,22,N21,VIIRS,n,2.0NRT,290.03,1.12,N
-13.1402,23.16288,300.29,0.37,0.58,2026-10-06,22,N21,VIIRS,n,2.0NRT,289.74,1.26,N
-13.11607,24.01975,295.67,0.43,0.62,2026-10-06,22,N21,VIIRS,n,2.0NRT,275.69,0.99,N
-13.06753,22.99674,297.39,0.36,0.58,2026-10-06,22,N21,VIIRS,n,2.0NRT,286.23,0.23,N
-13.06631,22.98681,307.19,0.36,0.58,2026-10-06,22,N21,VIIRS,n,2.0NRT,288.03,1.29,N
-12.55794,13.49478,301.8,0.39,0.36,2026-10-06,22,N21,VIIRS,n,2.0NRT,289.85,0.41,N
-12.55463,13.49532,327.4,0.39,0.36,2026-10-06,22,N21,VIIRS,n,2.0NRT,290.66,2.75,N
-12.47531,18.89993,309.04,0.57,0.43,2026-10-06,22,N21,VIIRS,n,2.0NRT,277.23,3.31,N
-12.47163,17.10528,302.44,0.46,0.39,2026-10-06,22,N21,VIIRS,n,2.0NRT,280.36,1.9,N
-23.89602,22.79929,299.66,0.48,0.64,2026-10-06,24,N21,VIIRS,n,2.0NRT,285.11,0.1,N
-23.85327,17.60042,297.11,0.44,0.46,2026-10-06,24,N21,VIIRS,n,2.0NRT,285.55,0.08,N
-28.56026,21.77094,302.98,0.46,0.63,2026-10-06,26,N21,VIIRS,n,2.0NRT,283.86,0.04,N
-27.14183,20.67792,320.01,0.38,0.58,2026-10-06,26,N21,VIIRS,n,2.0NRT,285.52,0.09,N
-17.83817,177.42303,334.17,0.45,0.63,2026-10-06,105,N21,VIIRS,n,2.0NRT,291.62,4.38,D
-17.52368,178.04637,332.64,0.41,0.6,2026-10-06,105,N21,VIIRS,n,2.0NRT,276.28,3.23,D
-17.50484,178.27739,347.98,0.39,0.59,2026-10-06,105,N21,VIIRS,n,2.0NRT,291.52,9.74,D
-17.50447,178.28098,336.14,0.39,0.59,2026-10-06,105,N21,VIIRS,n,2.0NRT,292.1,9.57,D
-17.50365,178.28008,328.66,0.39,0.59,2026-10-06,105,N21,VIIRS,n,2.0NRT,291.85,4.15,D
-17.37877,178.03796,352.41,0.4,0.6,2026-10-06,105,N21,VIIRS,n,2.0NRT,285.08,7.08,D
-16.56088,179.37004,333.53,0.32,0.55,2026-10-06,105,N21,VIIRS,n,2.0NRT,293.11,2.98,D
-16.48488,179.28009,352.7,0.33,0.55,2026-10-06,105,N21,VIIRS,n,2.0NRT,296.24,5.69,D
-16.47802,179.3399,330.33,0.32,0.55,2026-10-06,105,N21,VIIRS,n,2.0NRT,292.43,9.74,D
-16.47264,179.34229,367,0.32,0.55,2026-10-06,105,N21,VIIRS,h,2.0NRT,292.47,9.74,D
-16.4703,179.27292,340.53,0.33,0.55,2026-10-06,105,N21,VIIRS,n,2.0NRT,294.7,7.62,D
-16.47001,179.27553,367,0.33,0.55,2026-10-06,105,N21,VIIRS,h,2.0NRT,295.86,7.62,D
-16.46971,179.27815,345.81,0.33,0.55,2026-10-06,105,N21,VIIRS,n,2.0NRT,296.39,5.81,D
-16.46939,179.28099,334.69,0.33,0.55,2026-10-06,105,N21,VIIRS,n,2.0NRT,295.69,5.81,D
-16.46583,179.35712,347.29,0.32,0.55,2026-10-06,105,N21,VIIRS,n,2.0NRT,293.43,4.3,D
-16.46462,179.2778,334.63,0.33,0.55,2026-10-06,105,N21,VIIRS,n,2.0NRT,293.89,2.79,D
-16.41955,179.31834,352.82,0.32,0.55,2026-10-06,105,N21,VIIRS,n,2.0NRT,297.56,12.77,D
-16.4192,179.3176,353.06,0.32,0.55,2026-10-06,105,N21,VIIRS,n,2.0NRT,295.43,14.79,D
-16.41919,179.32135,344.44,0.32,0.55,2026-10-06,105,N21,VIIRS,n,2.0NRT,296.66,12.77,D
-16.41887,179.32065,367,0.32,0.55,2026-10-06,105,N21,VIIRS,h,2.0NRT,298.88,17.08,D
-16.41753,179.33269,326.93,0.32,0.55,2026-10-06,105,N21,VIIRS,n,2.0NRT,296.18,3.92,D
-16.40804,179.32924,339.97,0.32,0.55,2026-10-06,105,N21,VIIRS,n,2.0NRT,296.97,5.85,D
-16.39778,179.46506,325.62,0.63,0.54,2026-10-06,105,N21,VIIRS,n,2.0NRT,291.97,6.38,D
54.62619,160.31401,327.84,0.52,0.42,2026-10-06,124,N21,VIIRS,n,2.0NRT,290.19,6.63,D
67.83668,58.93326,319.33,0.51,0.66,2026-10-06,137,N21,VIIRS,n,2.0NRT,268.38,2.58,N
67.83791,58.93658,325.92,0.51,0.66,2026-10-06,137,N21,VIIRS,n,2.0NRT,268.43,2.85,N
65.03779,56.66621,301.46,0.71,0.75,2026-10-06,139,N21,VIIRS,n,2.0NRT,266.05,4.63,N
65.04333,56.65842,320.39,0.71,0.75,2026-10-06,139,N21,VIIRS,n,2.0NRT,267.49,6.08,N
65.20463,57.12983,295.9,0.7,0.75,2026-10-06,139,N21,VIIRS,n,2.0NRT,267.53,1.34,N
65.20637,57.13165,302.94,0.7,0.75,2026-10-06,139,N21,VIIRS,n,2.0NRT,267.17,1.64,N
67.61121,55.1218,296.29,0.47,0.64,2026-10-06,139,N21,VIIRS,n,2.0NRT,270.79,0.66,N
51.88924,29.34362,310.87,0.7,0.75,2026-10-06,141,N21,VIIRS,n,2.0NRT,278.79,4.09,N
51.88968,29.33536,298.26,0.7,0.75,2026-10-06,141,N21,VIIRS,n,2.0NRT,278.63,2.32,N
57.0605,9.97828,318.94,0.39,0.36,2026-10-06,141,N21,VIIRS,n,2.0NRT,284.63,2.06,N
59.12803,9.62525,301.06,0.39,0.36,2026-10-06,141,N21,VIIRS,n,2.0NRT,280.61,0.62,N
60.30907,25.5337,313.91,0.49,0.49,2026-10-06,141,N21,VIIRS,n,2.0NRT,282.44,4.71,N
60.31132,25.52593,332.82,0.49,0.49,2026-10-06,141,N21,VIIRS,n,2.0NRT,283.1,4.71,N
61.23665,21.79168,341.29,0.54,0.42,2026-10-06,141,N21,VIIRS,n,2.0NRT,283.74,10.81,N
64.66344,21.28695,319.03,0.44,0.38,2026-10-06,141,N21,VIIRS,n,2.0NRT,275.24,7.63,N
64.66521,21.27868,326.45,0.44,0.38,2026-10-06,141,N21,VIIRS,n,2.0NRT,272.02,6.86,N
46.3019,21.96189,303.33,0.58,0.69,2026-10-06,143,N21,VIIRS,n,2.0NRT,280.85,2.27,N
46.30547,21.96046,311.35,0.58,0.69,2026-10-06,143,N21,VIIRS,n,2.0NRT,282.11,2.65,N
47.27608,18.90233,295.16,0.39,0.6,2026-10-06,143,N21,VIIRS,n,2.0NRT,282.43,0.84,N
48.26012,14.32912,299.81,0.47,0.48,2026-10-06,143,N21,VIIRS,n,2.0NRT,283.96,1.18,N
48.27247,14.33606,337.8,0.47,0.48,2026-10-06,143,N21,VIIRS,n,2.0NRT,285.52,7.54,N
48.2751,14.34438,295.4,0.47,0.48,2026-10-06,143,N21,VIIRS,n,2.0NRT,283.67,7.54,N
48.2754,14.32416,330.77,0.47,0.48,2026-10-06,143,N21,VIIRS,n,2.0NRT,285.7,4.5,N
48.27658,14.3384,344.35,0.47,0.48,2026-10-06,143,N21,VIIRS,n,2.0NRT,288.13,7.54,N
48.27805,14.33243,296.28,0.47,0.48,2026-10-06,143,N21,VIIRS,n,2.0NRT,285.18,4.5,N
48.28362,14.32881,299.93,0.47,0.48,2026-10-06,143,N21,VIIRS,n,2.0NRT,285.9,1.41,N
48.60308,21.17895,305,0.45,0.63,2026-10-06,143,N21,VIIRS,n,2.0NRT,279.49,1.86,N
48.6083,21.18272,295.73,0.45,0.63,2026-10-06,143,N21,VIIRS,n,2.0NRT,280.62,3.04,N
48.61,21.19757,299.52,0.45,0.63,2026-10-06,143,N21,VIIRS,n,2.0NRT,281.51,1.82,N
48.77566,10.70178,298.18,0.49,0.41,2026-10-06,143,N21,VIIRS,n,2.0NRT,281.16,1.01,N
48.9723,24.70947,298.63,0.6,0.71,2026-10-06,143,N21,VIIRS,n,2.0NRT,278.81,1.22,N
49.67887,18.66205,309.75,0.32,0.55,2026-10-06,143,N21,VIIRS,n,2.0NRT,280.87,1.29,N
49.68581,18.65706,297.37,0.32,0.55,2026-10-06,143,N21,VIIRS,n,2.0NRT,281.08,1.6,N
49.68696,18.65302,314.38,0.32,0.55,2026-10-06,143,N21,VIIRS,n,2.0NRT,281.03,1.77,N
49.72554,19.46097,295.19,0.35,0.57,2026-10-06,143,N21,VIIRS,n,2.0NRT,273.88,0.4,N
49.7708,11.02293,297.2,0.49,0.4,2026-10-06,143,N21,VIIRS,n,2.0NRT,281.12,0.6,N
50.0319,8.25546,296.22,0.41,0.37,2026-10-06,143,N21,VIIRS,n,2.0NRT,283.1,0.56,N
50.33403,19.28962,295.95,0.33,0.55,2026-10-06,143,N21,VIIRS,n,2.0NRT,282.21,1.01,N
50.3443,19.29203,295.16,0.33,0.55,2026-10-06,143,N21,VIIRS,n,2.0NRT,281.03,1.04,N
50.40285,3.56478,302.49,0.4,0.37,2026-10-06,143,N21,VIIRS,n,2.0NRT,280.77,1.22,N
50.40891,4.41461,309.38,0.39,0.36,2026-10-06,143,N21,VIIRS,n,2.0NRT,281.21,0.96,N
50.41218,4.41577,299.13,0.39,0.36,2026-10-06,143,N21,VIIRS,n,2.0NRT,280.25,0.96,N
50.47305,3.9928,311.47,0.39,0.36,2026-10-06,143,N21,VIIRS,n,2.0NRT,285.86,1.84,N
50.53566,17.97747,297.61,0.57,0.52,2026-10-06,143,N21,VIIRS,n,2.0NRT,279.22,1.84,N
50.57112,5.37098,306.39,0.38,0.36,2026-10-06,143,N21,VIIRS,n,2.0NRT,283.61,1.5,N
50.57394,3.4434,297.07,0.4,0.37,2026-10-06,143,N21,VIIRS,n,2.0NRT,283.32,0.65,N
50.59927,3.48694,301.41,0.4,0.37,2026-10-06,143,N21,VIIRS,n,2.0NRT,284.77,1.06,N
50.76168,5.67335,298.94,0.38,0.36,2026-10-06,143,N21,VIIRS,n,2.0NRT,283.93,0.76,N
50.76492,5.6746,295.4,0.38,0.36,2026-10-06,143,N21,VIIRS,n,2.0NRT,284.21,0.76,N
50.92705,21.67432,314.12,0.39,0.59,2026-10-06,143,N21,VIIRS,n,2.0NRT,281.51,1.88,N
50.92973,21.67476,312.55,0.39,0.59,2026-10-06,143,N21,VIIRS,n,2.0NRT,282.26,1.75,N
50.97041,1.89763,295.83,0.43,0.38,2026-10-06,143,N21,VIIRS,n,2.0NRT,283.95,0.56,N
51.02298,2.26682,295.05,0.43,0.38,2026-10-06,143,N21,VIIRS,n,2.0NRT,283.62,0.45,N
51.02492,2.27992,297.91,0.43,0.38,2026-10-06,143,N21,VIIRS,n,2.0NRT,284.06,0.99,N
51.02567,2.2739,300.3,0.43,0.38,2026-10-06,143,N21,VIIRS,n,2.0NRT,283.26,2.47,N
51.02641,2.2679,326.88,0.43,0.38,2026-10-06,143,N21,VIIRS,n,2.0NRT,285.41,2.47,N
51.03104,2.28806,318.07,0.43,0.38,2026-10-06,143,N21,VIIRS,n,2.0NRT,286.74,2.38,N
51.03254,2.27604,321.2,0.43,0.38,2026-10-06,143,N21,VIIRS,n,2.0NRT,284.93,2.15,N
51.04059,2.29727,316.49,0.42,0.38,2026-10-06,143,N21,VIIRS,n,2.0NRT,288.05,1.72,N
51.04134,2.29126,305.68,0.43,0.38,2026-10-06,143,N21,VIIRS,n,2.0NRT,286.42,1.46,N
51.04402,2.29834,332.31,0.42,0.38,2026-10-06,143,N21,VIIRS,n,2.0NRT,289.66,4.66,N
51.04519,2.31743,301.13,0.42,0.38,2026-10-06,143,N21,VIIRS,n,2.0NRT,287.04,1.07,N
51.16006,3.79813,332.87,0.4,0.37,2026-10-06,143,N21,VIIRS,n,2.0NRT,287.48,7.71,N
51.16515,3.81169,327.92,0.4,0.37,2026-10-06,143,N21,VIIRS,n,2.0NRT,286.11,4.38,N
51.16592,3.80607,327.86,0.4,0.37,2026-10-06,143,N21,VIIRS,n,2.0NRT,286.84,2.71,N
51.16692,3.82408,326.22,0.4,0.37,2026-10-06,143,N21,VIIRS,n,2.0NRT,284.47,1.85,N
51.16697,4.33416,300.44,0.39,0.36,2026-10-06,143,N21,VIIRS,n,2.0NRT,284.93,0.7,N
51.16769,3.81846,297.99,0.4,0.37,2026-10-06,143,N21,VIIRS,n,2.0NRT,285.89,4.38,N
51.16846,3.81284,343.44,0.4,0.37,2026-10-06,143,N21,VIIRS,n,2.0NRT,287.66,4.38,N
51.16924,3.80722,316.8,0.4,0.37,2026-10-06,143,N21,VIIRS,n,2.0NRT,288.09,2.71,N
51.17255,3.80837,346.61,0.4,0.37,2026-10-06,143,N21,VIIRS,n,2.0NRT,292.92,6.36,N
51.17588,3.80952,312.19,0.4,0.37,2026-10-06,143,N21,VIIRS,n,2.0NRT,287.84,6.36,N
51.18195,16.11793,331.79,0.46,0.47,2026-10-06,143,N21,VIIRS,n,2.0NRT,279,4.52,N
51.18251,3.81181,303.45,0.4,0.37,2026-10-06,143,N21,VIIRS,n,2.0NRT,286.6,0.98,N
51.18576,4.32346,296.84,0.39,0.36,2026-10-06,143,N21,VIIRS,n,2.0NRT,285.03,0.49,N
51.25505,4.33866,304.45,0.39,0.36,2026-10-06,143,N21,VIIRS,n,2.0NRT,289.01,1.04,N
51.26727,4.32556,301.97,0.39,0.36,2026-10-06,143,N21,VIIRS,n,2.0NRT,289.04,1.64,N
51.27086,11.65991,299.99,0.48,0.4,2026-10-06,143,N21,VIIRS,n,2.0NRT,281.26,1.27,N
51.29572,7.00839,319.38,0.39,0.36,2026-10-06,143,N21,VIIRS,n,2.0NRT,284.68,2.3,N
51.36254,6.70696,298.8,0.39,0.36,2026-10-06,143,N21,VIIRS,n,2.0NRT,284.2,1.98,N
51.36292,10.47942,301.2,0.44,0.38,2026-10-06,143,N21,VIIRS,n,2.0NRT,281.95,0.78,N
51.3649,6.71371,299.51,0.39,0.36,2026-10-06,143,N21,VIIRS,n,2.0NRT,283.52,1.35,N
51.36578,6.7083,334.49,0.39,0.36,2026-10-06,143,N21,VIIRS,n,2.0NRT,288.46,1.98,N
51.36665,6.70289,299.28,0.39,0.36,2026-10-06,143,N21,VIIRS,n,2.0NRT,285.65,1.98,N
51.36725,6.72046,313.08,0.39,0.36,2026-10-06,143,N21,VIIRS,n,2.0NRT,283.68,1.57,N
51.36813,6.71505,311.34,0.39,0.36,2026-10-06,143,N21,VIIRS,n,2.0NRT,285.43,1.57,N
51.36901,6.70964,316.11,0.39,0.36,2026-10-06,143,N21,VIIRS,n,2.0NRT,285.36,2.39,N
51.42634,6.73925,297.02,0.39,0.36,2026-10-06,143,N21,VIIRS,n,2.0NRT,284.89,0.64,N
51.46049,6.74265,317.79,0.39,0.36,2026-10-06,143,N21,VIIRS,n,2.0NRT,284.74,1.91,N
51.48106,6.7223,329.13,0.38,0.36,2026-10-06,143,N21,VIIRS,n,2.0NRT,285.16,4.85,N
51.48194,6.71688,326.75,0.38,0.36,2026-10-06,143,N21,VIIRS,n,2.0NRT,286.08,3.7,N
51.48281,6.71146,307.32,0.38,0.36,2026-10-06,143,N21,VIIRS,n,2.0NRT,285.26,3.7,N
51.4837,6.70605,344.34,0.38,0.36,2026-10-06,143,N21,VIIRS,n,2.0NRT,290.97,6.82,N
51.48605,6.71281,306.85,0.38,0.36,2026-10-06,143,N21,VIIRS,n,2.0NRT,285.84,1.29,N
51.48664,6.73041,295.74,0.39,0.36,2026-10-06,143,N21,VIIRS,n,2.0NRT,285.53,0.64,N
51.49723,6.72903,299.07,0.38,0.36,2026-10-06,143,N21,VIIRS,n,2.0NRT,285.58,0.59,N
51.4981,6.72362,301.29,0.38,0.36,2026-10-06,143,N21,VIIRS,n,2.0NRT,285.85,0.88,N
51.50046,6.73038,298.33,0.38,0.36,2026-10-06,143,N21,VIIRS,n,2.0NRT,287.57,0.59,N
51.50134,6.72496,303.39,0.38,0.36,2026-10-06,143,N21,VIIRS,n,2.0NRT,289.65,0.88,N
51.50281,6.73714,306.48,0.39,0.36,2026-10-06,143,N21,VIIRS,n,2.0NRT,286.34,0.99,N
51.50604,6.73849,302.31,0.39,0.36,2026-10-06,143,N21,VIIRS,n,2.0NRT,286.83,0.99,N
51.51958,6.97262,303.55,0.39,0.36,2026-10-06,143,N21,VIIRS,n,2.0NRT,286.04,1.09,N
51.61714,8.51004,305.75,0.4,0.37,2026-10-06,143,N21,VIIRS,n,2.0NRT,285.23,1.06,N
51.62238,8.50042,303.27,0.4,0.37,2026-10-06,143,N21,VIIRS,n,2.0NRT,284.73,1.03,N
51.76394,8.05364,301.7,0.39,0.36,2026-10-06,143,N21,VIIRS,n,2.0NRT,283.05,0.67,N
51.76612,8.05549,301.65,0.39,0.36,2026-10-06,143,N21,VIIRS,n,2.0NRT,283.48,0.91,N
51.80535,12.1777,324.13,0.48,0.4,2026-10-06,143,N21,VIIRS,n,2.0NRT,280.82,2.07,N
51.81168,11.75461,297.43,0.47,0.4,2026-10-06,143,N21,VIIRS,n,2.0NRT,283.91,0.84,N
51.85785,8.03113,301.91,0.39,0.36,2026-10-06,143,N21,VIIRS,n,2.0NRT,283.78,1.17,N
51.85929,-0.27934,318.69,0.52,0.41,2026-10-06,143,N21,VIIRS,n,2.0NRT,283.26,3.11,N
52.15022,10.39813,337.77,0.43,0.38,2026-10-06,143,N21,VIIRS,n,2.0NRT,286.02,6.55,N
52.1524,10.40588,301.4,0.43,0.38,2026-10-06,143,N21,VIIRS,n,2.0NRT,283.69,2.71,N
52.15356,10.39986,310.71,0.43,0.38,2026-10-06,143,N21,VIIRS,n,2.0NRT,285.9,2.23,N
52.15575,10.4076,333.84,0.43,0.38,2026-10-06,143,N21,VIIRS,n,2.0NRT,286.41,2.71,N
52.15691,10.40158,304.95,0.43,0.38,2026-10-06,143,N21,VIIRS,n,2.0NRT,284.33,2.23,N
52.15792,10.41534,309.98,0.43,0.38,2026-10-06,143,N21,VIIRS,n,2.0NRT,284.91,3.18,N
52.16127,10.41706,334.15,0.43,0.38,2026-10-06,143,N21,VIIRS,n,2.0NRT,288.09,3.18,N
52.1623,10.43081,300.78,0.43,0.38,2026-10-06,143,N21,VIIRS,n,2.0NRT,284.2,1.08,N
52.16565,10.43254,298.34,0.43,0.38,2026-10-06,143,N21,VIIRS,n,2.0NRT,283.75,1.08,N
52.17183,14.6107,321.81,0.57,0.43,2026-10-06,143,N21,VIIRS,n,2.0NRT,284.4,4.1,N
52.17189,14.62885,298.71,0.57,0.43,2026-10-06,143,N21,VIIRS,n,2.0NRT,281.59,2.35,N
52.17336,7.89001,303.48,0.39,0.36,2026-10-06,143,N21,VIIRS,n,2.0NRT,283.65,0.99,N
52.20895,8.04974,307.65,0.39,0.36,2026-10-06,143,N21,VIIRS,n,2.0NRT,284.43,1.62,N
52.2099,8.04417,311.82,0.39,0.36,2026-10-06,143,N21,VIIRS,n,2.0NRT,283.87,1.26,N
52.47725,4.58559,296.91,0.4,0.37,2026-10-06,143,N21,VIIRS,n,2.0NRT,284.52,0.74,N
52.48225,4.59954,297.42,0.4,0.37,2026-10-06,143,N21,VIIRS,n,2.0NRT,283.87,0.54,N
52.48304,4.5938,295.99,0.4,0.37,2026-10-06,143,N21,VIIRS,n,2.0NRT,283.33,0.54,N
52.48385,4.58805,296.42,0.4,0.37,2026-10-06,143,N21,VIIRS,n,2.0NRT,282.35,0.8,N
52.48748,13.83727,298.17,0.53,0.42,2026-10-06,143,N21,VIIRS,n,2.0NRT,283.11,1.28,N
52.49054,4.61471,304.59,0.4,0.37,2026-10-06,143,N21,VIIRS,n,2.0NRT,284.71,1.04,N
52.49134,4.60897,298.03,0.4,0.37,2026-10-06,143,N21,VIIRS,n,2.0NRT,283.99,1.04,N
52.49384,4.61594,296.52,0.4,0.37,2026-10-06,143,N21,VIIRS,n,2.0NRT,285.33,1.04,N
52.49465,4.61019,323.15,0.4,0.37,2026-10-06,143,N21,VIIRS,n,2.0NRT,284.77,1.04,N
52.60577,13.31837,295.99,0.51,0.41,2026-10-06,143,N21,VIIRS,n,2.0NRT,281.99,0.5,N
53.12932,8.67785,325.72,0.39,0.36,2026-10-06,143,N21,VIIRS,n,2.0NRT,283.07,3.52,N
53.13256,8.67939,332.09,0.39,0.36,2026-10-06,143,N21,VIIRS,n,2.0NRT,284.87,4.8,N
53.13383,8.69232,311.11,0.39,0.36,2026-10-06,143,N21,VIIRS,n,2.0NRT,282.25,1.54,N
53.13481,8.68663,311.73,0.39,0.36,2026-10-06,143,N21,VIIRS,n,2.0NRT,283.48,1.54,N
53.1358,8.68094,299.18,0.39,0.36,2026-10-06,143,N21,VIIRS,n,2.0NRT,282.25,4.8,N
53.14002,8.6768,306.5,0.39,0.36,2026-10-06,143,N21,VIIRS,n,2.0NRT,283.05,1.36,N
53.50915,10.03875,296.44,0.41,0.37,2026-10-06,143,N21,VIIRS,n,2.0NRT,279.97,1.44,N
53.51023,10.03282,319.02,0.41,0.37,2026-10-06,143,N21,VIIRS,n,2.0NRT,281.21,1.44,N
53.51242,10.04044,296.18,0.41,0.37,2026-10-06,143,N21,VIIRS,n,2.0NRT,281.22,0.88,N
53.51351,10.03451,306.82,0.41,0.37,2026-10-06,143,N21,VIIRS,n,2.0NRT,281.95,0.88,N
53.51974,9.90207,329.58,0.4,0.37,2026-10-06,143,N21,VIIRS,n,2.0NRT,282.81,7.71,N
53.52301,9.90375,324.73,0.4,0.37,2026-10-06,143,N21,VIIRS,n,2.0NRT,282.88,2.48,N
39.53873,16.14382,300.47,0.5,0.66,2026-10-06,145,N21,VIIRS,n,2.0NRT,282.12,1.65,N
40.95246,15.66969,297.48,0.43,0.62,2026-10-06,145,N21,VIIRS,n,2.0NRT,283.32,0.73,N
41.987,20.53802,315.73,0.69,0.74,2026-10-06,145,N21,VIIRS,n,2.0NRT,270.54,2.77,N
41.99056,20.53617,308.32,0.69,0.74,2026-10-06,145,N21,VIIRS,n,2.0NRT,269.46,3.08,N
42.16333,21.5254,299.98,0.76,0.77,2026-10-06,145,N21,VIIRS,n,2.0NRT,265.62,1.65,N
42.81865,21.08212,297.24,0.69,0.74,2026-10-06,145,N21,VIIRS,n,2.0NRT,276.09,0.89,N
42.92829,18.90802,295.3,0.54,0.68,2026-10-06,145,N21,VIIRS,n,2.0NRT,276.35,4.1,N
42.9311,18.87753,307.39,0.54,0.68,2026-10-06,145,N21,VIIRS,n,2.0NRT,282.45,4.64,N
42.93286,18.87195,324.1,0.54,0.68,2026-10-06,145,N21,VIIRS,n,2.0NRT,284,4.64,N
42.93357,18.89121,313.06,0.54,0.68,2026-10-06,145,N21,VIIRS,n,2.0NRT,280.27,6.02,N
42.93562,18.88471,334.43,0.54,0.68,2026-10-06,145,N21,VIIRS,n,2.0NRT,282.2,6.02,N
42.93739,18.87911,300.8,0.54,0.68,2026-10-06,145,N21,VIIRS,n,2.0NRT,278.69,4.64,N
42.93909,18.87369,333.44,0.54,0.68,2026-10-06,145,N21,VIIRS,n,2.0NRT,279.69,4.64,N
42.9409,18.86798,303.77,0.54,0.68,2026-10-06,145,N21,VIIRS,n,2.0NRT,277.33,7.65,N
43.03545,-2.22023,299.51,0.49,0.4,2026-10-06,145,N21,VIIRS,n,2.0NRT,286.66,0.92,N
43.03913,-2.21947,301.97,0.49,0.4,2026-10-06,145,N21,VIIRS,n,2.0NRT,287.39,0.92,N
43.12829,18.5455,295.24,0.51,0.66,2026-10-06,145,N21,VIIRS,n,2.0NRT,272.38,2.75,N
43.13063,18.54531,301.46,0.51,0.66,2026-10-06,145,N21,VIIRS,n,2.0NRT,274.87,1.78,N
43.43425,4.88868,322.11,0.4,0.37,2026-10-06,145,N21,VIIRS,n,2.0NRT,290.47,2.55,N
43.44248,4.9017,308.54,0.4,0.37,2026-10-06,145,N21,VIIRS,n,2.0NRT,288.19,0.97,N
43.44256,4.88116,311.75,0.4,0.37,2026-10-06,145,N21,VIIRS,n,2.0NRT,288.71,1.7,N
43.44333,4.89683,313.73,0.4,0.37,2026-10-06,145,N21,VIIRS,n,2.0NRT,289.45,1.92,N
43.44502,4.88711,298.47,0.4,0.37,2026-10-06,145,N21,VIIRS,n,2.0NRT,287.79,0.48,N
43.44664,4.89793,313.28,0.4,0.37,2026-10-06,145,N21,VIIRS,n,2.0NRT,289.49,1.92,N
43.45094,4.85312,303.99,0.4,0.37,2026-10-06,145,N21,VIIRS,n,2.0NRT,289.02,0.58,N
43.64585,17.58768,318.85,0.45,0.63,2026-10-06,145,N21,VIIRS,n,2.0NRT,275.69,5.1,N
43.64776,17.58912,321.2,0.45,0.63,2026-10-06,145,N21,VIIRS,n,2.0NRT,276.82,3.1,N
43.98658,1.22864,297.23,0.4,0.37,2026-10-06,145,N21,VIIRS,n,2.0NRT,286.05,0.67,N
44.14257,18.04917,305.59,0.45,0.63,2026-10-06,145,N21,VIIRS,n,2.0NRT,281.85,1.12,N
44.37903,8.29123,295.78,0.49,0.4,2026-10-06,145,N21,VIIRS,n,2.0NRT,285.4,0.72,N
44.74737,22.32597,298.11,0.68,0.74,2026-10-06,145,N21,VIIRS,n,2.0NRT,283.26,2.96,N
44.74984,22.31883,299.96,0.67,0.74,2026-10-06,145,N21,VIIRS,n,2.0NRT,282.33,2.33,N
44.76663,22.30481,307.09,0.67,0.74,2026-10-06,145,N21,VIIRS,n,2.0NRT,285.44,3.15,N
44.77021,22.30349,306.83,0.67,0.74,2026-10-06,145,N21,VIIRS,n,2.0NRT,286.18,3.15,N
44.83702,20.91363,314.11,0.58,0.7,2026-10-06,145,N21,VIIRS,n,2.0NRT,274.96,3.94,N
44.9008,22.47451,298.61,0.68,0.74,2026-10-06,145,N21,VIIRS,n,2.0NRT,283.21,2.44,N
44.99507,21.24991,306.49,0.59,0.7,2026-10-06,145,N21,VIIRS,n,2.0NRT,275.06,3.17,N
45.00943,21.14227,297.09,0.59,0.7,2026-10-06,145,N21,VIIRS,n,2.0NRT,274.71,1.22,N
45.04786,19.4197,295.53,0.49,0.65,2026-10-06,145,N21,VIIRS,n,2.0NRT,273.99,0.86,N
45.07399,5.87216,299.04,0.41,0.37,2026-10-06,145,N21,VIIRS,n,2.0NRT,287.59,0.67,N
45.10821,19.45171,298.88,0.49,0.65,2026-10-06,145,N21,VIIRS,n,2.0NRT,277.85,1.28,N
45.14355,9.94268,321.13,0.55,0.42,2026-10-06,145,N21,VIIRS,n,2.0NRT,285.38,5.2,N
45.14631,9.94329,322.99,0.55,0.42,2026-10-06,145,N21,VIIRS,n,2.0NRT,285.89,4.61,N
45.42905,20.76838,295.37,0.55,0.68,2026-10-06,145,N21,VIIRS,n,2.0NRT,274.69,0.87,N
45.4292,20.76545,296.07,0.55,0.68,2026-10-06,145,N21,VIIRS,n,2.0NRT,275.05,1.05,N
45.45957,10.45386,326.15,0.56,0.43,2026-10-06,145,N21,VIIRS,n,2.0NRT,285.55,5.92,N
45.46593,19.5857,297.11,0.48,0.65,2026-10-06,145,N21,VIIRS,n,2.0NRT,274.46,1.28,N
45.46662,19.58782,298.84,0.48,0.65,2026-10-06,145,N21,VIIRS,n,2.0NRT,274.66,0.83,N
45.47867,10.21406,306.21,0.55,0.43,2026-10-06,145,N21,VIIRS,n,2.0NRT,283.68,1.92,N
45.50814,10.24942,304.14,0.55,0.43,2026-10-06,145,N21,VIIRS,n,2.0NRT,285.81,0.99,N
45.51184,19.44135,295.07,0.47,0.64,2026-10-06,145,N21,VIIRS,n,2.0NRT,274.45,0.97,N
45.6374,9.60478,300.61,0.52,0.41,2026-10-06,145,N21,VIIRS,n,2.0NRT,278.84,1.66,N
45.66918,10.10634,297.72,0.54,0.42,2026-10-06,145,N21,VIIRS,n,2.0NRT,281.74,0.99,N
45.67088,10.10835,301.31,0.54,0.42,2026-10-06,145,N21,VIIRS,n,2.0NRT,282.19,0.9,N
45.68273,9.46414,296.35,0.51,0.41,2026-10-06,145,N21,VIIRS,n,2.0NRT,284.74,0.75,N
45.73227,19.37512,295.47,0.46,0.64,2026-10-06,145,N21,VIIRS,n,2.0NRT,275.21,1.99,N
45.73394,19.36971,310.31,0.46,0.64,2026-10-06,145,N21,VIIRS,n,2.0NRT,276.6,2.54,N
45.78021,8.68592,296.18,0.48,0.4,2026-10-06,145,N21,VIIRS,n,2.0NRT,284.87,0.79,N
46.11008,19.70143,298.03,0.47,0.64,2026-10-06,145,N21,VIIRS,n,2.0NRT,275.09,1.4,N
46.25061,3.42401,300.34,0.38,0.36,2026-10-06,145,N21,VIIRS,n,2.0NRT,284.96,0.8,N
46.80661,-0.13759,298.73,0.45,0.39,2026-10-06,145,N21,VIIRS,n,2.0NRT,286.67,0.85,N
47.62954,7.23365,297.79,0.41,0.37,2026-10-06,145,N21,VIIRS,n,2.0NRT,283.03,0.67,N
48.10634,-1.03958,297.55,0.5,0.41,2026-10-06,145,N21,VIIRS,n,2.0NRT,286.75,1.04,N
48.109,-1.039,296.53,0.5,0.41,2026-10-06,145,N21,VIIRS,n,2.0NRT,286.01,0.8,N
48.12689,-0.83754,295.89,0.49,0.4,2026-10-06,145,N21,VIIRS,n,2.0NRT,283.95,0.79,N
48.16848,3.92518,303.27,0.39,0.36,2026-10-06,145,N21,VIIRS,n,2.0NRT,283.44,0.59,N
48.16924,3.92007,298.42,0.39,0.36,2026-10-06,145,N21,VIIRS,n,2.0NRT,285.22,0.59,N
48.17826,3.92845,298.79,0.39,0.36,2026-10-06,145,N21,VIIRS,n,2.0NRT,283.24,0.65,N
48.18153,3.92954,295.95,0.39,0.36,2026-10-06,145,N21,VIIRS,n,2.0NRT,283.09,0.65,N
48.22668,-4.27629,337.08,0.45,0.47,2026-10-06,145,N21,VIIRS,n,2.0NRT,289.48,4.21,N
48.22714,-4.28242,298.75,0.45,0.47,2026-10-06,145,N21,VIIRS,n,2.0NRT,284.9,4.21,N
48.36666,9.73684,297.51,0.47,0.4,2026-10-06,145,N21,VIIRS,n,2.0NRT,281.75,0.39,N
48.51079,10.85478,302.81,0.51,0.41,2026-10-06,145,N21,VIIRS,n,2.0NRT,280.6,1.6,N
48.56366,6.109,301.05,0.39,0.36,2026-10-06,145,N21,VIIRS,n,2.0NRT,282.05,1.09,N
48.5966,7.8242,308.12,0.41,0.37,2026-10-06,145,N21,VIIRS,n,2.0NRT,284.17,1.56,N
48.59761,7.81875,309.89,0.41,0.37,2026-10-06,145,N21,VIIRS,n,2.0NRT,287.45,1.56,N
48.68938,6.96785,297.35,0.4,0.37,2026-10-06,145,N21,VIIRS,n,2.0NRT,282.82,0.76,N
48.76802,4.5618,300.78,0.38,0.36,2026-10-06,145,N21,VIIRS,n,2.0NRT,284.98,0.63,N
49.34728,6.74533,296.94,0.39,0.36,2026-10-06,145,N21,VIIRS,n,2.0NRT,284.39,0.94,N
49.34908,6.73481,296.08,0.39,0.36,2026-10-06,145,N21,VIIRS,n,2.0NRT,284.12,0.58,N
49.35705,6.74925,324.11,0.39,0.36,2026-10-06,145,N21,VIIRS,n,2.0NRT,287.37,4.08,N
49.35886,6.73871,326.04,0.39,0.36,2026-10-06,145,N21,VIIRS,n,2.0NRT,284.57,2.02,N
49.4761,0.53565,304.32,0.46,0.39,2026-10-06,145,N21,VIIRS,n,2.0NRT,284.72,1.05,N
49.50328,5.95841,322.75,0.39,0.36,2026-10-06,145,N21,VIIRS,n,2.0NRT,282.75,2.25,N
49.5232,5.89961,296.7,0.39,0.36,2026-10-06,145,N21,VIIRS,n,2.0NRT,283.87,0.6,N
49.52644,5.90086,301.79,0.39,0.36,2026-10-06,145,N21,VIIRS,n,2.0NRT,281.79,0.98,N
33.85769,12.05767,325.99,0.43,0.62,2026-10-06,147,N21,VIIRS,n,2.0NRT,293.77,2.82,N
33.86039,12.06068,334.24,0.43,0.62,2026-10-06,147,N21,VIIRS,n,2.0NRT,293.46,2.46,N
33.86158,12.05622,305.09,0.43,0.62,2026-10-06,147,N21,VIIRS,n,2.0NRT,292.82,2.46,N
33.91801,12.67682,304.85,0.47,0.64,2026-10-06,147,N21,VIIRS,n,2.0NRT,293.41,2.3,N
35.23339,8.17159,305.58,0.49,0.49,2026-10-06,147,N21,VIIRS,n,2.0NRT,284.38,1.6,N
35.34591,5.76346,300.01,0.55,0.43,2026-10-06,147,N21,VIIRS,n,2.0NRT,286.2,0.74,N
35.34892,5.76345,323.75,0.55,0.43,2026-10-06,147,N21,VIIRS,n,2.0NRT,288.17,4.85,N
35.3497,5.76467,313.98,0.55,0.43,2026-10-06,147,N21,VIIRS,n,2.0NRT,286.13,2.1,N
35.68304,4.51877,304.45,0.48,0.4,2026-10-06,147,N21,VIIRS,n,2.0NRT,288.12,0.5,N
35.70657,4.47848,300.78,0.48,0.4,2026-10-06,147,N21,VIIRS,n,2.0NRT,288.48,0.69,N
35.70757,4.47333,299.33,0.48,0.4,2026-10-06,147,N21,VIIRS,n,2.0NRT,288.49,0.69,N
35.70982,4.47738,303.72,0.48,0.4,2026-10-06,147,N21,VIIRS,n,2.0NRT,288.43,1.28,N
35.87937,4.44774,311.68,0.47,0.4,2026-10-06,147,N21,VIIRS,n,2.0NRT,290.17,2.09,N
36.12532,1.24013,308.04,0.39,0.36,2026-10-06,147,N21,VIIRS,n,2.0NRT,286.18,1.21,N
36.1286,1.24095,314.75,0.39,0.36,2026-10-06,147,N21,VIIRS,n,2.0NRT,287.93,1.21,N
36.13833,2.92888,299.77,0.42,0.37,2026-10-06,147,N21,VIIRS,n,2.0NRT,281.99,0.46,N
36.17606,5.57096,300.32,0.52,0.42,2026-10-06,147,N21,VIIRS,n,2.0NRT,285.46,0.87,N
36.1801,3.7492,312.13,0.44,0.38,2026-10-06,147,N21,VIIRS,n,2.0NRT,287.59,1.86,N
36.19135,5.45622,310.44,0.52,0.41,2026-10-06,147,N21,VIIRS,n,2.0NRT,283.38,1.71,N
36.19429,5.6376,314.98,0.53,0.42,2026-10-06,147,N21,VIIRS,n,2.0NRT,284.85,2.27,N
36.33174,5.48324,302.31,0.51,0.41,2026-10-06,147,N21,VIIRS,n,2.0NRT,286.51,1.5,N
36.33543,5.48439,302.71,0.51,0.41,2026-10-06,147,N21,VIIRS,n,2.0NRT,286.18,1.5,N
36.43069,6.62257,311.05,0.39,0.44,2026-10-06,147,N21,VIIRS,n,2.0NRT,289.55,1.42,N
36.50099,5.9995,306.44,0.54,0.42,2026-10-06,147,N21,VIIRS,n,2.0NRT,289.13,2.02,N
36.59717,2.88085,307.59,0.41,0.37,2026-10-06,147,N21,VIIRS,n,2.0NRT,284.02,1.04,N
36.63034,3.23275,303.39,0.42,0.38,2026-10-06,147,N21,VIIRS,n,2.0NRT,286.56,1.02,N
36.68217,3.12177,308.31,0.42,0.37,2026-10-06,147,N21,VIIRS,n,2.0NRT,284.43,0.5,N
36.74446,6.25708,328.23,0.55,0.43,2026-10-06,147,N21,VIIRS,n,2.0NRT,290.99,8.93,N
36.74982,3.0804,318.33,0.42,0.37,2026-10-06,147,N21,VIIRS,n,2.0NRT,288,1.22,N
36.76265,7.31016,313.56,0.41,0.45,2026-10-06,147,N21,VIIRS,n,2.0NRT,290.44,1.91,N
36.86641,6.98601,310.02,0.39,0.44,2026-10-06,147,N21,VIIRS,n,2.0NRT,291.42,2.7,N
36.86731,6.98185,337.05,0.39,0.44,2026-10-06,147,N21,VIIRS,n,2.0NRT,290.75,2.7,N
36.90253,9.54447,310.1,0.53,0.5,2026-10-06,147,N21,VIIRS,n,2.0NRT,288.3,1.28,N
36.98926,9.56745,337.05,0.53,0.5,2026-10-06,147,N21,VIIRS,n,2.0NRT,290.42,7.41,N
37.43491,15.02819,301.31,0.5,0.66,2026-10-06,147,N21,VIIRS,n,2.0NRT,265.49,1.33,N
37.438,15.02859,309.75,0.5,0.66,2026-10-06,147,N21,VIIRS,n,2.0NRT,266.95,2.04,N
37.60424,13.88197,305.52,0.44,0.62,2026-10-06,147,N21,VIIRS,n,2.0NRT,277.08,1.13,N
38.79276,15.21791,299.66,0.47,0.64,2026-10-06,147,N21,VIIRS,n,2.0NRT,266.56,2.3,N
38.79443,15.21204,320.38,0.47,0.64,2026-10-06,147,N21,VIIRS,n,2.0NRT,269.35,2.3,N
41.47438,-1.48887,304.92,0.44,0.39,2026-10-06,147,N21,VIIRS,n,2.0NRT,282.61,1.03,N
26.03078,11.9768,301.81,0.67,0.74,2026-10-06,149,N21,VIIRS,n,2.0NRT,285.45,1.18,N
26.03255,11.98016,299.27,0.67,0.74,2026-10-06,149,N21,VIIRS,n,2.0NRT,284.49,1.6,N
26.4295,11.85096,302.71,0.65,0.73,2026-10-06,149,N21,VIIRS,n,2.0NRT,286.07,1.4,N
26.57555,12.21249,318.84,0.67,0.74,2026-10-06,149,N21,VIIRS,n,2.0NRT,285.61,3.21,N
26.57726,12.20603,300.13,0.67,0.74,2026-10-06,149,N21,VIIRS,n,2.0NRT,286.76,3.21,N
26.69709,12.45015,305.42,0.69,0.74,2026-10-06,149,N21,VIIRS,n,2.0NRT,284.73,3.55,N
26.70362,12.45245,325.48,0.69,0.74,2026-10-06,149,N21,VIIRS,n,2.0NRT,284.74,3.55,N
26.75678,12.41365,353.71,0.69,0.74,2026-10-06,149,N21,VIIRS,n,2.0NRT,288.29,16.04,N
27.41113,8.83951,315,0.4,0.6,2026-10-06,149,N21,VIIRS,n,2.0NRT,288.03,1.26,N
27.61489,9.8701,298.94,0.46,0.64,2026-10-06,149,N21,VIIRS,n,2.0NRT,286.04,0.84,N
27.66873,9.87317,299.4,0.46,0.64,2026-10-06,149,N21,VIIRS,n,2.0NRT,286.17,0.9,N
27.7028,9.17441,316.14,0.42,0.61,2026-10-06,149,N21,VIIRS,n,2.0NRT,287.86,1.26,N
27.73547,9.18271,297.68,0.42,0.61,2026-10-06,149,N21,VIIRS,n,2.0NRT,286.22,1.81,N
27.73646,9.17867,318.99,0.42,0.61,2026-10-06,149,N21,VIIRS,n,2.0NRT,287,2.52,N
28.07669,9.78759,367,0.44,0.63,2026-10-06,149,N21,VIIRS,h,2.0NRT,288.78,8.32,N
28.18951,9.80311,310.12,0.44,0.63,2026-10-06,149,N21,VIIRS,n,2.0NRT,286.13,1.86,N
28.44939,9.13836,317.94,0.4,0.6,2026-10-06,149,N21,VIIRS,n,2.0NRT,285,3.24,N
28.45032,9.13448,318.36,0.4,0.6,2026-10-06,149,N21,VIIRS,n,2.0NRT,285.85,3.41,N
28.46356,9.05558,296.38,0.39,0.6,2026-10-06,149,N21,VIIRS,n,2.0NRT,285.94,0.4,N
28.52372,9.12349,296.43,0.4,0.6,2026-10-06,149,N21,VIIRS,n,2.0NRT,286.16,1.82,N
28.52466,9.1196,324.6,0.4,0.6,2026-10-06,149,N21,VIIRS,n,2.0NRT,286.75,2.58,N
28.54819,9.21144,305.46,0.4,0.6,2026-10-06,149,N21,VIIRS,n,2.0NRT,286.24,0.87,N
28.55826,7.52013,306.24,0.63,0.54,2026-10-06,149,N21,VIIRS,n,2.0NRT,288.69,1.15,N
28.55827,7.46033,315.43,0.63,0.54,2026-10-06,149,N21,VIIRS,n,2.0NRT,289.07,2.65,N
28.55985,7.52072,303.87,0.63,0.54,2026-10-06,149,N21,VIIRS,n,2.0NRT,288.73,2.26,N
28.56113,7.46102,310.56,0.63,0.54,2026-10-06,149,N21,VIIRS,n,2.0NRT,289.01,1.26,N
28.57579,7.65504,349.28,0.32,0.55,2026-10-06,149,N21,VIIRS,n,2.0NRT,291.02,4.32,N
28.59972,7.2578,312.77,0.61,0.53,2026-10-06,149,N21,VIIRS,n,2.0NRT,289.05,2.21,N
28.60123,7.25786,312.09,0.61,0.53,2026-10-06,149,N21,VIIRS,n,2.0NRT,289.27,2.24,N
28.61043,7.50278,299.88,0.63,0.54,2026-10-06,149,N21,VIIRS,n,2.0NRT,288.94,0.7,N
28.6299,9.7851,312.42,0.43,0.62,2026-10-06,149,N21,VIIRS,n,2.0NRT,286.27,1.6,N
28.63376,7.53659,304.51,0.63,0.54,2026-10-06,149,N21,VIIRS,n,2.0NRT,288.53,1.07,N
28.63537,9.78691,307.25,0.43,0.62,2026-10-06,149,N21,VIIRS,n,2.0NRT,286.78,2.58,N
28.63642,9.78265,315.51,0.43,0.62,2026-10-06,149,N21,VIIRS,n,2.0NRT,286.67,2.27,N
28.63653,7.61635,312.46,0.32,0.55,2026-10-06,149,N21,VIIRS,n,2.0NRT,288.85,0.75,N
28.63787,7.61737,304.62,0.32,0.55,2026-10-06,149,N21,VIIRS,n,2.0NRT,288.37,0.77,N
28.6483,7.68489,309.48,0.32,0.55,2026-10-06,149,N21,VIIRS,n,2.0NRT,288.62,0.92,N
28.68521,7.19372,326.54,0.6,0.53,2026-10-06,149,N21,VIIRS,n,2.0NRT,289.54,4.64,N
28.73258,9.15087,301.09,0.39,0.6,2026-10-06,149,N21,VIIRS,n,2.0NRT,286.92,0.51,N
28.73353,9.78868,334.88,0.43,0.62,2026-10-06,149,N21,VIIRS,n,2.0NRT,286.69,4.03,N
28.81974,9.91225,299.23,0.43,0.62,2026-10-06,149,N21,VIIRS,n,2.0NRT,284.73,1.15,N
28.8208,9.90799,305.8,0.43,0.62,2026-10-06,149,N21,VIIRS,n,2.0NRT,285.28,1.15,N
28.86695,9.93754,304.9,0.44,0.62,2026-10-06,149,N21,VIIRS,n,2.0NRT,285.63,0.8,N
28.91176,9.74845,340.64,0.42,0.61,2026-10-06,149,N21,VIIRS,n,2.0NRT,286.28,23.98,N
28.91206,9.7513,296.73,0.42,0.61,2026-10-06,149,N21,VIIRS,n,2.0NRT,285.54,18.4,N
28.91279,9.7443,367,0.42,0.61,2026-10-06,149,N21,VIIRS,h,2.0NRT,291.67,23.98,N
28.91307,9.74713,348.13,0.42,0.61,2026-10-06,149,N21,VIIRS,n,2.0NRT,294.32,18.4,N
28.91408,9.74296,305.35,0.42,0.61,2026-10-06,149,N21,VIIRS,n,2.0NRT,286.33,10.74,N
28.91821,9.74607,300.93,0.42,0.61,2026-10-06,149,N21,VIIRS,n,2.0NRT,286.17,1.13,N
28.9195,9.74476,313.71,0.42,0.61,2026-10-06,149,N21,VIIRS,n,2.0NRT,286.5,10.74,N
28.92364,9.74786,310.98,0.42,0.61,2026-10-06,149,N21,VIIRS,n,2.0NRT,285.99,1.13,N
28.97349,10.04063,306.87,0.44,0.62,2026-10-06,149,N21,VIIRS,n,2.0NRT,285.54,0.86,N
29.10671,9.6675,296.58,0.41,0.61,2026-10-06,149,N21,VIIRS,n,2.0NRT,285.55,0.5,N
29.26775,6.49046,300.28,0.53,0.5,2026-10-06,149,N21,VIIRS,n,2.0NRT,289.09,1.4,N
29.66719,6.72628,317.35,0.54,0.51,2026-10-06,149,N21,VIIRS,n,2.0NRT,291.38,2.23,N
29.68779,6.69805,306.85,0.54,0.5,2026-10-06,149,N21,VIIRS,n,2.0NRT,290.71,2.11,N
29.69229,6.69939,300.2,0.54,0.5,2026-10-06,149,N21,VIIRS,n,2.0NRT,290.15,2.98,N
29.69562,6.7061,332.55,0.54,0.5,2026-10-06,149,N21,VIIRS,n,2.0NRT,290.83,2.98,N
29.69679,6.70074,323.66,0.54,0.5,2026-10-06,149,N21,VIIRS,n,2.0NRT,290.3,2.98,N
29.69897,6.71281,314.74,0.54,0.51,2026-10-06,149,N21,VIIRS,n,2.0NRT,290.84,2.79,N
29.70013,6.70745,301.59,0.54,0.5,2026-10-06,149,N21,VIIRS,n,2.0NRT,289.72,1.2,N
30.33878,-9.52548,308.42,0.55,0.51,2026-10-06,149,N21,VIIRS,n,2.0NRT,291.4,1.38,N
30.37798,7.00999,324.77,0.54,0.51,2026-10-06,149,N21,VIIRS,n,2.0NRT,288.87,3.47,N
30.39805,6.54308,299.49,0.51,0.49,2026-10-06,149,N21,VIIRS,n,2.0NRT,288.21,0.92,N
30.66338,8.10289,306.7,0.62,0.54,2026-10-06,149,N21,VIIRS,n,2.0NRT,287.25,1.92,N
30.87642,5.64173,311.58,0.44,0.46,2026-10-06,149,N21,VIIRS,n,2.0NRT,289.24,1.98,N
30.89689,5.58614,334.69,0.44,0.46,2026-10-06,149,N21,VIIRS,n,2.0NRT,287.58,4.14,N
30.91124,1.90004,301.58,0.44,0.38,2026-10-06,149,N21,VIIRS,n,2.0NRT,284.73,0.82,N
30.9785,5.76425,306.56,0.44,0.46,2026-10-06,149,N21,VIIRS,n,2.0NRT,286.98,0.48,N
31.00368,10.06083,299.48,0.39,0.6,2026-10-06,149,N21,VIIRS,n,2.0NRT,286.71,1.35,N
31.00986,8.17393,305.78,0.61,0.53,2026-10-06,149,N21,VIIRS,n,2.0NRT,288.09,3.7,N
31.01272,8.16148,299.44,0.61,0.53,2026-10-06,149,N21,VIIRS,n,2.0NRT,287.37,1.17,N
31.05157,8.03623,298.08,0.6,0.53,2026-10-06,149,N21,VIIRS,n,2.0NRT,287.46,2.79,N
31.05294,8.03021,299.29,0.6,0.53,2026-10-06,149,N21,VIIRS,n,2.0NRT,287.55,2.96,N
31.05626,8.0378,320.44,0.6,0.53,2026-10-06,149,N21,VIIRS,n,2.0NRT,288.29,2.79,N
31.05765,8.03174,320.11,0.6,0.53,2026-10-06,149,N21,VIIRS,n,2.0NRT,289.15,2.96,N
31.08844,7.83016,317.71,0.58,0.52,2026-10-06,149,N21,VIIRS,n,2.0NRT,288.09,2.39,N
31.18698,6.78581,304.34,0.5,0.49,2026-10-06,149,N21,VIIRS,n,2.0NRT,288.46,1.29,N
31.23055,7.75646,315.32,0.57,0.52,2026-10-06,149,N21,VIIRS,n,2.0NRT,288.17,3.21,N
31.3193,11.80488,339.1,0.49,0.65,2026-10-06,149,N21,VIIRS,n,2.0NRT,287.57,4.79,N
31.35886,6.0542,310.01,0.45,0.47,2026-10-06,149,N21,VIIRS,n,2.0NRT,287.95,7.32,N
31.36502,6.04615,336.67,0.45,0.47,2026-10-06,149,N21,VIIRS,n,2.0NRT,291.38,10.41,N
31.38784,10.60621,296.9,0.41,0.61,2026-10-06,149,N21,VIIRS,n,2.0NRT,285.66,0.54,N
31.39299,6.93993,305.12,0.51,0.49,2026-10-06,149,N21,VIIRS,n,2.0NRT,288.36,1.57,N
31.39412,6.93475,321.1,0.51,0.49,2026-10-06,149,N21,VIIRS,n,2.0NRT,289.65,3.47,N
31.39414,12.14668,315.07,0.51,0.66,2026-10-06,149,N21,VIIRS,n,2.0NRT,284.71,2.26,N
31.39548,12.14167,303.2,0.51,0.66,2026-10-06,149,N21,VIIRS,n,2.0NRT,284.91,2.26,N
31.39752,12.14736,324.39,0.51,0.66,2026-10-06,149,N21,VIIRS,n,2.0NRT,285.27,2.74,N
31.40347,5.96933,306.38,0.45,0.47,2026-10-06,149,N21,VIIRS,n,2.0NRT,287.07,0.74,N
31.40402,9.85336,306.91,0.37,0.58,2026-10-06,149,N21,VIIRS,n,2.0NRT,287.36,0.79,N
31.40668,5.97513,320.22,0.45,0.47,2026-10-06,149,N21,VIIRS,n,2.0NRT,287.95,2.89,N
31.59158,5.95677,327.56,0.44,0.46,2026-10-06,149,N21,VIIRS,n,2.0NRT,285.8,2.84,N
31.63444,5.9837,306.34,0.44,0.46,2026-10-06,149,N21,VIIRS,n,2.0NRT,286.01,1.77,N
31.64675,5.98905,298.68,0.44,0.46,2026-10-06,149,N21,VIIRS,n,2.0NRT,286.56,0.69,N
31.66214,6.06169,317.46,0.45,0.47,2026-10-06,149,N21,VIIRS,n,2.0NRT,284.46,1.81,N
31.66312,6.0571,354.09,0.45,0.47,2026-10-06,149,N21,VIIRS,n,2.0NRT,290.51,4.79,N
31.66411,6.0525,335.52,0.45,0.47,2026-10-06,149,N21,VIIRS,n,2.0NRT,287.98,4.79,N
31.66632,6.06287,297.57,0.45,0.47,2026-10-06,149,N21,VIIRS,n,2.0NRT,284.97,1.81,N
31.66731,6.05826,307.33,0.45,0.47,2026-10-06,149,N21,VIIRS,n,2.0NRT,285.79,4.79,N
31.66829,6.05366,298.48,0.45,0.47,2026-10-06,149,N21,VIIRS,n,2.0NRT,286.66,4.79,N
31.67732,6.19927,300.95,0.46,0.47,2026-10-06,149,N21,VIIRS,n,2.0NRT,285.77,0.67,N
31.67859,6.04693,298.48,0.45,0.47,2026-10-06,149,N21,VIIRS,n,2.0NRT,284.53,0.86,N
31.68843,5.80845,299.68,0.43,0.46,2026-10-06,149,N21,VIIRS,n,2.0NRT,284.69,0.99,N
31.69601,5.96497,336.12,0.44,0.46,2026-10-06,149,N21,VIIRS,n,2.0NRT,288.36,7.29,N
31.69697,5.96046,331.53,0.44,0.46,2026-10-06,149,N21,VIIRS,n,2.0NRT,288.98,6.64,N
31.74865,5.22516,309.93,0.4,0.44,2026-10-06,149,N21,VIIRS,n,2.0NRT,286.43,0.68,N
31.78475,6.06689,309.83,0.45,0.47,2026-10-06,149,N21,VIIRS,n,2.0NRT,283.59,1.02,N
31.78892,6.0681,300.19,0.45,0.47,2026-10-06,149,N21,VIIRS,n,2.0NRT,284.15,0.42,N
31.79918,6.06139,304.64,0.44,0.46,2026-10-06,149,N21,VIIRS,n,2.0NRT,283.34,0.62,N
31.8044,5.9952,303.26,0.44,0.46,2026-10-06,149,N21,VIIRS,n,2.0NRT,286.17,1.28,N
31.84554,6.05095,297.45,0.44,0.46,2026-10-06,149,N21,VIIRS,n,2.0NRT,286.41,0.98,N
31.84779,5.05657,305.72,0.39,0.44,2026-10-06,149,N21,VIIRS,n,2.0NRT,287.7,0.89,N
31.84954,6.05388,313.74,0.44,0.46,2026-10-06,149,N21,VIIRS,n,2.0NRT,286.27,1.12,N
31.84969,6.05222,312.44,0.44,0.46,2026-10-06,149,N21,VIIRS,n,2.0NRT,285.98,0.98,N
31.85052,6.04934,297.97,0.44,0.46,2026-10-06,149,N21,VIIRS,n,2.0NRT,284.32,0.69,N
31.85064,6.04768,297.2,0.44,0.46,2026-10-06,149,N21,VIIRS,n,2.0NRT,283.82,0.98,N
31.85149,6.04482,299.71,0.44,0.46,2026-10-06,149,N21,VIIRS,n,2.0NRT,283.45,0.69,N
31.85159,6.04314,297.69,0.44,0.46,2026-10-06,149,N21,VIIRS,n,2.0NRT,283.86,1.57,N
31.85221,-1.93184,302.06,0.39,0.36,2026-10-06,149,N21,VIIRS,n,2.0NRT,290.56,0.93,N
31.95289,11.14631,297.99,0.43,0.62,2026-10-06,149,N21,VIIRS,n,2.0NRT,287.39,1.27,N
31.9585,5.21685,317.05,0.4,0.44,2026-10-06,149,N21,VIIRS,n,2.0NRT,284.77,1.3,N
32.13544,6.4728,317.99,0.46,0.47,2026-10-06,149,N21,VIIRS,n,2.0NRT,288.26,6.8,N
32.13646,6.46806,336.5,0.46,0.47,2026-10-06,149,N21,VIIRS,n,2.0NRT,289.63,6.8,N
32.2249,6.71726,305.48,0.47,0.48,2026-10-06,149,N21,VIIRS,n,2.0NRT,287.98,1.4,N
32.27542,3.987,316.62,0.51,0.41,2026-10-06,149,N21,VIIRS,n,2.0NRT,286.47,2.38,N
32.27612,3.98834,320.84,0.51,0.41,2026-10-06,149,N21,VIIRS,n,2.0NRT,286.87,3.06,N
32.33061,15.24554,299.25,0.72,0.75,2026-10-06,149,N21,VIIRS,n,2.0NRT,289.06,0.85,N
32.33409,7.01988,299.58,0.49,0.49,2026-10-06,149,N21,VIIRS,n,2.0NRT,288.09,0.55,N
32.35706,6.97868,323.73,0.49,0.48,2026-10-06,149,N21,VIIRS,n,2.0NRT,288.6,2.8,N
32.40206,4.00739,301.36,0.51,0.41,2026-10-06,149,N21,VIIRS,n,2.0NRT,285.95,0.77,N
32.44272,6.62829,302.75,0.46,0.47,2026-10-06,149,N21,VIIRS,n,2.0NRT,283.49,1.04,N
32.5123,6.71292,323.71,0.47,0.48,2026-10-06,149,N21,VIIRS,n,2.0NRT,286.31,8.34,N
32.51336,6.70809,336.51,0.47,0.48,2026-10-06,149,N21,VIIRS,n,2.0NRT,288.89,12.09,N
32.52605,6.6914,343.72,0.47,0.47,2026-10-06,149,N21,VIIRS,n,2.0NRT,289.12,7.26,N
32.55544,3.1714,302,0.47,0.4,2026-10-06,149,N21,VIIRS,n,2.0NRT,281.31,2.36,N
32.55635,3.16651,326.7,0.47,0.39,2026-10-06,149,N21,VIIRS,n,2.0NRT,283.61,2.36,N
32.74543,3.18274,300.31,0.47,0.39,2026-10-06,149,N21,VIIRS,n,2.0NRT,282.2,1.11,N
32.79007,12.6991,306.54,0.5,0.66,2026-10-06,149,N21,VIIRS,n,2.0NRT,291.69,1.29,N
32.83731,3.23957,302.89,0.47,0.39,2026-10-06,149,N21,VIIRS,n,2.0NRT,282.52,0.68,N
32.92953,3.23513,297.76,0.46,0.39,2026-10-06,149,N21,VIIRS,n,2.0NRT,285.28,0.45,N
32.93044,3.23027,303.05,0.46,0.39,2026-10-06,149,N21,VIIRS,n,2.0NRT,286.11,0.64,N
32.93127,3.24579,299.9,0.47,0.39,2026-10-06,149,N21,VIIRS,n,2.0NRT,285,0.79,N
32.93134,3.22542,301.23,0.46,0.39,2026-10-06,149,N21,VIIRS,n,2.0NRT,286.87,0.64,N
32.93307,3.23607,297.14,0.46,0.39,2026-10-06,149,N21,VIIRS,n,2.0NRT,285.28,0.45,N
32.93488,3.22636,298.63,0.46,0.39,2026-10-06,149,N21,VIIRS,n,2.0NRT,287.37,0.64,N
32.93662,3.23701,303.67,0.46,0.39,2026-10-06,149,N21,VIIRS,n,2.0NRT,286.47,1.23,N
32.94552,3.22919,302.91,0.46,0.39,2026-10-06,149,N21,VIIRS,n,2.0NRT,286.08,1.02,N
32.94642,3.22434,298.73,0.46,0.39,2026-10-06,149,N21,VIIRS,n,2.0NRT,285.79,0.6,N
32.94732,3.21948,295.9,0.46,0.39,2026-10-06,149,N21,VIIRS,n,2.0NRT,285.76,0.6,N
32.94907,3.23012,309.5,0.46,0.39,2026-10-06,149,N21,VIIRS,n,2.0NRT,286.89,1.02,N
33.12315,3.31659,299.26,0.47,0.39,2026-10-06,149,N21,VIIRS,n,2.0NRT,285.38,0.57,N
33.12579,3.32244,313.08,0.47,0.39,2026-10-06,149,N21,VIIRS,n,2.0NRT,287.73,1.09,N
33.1267,3.31756,310.04,0.47,0.39,2026-10-06,149,N21,VIIRS,n,2.0NRT,286.08,1.24,N
33.12934,3.32339,297.32,0.47,0.39,2026-10-06,149,N21,VIIRS,n,2.0NRT,286.68,1.09,N
33.13116,3.31365,297.37,0.47,0.39,2026-10-06,149,N21,VIIRS,n,2.0NRT,286.18,1.24,N
33.13623,3.36643,298.94,0.47,0.4,2026-10-06,149,N21,VIIRS,n,2.0NRT,284.79,1.08,N
33.47506,-0.34404,299.5,0.38,0.36,2026-10-06,149,N21,VIIRS,n,2.0NRT,285.07,0.88,N
33.87165,9.99237,301.05,0.33,0.55,2026-10-06,149,N21,VIIRS,n,2.0NRT,288.06,0.82,N
34.43526,2.05854,303.48,0.41,0.37,2026-10-06,149,N21,VIIRS,n,2.0NRT,284.79,1.18,N
34.56924,7.24052,301.8,0.45,0.47,2026-10-06,149,N21,VIIRS,n,2.0NRT,288.3,0.74,N
34.59603,-2.34817,310.71,0.41,0.37,2026-10-06,149,N21,VIIRS,n,2.0NRT,288.85,1.92,N
34.79901,0.32951,298.9,0.38,0.36,2026-10-06,149,N21,VIIRS,n,2.0NRT,284.01,0.8,N
34.98222,5.7165,317.92,0.56,0.43,2026-10-06,149,N21,VIIRS,n,2.0NRT,293.02,3.06,N
35.09427,5.64932,307.65,0.55,0.43,2026-10-06,149,N21,VIIRS,n,2.0NRT,290.51,1.72,N
35.31063,-1.34289,298.96,0.4,0.37,2026-10-06,149,N21,VIIRS,n,2.0NRT,279.98,0.9,N
35.46029,-0.39328,309.64,0.39,0.36,2026-10-06,149,N21,VIIRS,n,2.0NRT,291.59,1,N
35.52769,-0.2782,306.3,0.39,0.36,2026-10-06,149,N21,VIIRS,n,2.0NRT,290.15,0.73,N
35.76178,-0.26841,305.59,0.39,0.36,2026-10-06,149,N21,VIIRS,n,2.0NRT,293.81,1.82,N
35.76379,-0.25922,304.52,0.39,0.36,2026-10-06,149,N21,VIIRS,n,2.0NRT,291.84,0.75,N
35.76771,-0.2627,319.4,0.39,0.36,2026-10-06,149,N21,VIIRS,n,2.0NRT,292.84,1.58,N
35.76835,-0.26692,307.13,0.39,0.36,2026-10-06,149,N21,VIIRS,n,2.0NRT,293.79,1.58,N
35.78315,0.5409,300.11,0.38,0.36,2026-10-06,149,N21,VIIRS,n,2.0NRT,285.18,0.6,N
35.80519,-0.24113,308.92,0.39,0.36,2026-10-06,149,N21,VIIRS,n,2.0NRT,291.41,1.27,N
35.80582,-0.24535,302.47,0.39,0.36,2026-10-06,149,N21,VIIRS,n,2.0NRT,290.24,0.88,N
35.8071,-0.25378,333.03,0.39,0.36,2026-10-06,149,N21,VIIRS,n,2.0NRT,290.99,3.04,N
35.81038,-0.25305,307.77,0.39,0.36,2026-10-06,149,N21,VIIRS,n,2.0NRT,290.31,3.04,N
35.81622,-0.26918,311.87,0.39,0.36,2026-10-06,149,N21,VIIRS,n,2.0NRT,291.64,1.05,N
35.8245,-0.32404,304.52,0.39,0.36,2026-10-06,149,N21,VIIRS,n,2.0NRT,291.8,0.7,N
28.19884,-0.51518,308.81,0.4,0.37,2026-10-06,152,N21,VIIRS,n,2.0NRT,287.02,1.44,N
28.19951,-0.51916,317.05,0.4,0.37,2026-10-06,152,N21,VIIRS,n,2.0NRT,287.96,1.44,N
19.94973,2.96933,318.64,0.49,0.49,2026-10-06,154,N21,VIIRS,n,2.0NRT,292.45,3.09,N
19.94975,2.97168,304.43,0.49,0.49,2026-10-06,154,N21,VIIRS,n,2.0NRT,291.85,1.86,N
19.95064,2.96706,310.71,0.49,0.49,2026-10-06,154,N21,VIIRS,n,2.0NRT,292.07,2.21,N
5.49383,5.52019,298.67,0.68,0.74,2026-10-06,156,N21,VIIRS,n,2.0NRT,274.63,1.4,N
5.50048,5.52158,299.7,0.68,0.74,2026-10-06,156,N21,VIIRS,n,2.0NRT,276.51,1.4,N
5.5224,5.47671,297.51,0.67,0.74,2026-10-06,156,N21,VIIRS,n,2.0NRT,278.05,1.51,N
5.52346,5.47081,305.78,0.67,0.74,2026-10-06,156,N21,VIIRS,n,2.0NRT,276.94,1.51,N
5.70711,4.48566,308.5,0.57,0.69,2026-10-06,156,N21,VIIRS,n,2.0NRT,285.27,7.99,N
5.70801,4.48063,348.69,0.57,0.69,2026-10-06,156,N21,VIIRS,n,2.0NRT,285.95,7.99,N
5.88913,5.41404,325.7,0.66,0.73,2026-10-06,156,N21,VIIRS,n,2.0NRT,283.46,6.49,N
5.94808,5.04795,310.67,0.62,0.71,2026-10-06,156,N21,VIIRS,n,2.0NRT,284.03,2.72,N
5.95452,5.0492,306.42,0.62,0.71,2026-10-06,156,N21,VIIRS,n,2.0NRT,284.03,2.45,N
6.06501,5.43708,319.3,0.65,0.73,2026-10-06,156,N21,VIIRS,n,2.0NRT,283.21,4.19,N
14.74207,-17.01829,301.92,0.55,0.68,2026-10-06,156,N21,VIIRS,n,2.0NRT,287.07,0.9,N
4.65951,6.0779,324.89,0.77,0.77,2026-10-06,158,N21,VIIRS,n,2.0NRT,278.15,6.57,N
4.66057,6.08104,304.17,0.77,0.77,2026-10-06,158,N21,VIIRS,n,2.0NRT,277.94,5.18,N
4.66174,6.07426,318.62,0.77,0.77,2026-10-06,158,N21,VIIRS,n,2.0NRT,278.36,6.76,N
4.81485,5.96517,305.43,0.75,0.77,2026-10-06,158,N21,VIIRS,n,2.0NRT,282.11,3.29,N
-43.5144,172.21436,326.18,0.4,0.37,2026-10-06,238,N21,VIIRS,n,2.0NRT,297.16,1.51,D
-41.94951,173.86722,325.94,0.46,0.39,2026-10-06,238,N21,VIIRS,n,2.0NRT,297.42,1.67,D
-39.7352,174.53064,335.41,0.53,0.42,2026-10-06,238,N21,VIIRS,n,2.0NRT,293.38,6.26,D
-39.09363,174.30281,333.47,0.53,0.42,2026-10-06,238,N21,VIIRS,n,2.0NRT,295.11,6.76,D
-34.76921,173.05017,326.42,0.56,0.43,2026-10-06,241,N21,VIIRS,n,2.0NRT,291.59,3.01,D
-30.54235,152.22064,331.38,0.59,0.7,2026-10-06,243,N21,VIIRS,n,2.0NRT,291.64,7.33,D
-30.32612,151.70195,329.29,0.63,0.72,2026-10-06,243,N21,VIIRS,n,2.0NRT,288.94,4.82,D
-24.16282,149.54518,338.26,0.76,0.77,2026-10-06,243,N21,VIIRS,n,2.0NRT,292.16,8.76,D
-24.09762,149.49879,334.41,0.77,0.77,2026-10-06,243,N21,VIIRS,n,2.0NRT,291.74,9.76,D
-24.08914,149.52054,367,0.77,0.77,2026-10-06,243,N21,VIIRS,h,2.0NRT,299.94,92.39,D
-24.08242,149.5127,355.62,0.77,0.77,2026-10-06,243,N21,VIIRS,n,2.0NRT,294.66,28.59,D
-24.08198,149.52025,354.6,0.77,0.77,2026-10-06,243,N21,VIIRS,n,2.0NRT,295.63,28.59,D
-24.07868,149.51665,367,0.77,0.77,2026-10-06,243,N21,VIIRS,h,2.0NRT,296.22,23.58,D
-24.0144,151.37451,342.63,0.58,0.7,2026-10-06,243,N21,VIIRS,n,2.0NRT,293.76,7.43,D
-24.01358,151.37399,341.29,0.58,0.7,2026-10-06,243,N21,VIIRS,n,2.0NRT,293.58,8.44,D
-23.13904,150.15625,367,0.68,0.74,2026-10-06,243,N21,VIIRS,h,2.0NRT,298.49,17.83,D
-23.13264,150.14915,341.8,0.68,0.74,2026-10-06,243,N21,VIIRS,n,2.0NRT,298.84,9.37,D
-22.64634,150.2507,338.02,0.67,0.73,2026-10-06,243,N21,VIIRS,n,2.0NRT,294.08,6.06,D
-22.64461,150.24902,337.72,0.67,0.73,2026-10-06,243,N21,VIIRS,n,2.0NRT,294.35,6.42,D
-22.58866,150.36263,349.53,0.66,0.73,2026-10-06,243,N21,VIIRS,n,2.0NRT,293.33,20.4,D
-22.58197,150.3613,334.68,0.66,0.73,2026-10-06,243,N21,VIIRS,n,2.0NRT,293.3,11.35,D
-20.80639,164.61336,330.88,0.39,0.36,2026-10-06,243,N21,VIIRS,n,2.0NRT,299.97,6.09,D
-20.39045,164.21318,332.4,0.39,0.36,2026-10-06,243,N21,VIIRS,n,2.0NRT,300.81,7.81,D
-20.38828,164.20518,334.9,0.39,0.36,2026-10-06,243,N21,VIIRS,n,2.0NRT,297.41,4.6,D
-20.3877,164.20888,367,0.39,0.36,2026-10-06,243,N21,VIIRS,h,2.0NRT,301.41,7.81,D
-20.38713,164.21259,348.22,0.39,0.36,2026-10-06,243,N21,VIIRS,n,2.0NRT,300.34,7.81,D
-20.29768,164.47601,332.8,0.39,0.36,2026-10-06,243,N21,VIIRS,n,2.0NRT,300.02,3.87,D
-20.29708,164.47977,331.96,0.39,0.36,2026-10-06,243,N21,VIIRS,n,2.0NRT,297.61,3.87,D
-16.2524,168.13832,332.83,0.42,0.45,2026-10-06,245,N21,VIIRS,n,2.0NRT,292.67,12.03,D
-16.25091,168.13414,345.06,0.42,0.45,2026-10-06,245,N21,VIIRS,n,2.0NRT,295.37,6.54,D
-16.2502,168.13817,340.57,0.42,0.45,2026-10-06,245,N21,VIIRS,n,2.0NRT,296.93,6.54,D
-16.24976,168.1295,340.99,0.42,0.45,2026-10-06,245,N21,VIIRS,n,2.0NRT,300.48,43.73,D
-16.24901,168.13353,367,0.42,0.45,2026-10-06,245,N21,VIIRS,h,2.0NRT,301.29,12.03,D
-16.24827,168.13756,343.87,0.42,0.45,2026-10-06,245,N21,VIIRS,n,2.0NRT,299.19,12.03,D
-16.24751,168.1293,351.14,0.42,0.45,2026-10-06,245,N21,VIIRS,n,2.0NRT,299.72,23.88,D
-16.24678,168.13338,353.46,0.42,0.45,2026-10-06,245,N21,VIIRS,n,2.0NRT,303.12,8.36,D
-16.24606,168.13744,330.98,0.42,0.45,2026-10-06,245,N21,VIIRS,n,2.0NRT,296.74,8.36,D
-16.24533,168.14156,330.56,0.42,0.45,2026-10-06,245,N21,VIIRS,n,2.0NRT,287.56,3.25,D
-16.24486,168.12015,332.76,0.42,0.45,2026-10-06,245,N21,VIIRS,n,2.0NRT,296.53,3.2,D
-16.24261,168.13289,352.34,0.42,0.45,2026-10-06,245,N21,VIIRS,n,2.0NRT,294.32,8.36,D
-11.34907,153.23848,329.16,0.62,0.54,2026-10-06,245,N21,VIIRS,n,2.0NRT,295.45,8,D
-11.0816,152.5784,350.66,0.34,0.56,2026-10-06,247,N21,VIIRS,n,2.0NRT,294.79,7.18,D
-10.63316,150.94292,333.76,0.43,0.62,2026-10-06,247,N21,VIIRS,n,2.0NRT,293.31,4.51,D
-10.40723,150.3784,325.03,0.47,0.64,2026-10-06,247,N21,VIIRS,n,2.0NRT,296.32,3.93,D
-10.39082,149.8847,336.09,0.51,0.66,2026-10-06,247,N21,VIIRS,n,2.0NRT,294.2,5.8,D
-10.16659,148.43674,334.37,0.64,0.72,2026-10-06,247,N21,VIIRS,n,2.0NRT,291.76,8.41,D
-10.14394,149.91649,342.05,0.51,0.66,2026-10-06,247,N21,VIIRS,n,2.0NRT,296.17,11.03,D
-10.14186,149.91687,347.04,0.5,0.66,2026-10-06,247,N21,VIIRS,n,2.0NRT,295.66,11.44,D
-10.07244,151.2471,327.07,0.41,0.6,2026-10-06,247,N21,VIIRS,n,2.0NRT,293.55,2.11,D
-10.07194,151.24776,326.91,0.41,0.6,2026-10-06,247,N21,VIIRS,n,2.0NRT,293.54,2.89,D
-10.02954,147.81491,329.9,0.7,0.75,2026-10-06,247,N21,VIIRS,n,2.0NRT,292.35,5.76,D
-9.99704,147.91403,325.03,0.69,0.74,2026-10-06,247,N21,VIIRS,n,2.0NRT,292.69,2.93,D
-9.92908,147.77228,329.37,0.7,0.75,2026-10-06,247,N21,VIIRS,n,2.0NRT,292.9,4.35,D
-9.83341,149.33484,347.43,0.55,0.68,2026-10-06,247,N21,VIIRS,n,2.0NRT,293.73,15.89,D
-9.80071,149.25435,336.23,0.56,0.69,2026-10-06,247,N21,VIIRS,n,2.0NRT,297.05,12.98,D
-9.78912,149.33447,331.59,0.55,0.68,2026-10-06,247,N21,VIIRS,n,2.0NRT,297.1,17.22,D
-9.78842,149.35164,351.17,0.55,0.68,2026-10-06,247,N21,VIIRS,n,2.0NRT,295.01,28,D
-9.78794,149.35545,367,0.55,0.68,2026-10-06,247,N21,VIIRS,h,2.0NRT,295.6,28,D
-9.78694,149.35277,351.8,0.55,0.68,2026-10-06,247,N21,VIIRS,n,2.0NRT,298.4,38.26,D
-9.78648,149.35663,328,0.55,0.68,2026-10-06,247,N21,VIIRS,n,2.0NRT,289.74,21.54,D
-9.78446,149.33273,367,0.55,0.68,2026-10-06,247,N21,VIIRS,h,2.0NRT,299.97,14.43,D
-9.78282,149.3342,367,0.55,0.68,2026-10-06,247,N21,VIIRS,h,2.0NRT,301.16,17.22,D
-9.77899,149.32588,351.36,0.55,0.68,2026-10-06,247,N21,VIIRS,n,2.0NRT,297.9,14.43,D
-9.7782,149.33217,345.62,0.55,0.68,2026-10-06,247,N21,VIIRS,n,2.0NRT,294.43,14.43,D
-9.77721,149.32812,339.33,0.55,0.68,2026-10-06,247,N21,VIIRS,n,2.0NRT,294.6,11.03,D
-9.77662,149.33316,339.97,0.55,0.68,2026-10-06,247,N21,VIIRS,n,2.0NRT,293.42,7.35,D
-9.76708,149.21765,367,0.56,0.69,2026-10-06,247,N21,VIIRS,h,2.0NRT,295.47,24.7,D
-9.76647,149.22256,330.87,0.56,0.69,2026-10-06,247,N21,VIIRS,n,2.0NRT,292.32,19.5,D
-9.71273,148.52979,328.25,0.62,0.72,2026-10-06,247,N21,VIIRS,n,2.0NRT,296.96,7.03,D
-9.65006,148.72298,326.05,0.6,0.71,2026-10-06,247,N21,VIIRS,l,2.0NRT,300.9,13.41,D
-9.6467,150.74637,329.89,0.44,0.62,2026-10-06,247,N21,VIIRS,n,2.0NRT,294.91,3.01,D
-9.64464,149.95535,326.96,0.49,0.65,2026-10-06,247,N21,VIIRS,n,2.0NRT,295.66,1.96,D
-9.62415,150.59988,333.7,0.45,0.63,2026-10-06,247,N21,VIIRS,n,2.0NRT,294.02,4.06,D
-9.62231,150.60205,327.63,0.44,0.63,2026-10-06,247,N21,VIIRS,n,2.0NRT,293.25,2.99,D
-9.62194,150.8521,330.73,0.43,0.62,2026-10-06,247,N21,VIIRS,n,2.0NRT,299.3,4.31,D
-9.61124,150.82042,342.38,0.43,0.62,2026-10-06,247,N21,VIIRS,n,2.0NRT,294.17,4.94,D
-9.60877,150.81926,335.56,0.43,0.62,2026-10-06,247,N21,VIIRS,n,2.0NRT,294.03,5.45,D
-9.60498,150.75639,367,0.43,0.62,2026-10-06,247,N21,VIIRS,h,2.0NRT,295.25,11.7,D
-9.60267,150.75345,338.04,0.43,0.62,2026-10-06,247,N21,VIIRS,n,2.0NRT,293.64,9.08,D
-9.60218,150.7572,342.77,0.43,0.62,2026-10-06,247,N21,VIIRS,n,2.0NRT,293.85,10.16,D
-9.59402,150.77562,342.56,0.43,0.62,2026-10-06,247,N21,VIIRS,n,2.0NRT,293.73,5.45,D
-9.56612,150.72269,329.18,0.44,0.62,2026-10-06,247,N21,VIIRS,n,2.0NRT,293.07,5.4,D
-9.52882,148.52205,332.96,0.62,0.71,2026-10-06,247,N21,VIIRS,n,2.0NRT,295.08,5.33,D
-9.52232,148.52089,337.75,0.62,0.71,2026-10-06,247,N21,VIIRS,n,2.0NRT,296.15,5.33,D
-9.48625,148.32104,335.32,0.64,0.72,2026-10-06,247,N21,VIIRS,n,2.0NRT,292.78,10.32,D
-9.47799,148.29221,325.66,0.64,0.72,2026-10-06,247,N21,VIIRS,n,2.0NRT,291.49,6.4,D
-9.47428,148.42944,367,0.63,0.72,2026-10-06,247,N21,VIIRS,h,2.0NRT,295.31,22.43,D
-9.47369,148.42728,353.5,0.63,0.72,2026-10-06,247,N21,VIIRS,n,2.0NRT,294.44,18.73,D
-9.47303,148.43286,330.48,0.63,0.72,2026-10-06,247,N21,VIIRS,n,2.0NRT,294.61,15.15,D
-9.42168,148.79578,332,0.59,0.7,2026-10-06,247,N21,VIIRS,n,2.0NRT,291.6,5.14,D
-9.41948,160.01466,335.39,0.39,0.36,2026-10-06,247,N21,VIIRS,n,2.0NRT,298.95,4.67,D
-9.41708,148.79379,333.21,0.59,0.7,2026-10-06,247,N21,VIIRS,n,2.0NRT,290.3,6.56,D
-9.37491,159.85873,332.4,0.39,0.36,2026-10-06,247,N21,VIIRS,n,2.0NRT,295.38,3.31,D
-9.37093,150.44276,327.25,0.45,0.63,2026-10-06,247,N21,VIIRS,n,2.0NRT,294.2,4.19,D
-8.68786,160.94171,328.18,0.38,0.36,2026-10-06,247,N21,VIIRS,n,2.0NRT,295.63,1.77,D
-8.63044,147.2462,337.79,0.74,0.76,2026-10-06,247,N21,VIIRS,n,2.0NRT,294.79,8.99,D
-8.62977,147.25159,328.32,0.74,0.76,2026-10-06,247,N21,VIIRS,n,2.0NRT,292.47,8.99,D
-8.50654,151.09172,329.69,0.4,0.6,2026-10-06,247,N21,VIIRS,l,2.0NRT,301,2.63,D
-8.45185,151.04131,331.03,0.4,0.6,2026-10-06,247,N21,VIIRS,l,2.0NRT,301.66,5.88,D
-8.43021,151.07878,329.84,0.4,0.6,2026-10-06,247,N21,VIIRS,n,2.0NRT,300.98,6.35,D
-8.42472,151.07814,367,0.4,0.6,2026-10-06,247,N21,VIIRS,h,2.0NRT,299.78,9.76,D
-8.42425,151.08173,343.98,0.4,0.6,2026-10-06,247,N21,VIIRS,n,2.0NRT,299.84,9.76,D
-8.36873,147.02409,328.47,0.76,0.77,2026-10-06,247,N21,VIIRS,n,2.0NRT,289.13,3.27,D
-8.29754,147.03595,334.63,0.76,0.77,2026-10-06,247,N21,VIIRS,n,2.0NRT,294.38,9.91,D
-8.27699,147.08765,335.17,0.75,0.77,2026-10-06,247,N21,VIIRS,n,2.0NRT,294.37,8.5,D
-8.22644,147.10652,331.12,0.75,0.77,2026-10-06,247,N21,VIIRS,n,2.0NRT,292.23,14.55,D
-7.68375,146.79765,355.18,0.77,0.77,2026-10-06,247,N21,VIIRS,n,2.0NRT,292.09,61.7,D
-7.68055,146.8017,367,0.77,0.77,2026-10-06,247,N21,VIIRS,h,2.0NRT,293.06,53.07,D
-7.37746,146.7747,328.15,0.77,0.77,2026-10-06,247,N21,VIIRS,n,2.0NRT,291.44,8.43,D
-7.07401,146.60129,343.92,0.78,0.78,2026-10-06,247,N21,VIIRS,n,2.0NRT,291.59,13.17,D
-7.07015,146.59967,338.09,0.78,0.78,2026-10-06,247,N21,VIIRS,n,2.0NRT,292.48,8.8,D
-5.95066,147.017,341.73,0.7,0.75,2026-10-06,247,N21,VIIRS,n,2.0NRT,289.27,22.87,D
-5.88778,149.54808,327.02,0.47,0.64,2026-10-06,247,N21,VIIRS,n,2.0NRT,295.18,3.32,D
-5.86833,149.55957,343.36,0.47,0.64,2026-10-06,247,N21,VIIRS,n,2.0NRT,295.74,6.8,D
-5.83214,149.48247,329.5,0.47,0.64,2026-10-06,247,N21,VIIRS,n,2.0NRT,294.46,5.51,D
-5.72829,149.58591,329.45,0.46,0.64,2026-10-06,247,N21,VIIRS,n,2.0NRT,293.36,2.75,D
-5.66253,149.5898,329.21,0.46,0.64,2026-10-06,247,N21,VIIRS,n,2.0NRT,296.59,8.45,D
-5.65614,149.59314,326.56,0.46,0.64,2026-10-06,247,N21,VIIRS,l,2.0NRT,296.92,6.12,D
-5.65186,150.55344,346.07,0.39,0.6,2026-10-06,247,N21,VIIRS,n,2.0NRT,298.5,5.78,D
-5.60793,150.5092,327.97,0.4,0.6,2026-10-06,247,N21,VIIRS,l,2.0NRT,298.23,4.27,D
-5.59911,150.53288,330.24,0.39,0.6,2026-10-06,247,N21,VIIRS,n,2.0NRT,297.35,5.9,D
-5.5968,150.50911,334.06,0.4,0.6,2026-10-06,247,N21,VIIRS,n,2.0NRT,298.04,9.44,D
-5.59627,150.51297,354.99,0.4,0.6,2026-10-06,247,N21,VIIRS,n,2.0NRT,298.81,9.44,D
-5.59569,150.50716,328.13,0.4,0.6,2026-10-06,247,N21,VIIRS,n,2.0NRT,297.94,6.27,D
-5.59511,150.51115,367,0.4,0.6,2026-10-06,247,N21,VIIRS,h,2.0NRT,299.56,6.27,D
-5.59353,150.53296,347.07,0.39,0.6,2026-10-06,247,N21,VIIRS,n,2.0NRT,298.97,5.9,D
-5.59267,150.52809,328.79,0.39,0.6,2026-10-06,247,N21,VIIRS,n,2.0NRT,298.44,3.82,D
-5.5922,150.53131,337.04,0.39,0.6,2026-10-06,247,N21,VIIRS,n,2.0NRT,298.97,3.82,D
-5.58839,150.52988,328.08,0.39,0.6,2026-10-06,247,N21,VIIRS,n,2.0NRT,297.74,2.23,D
-5.54764,150.94569,343.64,0.37,0.58,2026-10-06,247,N21,VIIRS,n,2.0NRT,295.51,4.64,D
-5.53229,149.96535,338.67,0.43,0.62,2026-10-06,247,N21,VIIRS,n,2.0NRT,295.42,8.44,D
-5.51381,150.5352,331.74,0.39,0.6,2026-10-06,247,N21,VIIRS,n,2.0NRT,296.8,3.6,D
-5.50842,154.83716,339.3,0.4,0.44,2026-10-06,247,N21,VIIRS,n,2.0NRT,297.42,3.11,D
-5.50819,154.83635,335.16,0.4,0.44,2026-10-06,247,N21,VIIRS,n,2.0NRT,296.79,3.21,D
-5.48286,150.9503,346.59,0.37,0.58,2026-10-06,247,N21,VIIRS,n,2.0NRT,295.3,6.52,D
-5.41328,150.04916,367,0.42,0.61,2026-10-06,247,N21,VIIRS,h,2.0NRT,296.47,8.44,D
-5.39355,154.65361,339.8,0.41,0.45,2026-10-06,247,N21,VIIRS,n,2.0NRT,297.72,6.56,D
-5.31552,149.94464,327.14,0.43,0.62,2026-10-06,247,N21,VIIRS,n,2.0NRT,296.34,3.43,D
-5.31503,149.9481,327.06,0.43,0.62,2026-10-06,247,N21,VIIRS,n,2.0NRT,296.64,3.43,D
-5.2147,151.14008,337.64,0.35,0.57,2026-10-06,247,N21,VIIRS,n,2.0NRT,295.85,3.33,D
-5.19003,151.12653,327.8,0.35,0.57,2026-10-06,247,N21,VIIRS,n,2.0NRT,296.53,3.85,D
-5.18959,151.12975,330.99,0.35,0.57,2026-10-06,247,N21,VIIRS,n,2.0NRT,296.81,4.04,D
-5.15305,151.30034,327.7,0.34,0.56,2026-10-06,247,N21,VIIRS,n,2.0NRT,294.6,2.17,D
-5.11414,151.49545,334.86,0.33,0.55,2026-10-06,247,N21,VIIRS,n,2.0NRT,295.14,2.54,D
-5.11003,151.2709,327.96,0.34,0.56,2026-10-06,247,N21,VIIRS,n,2.0NRT,294.63,7.66,D
-5.21365,150.06786,330.32,0.42,0.61,2026-10-06,249,N21,VIIRS,n,2.0NRT,295.66,2.85,D
-5.10433,150.08438,328.42,0.42,0.61,2026-10-06,249,N21,VIIRS,n,2.0NRT,295.31,3.31,D
-5.10375,150.08839,331.35,0.42,0.61,2026-10-06,249,N21,VIIRS,n,2.0NRT,295.43,3.31,D
-5.10259,150.08771,336.06,0.42,0.61,2026-10-06,249,N21,VIIRS,n,2.0NRT,296.06,6.47,D
-5.01515,151.43619,333.34,0.33,0.56,2026-10-06,249,N21,VIIRS,n,2.0NRT,297.57,2.79,D
-4.99278,151.73462,338.91,0.32,0.54,2026-10-06,249,N21,VIIRS,n,2.0NRT,294.23,4.72,D
-4.9924,151.73735,332.32,0.32,0.54,2026-10-06,249,N21,VIIRS,n,2.0NRT,294.6,7.94,D
-4.98787,151.73338,340.6,0.32,0.54,2026-10-06,249,N21,VIIRS,n,2.0NRT,295.48,4.72,D
-4.9744,151.74982,328.48,0.63,0.54,2026-10-06,249,N21,VIIRS,n,2.0NRT,294.04,8.64,D
-4.97002,151.75217,328.17,0.64,0.54,2026-10-06,249,N21,VIIRS,n,2.0NRT,294.78,8.61,D
-4.92594,151.38297,335.54,0.34,0.56,2026-10-06,249,N21,VIIRS,n,2.0NRT,296.28,3.63,D
-4.92401,151.38281,342.42,0.34,0.56,2026-10-06,249,N21,VIIRS,n,2.0NRT,297.15,5.39,D
-4.57583,152.12965,329.85,0.59,0.53,2026-10-06,249,N21,VIIRS,n,2.0NRT,297.47,5.74,D
-4.55258,152.18797,329.64,0.58,0.52,2026-10-06,249,N21,VIIRS,n,2.0NRT,297.53,5.03,D
-4.54853,152.18217,328.78,0.58,0.52,2026-10-06,249,N21,VIIRS,n,2.0NRT,297.38,3.54,D
-4.54375,152.21521,345.81,0.58,0.52,2026-10-06,249,N21,VIIRS,n,2.0NRT,299.19,11.68,D
-4.54296,152.1868,326.99,0.58,0.52,2026-10-06,249,N21,VIIRS,n,2.0NRT,298.17,3.54,D
-4.54148,152.16324,332.73,0.59,0.53,2026-10-06,249,N21,VIIRS,n,2.0NRT,298.48,6.04,D
-4.5414,152.29826,328.08,0.57,0.52,2026-10-06,249,N21,VIIRS,l,2.0NRT,298.88,6.12,D
-4.53935,152.27892,326.31,0.57,0.52,2026-10-06,249,N21,VIIRS,l,2.0NRT,298.11,5.5,D
-4.53673,152.16219,343.43,0.59,0.53,2026-10-06,249,N21,VIIRS,n,2.0NRT,297.75,6.04,D
-4.53327,152.28732,336.52,0.57,0.52,2026-10-06,249,N21,VIIRS,n,2.0NRT,300.37,8.89,D
-4.51249,152.2628,327.54,0.58,0.52,2026-10-06,249,N21,VIIRS,l,2.0NRT,300.66,4.33,D
-4.45899,152.2903,337.66,0.57,0.52,2026-10-06,249,N21,VIIRS,n,2.0NRT,298.24,4.93,D
-4.38096,152.25893,329.15,0.57,0.52,2026-10-06,249,N21,VIIRS,l,2.0NRT,300.65,2.86,D
-4.37994,152.26083,329.82,0.57,0.52,2026-10-06,249,N21,VIIRS,n,2.0NRT,300.47,3.47,D
-4.35186,152.22061,331.58,0.58,0.52,2026-10-06,249,N21,VIIRS,n,2.0NRT,298.41,7.56,D
-4.34565,152.3718,335.93,0.56,0.52,2026-10-06,249,N21,VIIRS,n,2.0NRT,297.41,9.36,D
-4.31852,152.21545,339.18,0.58,0.52,2026-10-06,249,N21,VIIRS,n,2.0NRT,300.38,19.67,D
-4.31783,152.22026,342.26,0.58,0.52,2026-10-06,249,N21,VIIRS,n,2.0NRT,302.86,19.67,D
-4.29481,151.77368,331.11,0.62,0.54,2026-10-06,249,N21,VIIRS,n,2.0NRT,292.78,6.7,D
-4.19537,152.15274,335.42,0.58,0.52,2026-10-06,249,N21,VIIRS,n,2.0NRT,297.24,6.15,D
-4.0854,152.98024,332.31,0.51,0.49,2026-10-06,249,N21,VIIRS,n,2.0NRT,296.68,5.17,D
-3.89534,152.80295,328.5,0.52,0.5,2026-10-06,249,N21,VIIRS,n,2.0NRT,294.65,3.72,D
-3.15079,151.56744,329.75,0.61,0.54,2026-10-06,249,N21,VIIRS,n,2.0NRT,289.55,7.24,D
-3.04469,151.589,330.65,0.61,0.53,2026-10-06,249,N21,VIIRS,n,2.0NRT,294.87,5.83,D
-2.8796,151.15227,341.65,0.32,0.55,2026-10-06,249,N21,VIIRS,n,2.0NRT,294.49,4.49,D
-2.61166,150.32253,343.01,0.37,0.58,2026-10-06,249,N21,VIIRS,n,2.0NRT,292.9,4.21,D
-2.61121,150.32167,328.04,0.37,0.58,2026-10-06,249,N21,VIIRS,n,2.0NRT,292.26,5.89,D
-2.51274,150.37047,344.57,0.36,0.58,2026-10-06,249,N21,VIIRS,n,2.0NRT,295.73,7.11,D
-2.49937,150.31908,348.83,0.37,0.58,2026-10-06,249,N21,VIIRS,n,2.0NRT,293.98,4.9,D
-2.49864,150.31932,353.61,0.37,0.58,2026-10-06,249,N21,VIIRS,n,2.0NRT,294.52,5.55,D
-2.49411,150.31812,341.33,0.37,0.58,2026-10-06,249,N21,VIIRS,n,2.0NRT,293.75,4.9,D
-2.49338,150.31837,338.56,0.37,0.58,2026-10-06,249,N21,VIIRS,n,2.0NRT,293.68,5.55,D
-2.43463,150.24561,367,0.37,0.58,2026-10-06,249,N21,VIIRS,h,2.0NRT,293.51,11.63,D
-2.38209,150.16832,335.85,0.37,0.58,2026-10-06,249,N21,VIIRS,n,2.0NRT,292.63,3.76,D
-2.22495,146.55383,337.15,0.67,0.73,2026-10-06,249,N21,VIIRS,n,2.0NRT,291.48,12.89,D
-2.22114,146.55643,347.92,0.67,0.73,2026-10-06,249,N21,VIIRS,n,2.0NRT,291.68,11.15,D
-2.21334,146.53967,367,0.67,0.73,2026-10-06,249,N21,VIIRS,h,2.0NRT,291.52,25.39,D
-2.20963,146.54228,355.46,0.67,0.73,2026-10-06,249,N21,VIIRS,n,2.0NRT,292.16,19.92,D
-2.20202,146.57028,349.53,0.66,0.73,2026-10-06,249,N21,VIIRS,n,2.0NRT,292.48,26.04,D
-2.20128,146.57535,349.69,0.66,0.73,2026-10-06,249,N21,VIIRS,n,2.0NRT,292.39,25.96,D
-2.19815,146.57257,367,0.66,0.73,2026-10-06,249,N21,VIIRS,h,2.0NRT,293.08,39.81,D
35.02459,136.8676,339.41,0.47,0.64,2026-10-06,300,N21,VIIRS,n,2.0NRT,296.09,8.62,D
35.04961,136.89055,325.16,0.47,0.64,2026-10-06,300,N21,VIIRS,l,2.0NRT,295.71,3.53,D
48.27495,125.57476,337.74,0.63,0.72,2026-10-06,304,N21,VIIRS,n,2.0NRT,291.21,7.2,D
51.54044,128.15543,329.08,0.38,0.59,2026-10-06,306,N21,VIIRS,n,2.0NRT,287.11,4.22,D
59.78429,110.8766,327.4,0.62,0.72,2026-10-06,310,N21,VIIRS,n,2.0NRT,268.75,4.47,D
60.46495,109.71478,328.75,0.62,0.71,2026-10-06,310,N21,VIIRS,n,2.0NRT,268.23,4.27,D
61.34351,112.80212,338.84,0.47,0.64,2026-10-06,310,N21,VIIRS,n,2.0NRT,274.67,31.36,D
61.34626,112.80877,355.55,0.47,0.64,2026-10-06,310,N21,VIIRS,l,2.0NRT,287.64,31.36,D
61.45968,113.0089,336.87,0.46,0.63,2026-10-06,310,N21,VIIRS,n,2.0NRT,269.68,4.47,D
61.46113,113.00976,330.61,0.46,0.63,2026-10-06,310,N21,VIIRS,n,2.0NRT,269.39,4.85,D
61.53804,113.16368,353.77,0.45,0.63,2026-10-06,310,N21,VIIRS,n,2.0NRT,270.65,11.02,D
61.54064,113.1701,335.26,0.45,0.63,2026-10-06,310,N21,VIIRS,n,2.0NRT,271.84,11.02,D
61.6591,113.49224,333.41,0.43,0.62,2026-10-06,310,N21,VIIRS,n,2.0NRT,268.49,7.14,D
62.34902,113.76537,354.37,0.4,0.6,2026-10-06,310,N21,VIIRS,n,2.0NRT,271.62,12.58,D
62.35211,113.69933,355.58,0.4,0.6,2026-10-06,310,N21,VIIRS,n,2.0NRT,271.51,9.94,D
62.35637,113.69169,355.71,0.4,0.6,2026-10-06,310,N21,VIIRS,l,2.0NRT,274.01,17.76,D
62.40293,113.58818,350.92,0.4,0.6,2026-10-06,310,N21,VIIRS,n,2.0NRT,273.33,7.97,D
62.40529,113.59423,328.83,0.4,0.6,2026-10-06,310,N21,VIIRS,n,2.0NRT,268.79,5.07,D
62.40565,113.59224,338.24,0.4,0.6,2026-10-06,310,N21,VIIRS,n,2.0NRT,269.26,10.27,D
66.69978,80.41502,268.04,0.78,0.78,2026-10-06,313,N21,VIIRS,l,2.0NRT,268.17,0.11,D
66.70446,80.43806,336.27,0.78,0.78,2026-10-06,313,N21,VIIRS,n,2.0NRT,270.04,13.79,D
67.27191,83.20963,344.97,0.68,0.74,2026-10-06,313,N21,VIIRS,n,2.0NRT,271.25,7.76,D
67.27637,83.20242,335.17,0.68,0.74,2026-10-06,313,N21,VIIRS,n,2.0NRT,270.32,10.47,D
67.54458,83.21071,342.07,0.65,0.73,2026-10-06,313,N21,VIIRS,n,2.0NRT,272.78,55.69,D
67.54688,83.1941,348.61,0.65,0.73,2026-10-06,313,N21,VIIRS,n,2.0NRT,272.87,7.54,D
68.52551,79.94831,350.56,0.6,0.7,2026-10-06,313,N21,VIIRS,n,2.0NRT,270.13,12.58,D
57.05888,9.97615,304.01,0.65,0.73,2026-10-06,321,N21,VIIRS,n,2.0NRT,281.36,2.85,N
59.61892,7.88104,350.35,0.44,0.62,2026-10-06,321,N21,VIIRS,n,2.0NRT,277.9,18.82,N
59.62147,7.87437,367,0.44,0.62,2026-10-06,321,N21,VIIRS,h,2.0NRT,278.63,21.7,N
64.35693,-21.78823,306.02,0.56,0.43,2026-10-06,321,N21,VIIRS,n,2.0NRT,273.58,2.12,N
51.02706,2.26819,304.69,0.65,0.73,2026-10-06,323,N21,VIIRS,n,2.0NRT,283.42,3.02,N
51.03545,2.2875,316.85,0.65,0.73,2026-10-06,323,N21,VIIRS,n,2.0NRT,284.24,8.52,N
51.04117,2.29315,367,0.65,0.73,2026-10-06,323,N21,VIIRS,h,2.0NRT,285.45,8.52,N
51.16542,3.82468,297.43,0.74,0.76,2026-10-06,323,N21,VIIRS,n,2.0NRT,282.98,5,N
51.16765,3.81871,324.17,0.74,0.76,2026-10-06,323,N21,VIIRS,n,2.0NRT,283.58,6.1,N
51.169,3.81562,332.16,0.74,0.76,2026-10-06,323,N21,VIIRS,n,2.0NRT,283.72,6.34,N
51.17124,3.80974,315.68,0.73,0.76,2026-10-06,323,N21,VIIRS,n,2.0NRT,283.81,6.1,N
51.17254,3.80662,302.39,0.73,0.76,2026-10-06,323,N21,VIIRS,n,2.0NRT,283.55,6.34,N
51.26525,4.32476,295.36,0.76,0.77,2026-10-06,323,N21,VIIRS,n,2.0NRT,284.29,2.79,N
-7.47768,-34.84468,301.56,0.39,0.36,2026-10-06,342,N21,VIIRS,n,2.0NRT,290.45,0.61,N
-6.82515,-39.30685,338.51,0.5,0.41,2026-10-06,342,N21,VIIRS,n,2.0NRT,295.19,14.14,N
-6.82409,-38.53305,318.61,0.46,0.39,2026-10-06,342,N21,VIIRS,n,2.0NRT,295.04,4.34,N
-6.82392,-39.30407,328.92,0.5,0.41,2026-10-06,342,N21,VIIRS,n,2.0NRT,294.05,8.13,N
-6.82319,-39.30861,331.52,0.5,0.41,2026-10-06,342,N21,VIIRS,n,2.0NRT,294.63,8.13,N
-6.82139,-39.30638,318.07,0.5,0.41,2026-10-06,342,N21,VIIRS,n,2.0NRT,293.89,2.4,N
-6.82062,-39.311,305.09,0.5,0.41,2026-10-06,342,N21,VIIRS,n,2.0NRT,292.85,2.03,N
-6.82052,-38.53244,310,0.46,0.39,2026-10-06,342,N21,VIIRS,n,2.0NRT,293.8,3.14,N
-6.82018,-39.30355,308.27,0.5,0.41,2026-10-06,342,N21,VIIRS,n,2.0NRT,293.14,1.8,N
-6.81944,-39.30813,305.42,0.5,0.41,2026-10-06,342,N21,VIIRS,n,2.0NRT,293.43,1.8,N
-6.8184,-39.30136,307.6,0.5,0.41,2026-10-06,342,N21,VIIRS,n,2.0NRT,292.81,2.4,N
-6.81342,-39.29799,304.59,0.5,0.41,2026-10-06,342,N21,VIIRS,n,2.0NRT,292.82,1.42,N
-6.62381,-37.88874,324.82,0.43,0.38,2026-10-06,342,N21,VIIRS,n,2.0NRT,296.45,3.09,N
-6.62043,-41.56537,308.84,0.46,0.47,2026-10-06,342,N21,VIIRS,n,2.0NRT,293.86,1.72,N
-6.62032,-37.88825,308.97,0.43,0.38,2026-10-06,342,N21,VIIRS,n,2.0NRT,296.39,1.49,N
-6.61973,-41.56955,306.7,0.46,0.47,2026-10-06,342,N21,VIIRS,n,2.0NRT,292.56,1.78,N
-6.61971,-37.89195,319.19,0.43,0.38,2026-10-06,342,N21,VIIRS,n,2.0NRT,297.05,1.79,N
-6.61921,-37.88422,310.86,0.43,0.38,2026-10-06,342,N21,VIIRS,n,2.0NRT,295.75,2.4,N
-6.61911,-37.89565,317.7,0.43,0.38,2026-10-06,342,N21,VIIRS,n,2.0NRT,295.74,1.79,N
-6.61745,-37.88389,306.57,0.43,0.38,2026-10-06,342,N21,VIIRS,n,2.0NRT,295.72,1.49,N
-6.61742,-37.89543,313.91,0.43,0.38,2026-10-06,342,N21,VIIRS,n,2.0NRT,296.03,3.66,N
-6.61564,-37.89503,307.61,0.43,0.38,2026-10-06,342,N21,VIIRS,n,2.0NRT,295.98,1.79,N
-6.60874,-37.88266,323.26,0.43,0.38,2026-10-06,342,N21,VIIRS,n,2.0NRT,295.69,1.89,N
-6.60814,-37.88647,307.98,0.43,0.38,2026-10-06,342,N21,VIIRS,n,2.0NRT,295.99,1.89,N
-6.60405,-37.88966,308.08,0.43,0.38,2026-10-06,342,N21,VIIRS,n,2.0NRT,295.68,1.43,N
-6.60346,-37.89339,316.37,0.43,0.38,2026-10-06,342,N21,VIIRS,n,2.0NRT,295.74,1.43,N
-6.45182,-43.82645,322.69,0.33,0.55,2026-10-06,342,N21,VIIRS,n,2.0NRT,293.14,3.2,N
-6.45129,-43.82951,306.84,0.33,0.55,2026-10-06,342,N21,VIIRS,n,2.0NRT,293.09,3.08,N
-6.43659,-37.13511,329.49,0.41,0.37,2026-10-06,342,N21,VIIRS,n,2.0NRT,299,5.05,N
-6.42642,-43.4645,307.77,0.63,0.54,2026-10-06,342,N21,VIIRS,n,2.0NRT,293.21,2.16,N
-6.42545,-43.47021,307.73,0.63,0.54,2026-10-06,342,N21,VIIRS,n,2.0NRT,292.59,2.16,N
-6.42051,-43.46936,304.69,0.63,0.54,2026-10-06,342,N21,VIIRS,n,2.0NRT,291.8,1.97,N
-6.36544,-42.54598,314.16,0.54,0.51,2026-10-06,342,N21,VIIRS,n,2.0NRT,296.77,5.44,N
-6.36079,-42.54523,315.47,0.54,0.51,2026-10-06,342,N21,VIIRS,n,2.0NRT,297.09,4.56,N
-6.35071,-42.54844,316.52,0.54,0.51,2026-10-06,342,N21,VIIRS,n,2.0NRT,297.27,3.55,N
-6.34614,-42.5472,309.93,0.54,0.51,2026-10-06,342,N21,VIIRS,n,2.0NRT,296.14,3.55,N
-6.34527,-42.55233,307.41,0.55,0.51,2026-10-06,342,N21,VIIRS,n,2.0NRT,296.65,5.02,N
-6.32296,-43.34722,307.01,0.62,0.54,2026-10-06,342,N21,VIIRS,n,2.0NRT,290.48,2.77,N
-6.31905,-43.34061,342.48,0.62,0.54,2026-10-06,342,N21,VIIRS,n,2.0NRT,291.92,9.47,N
-6.31807,-43.34635,310.47,0.62,0.54,2026-10-06,342,N21,VIIRS,n,2.0NRT,291.65,2.77,N
-6.25345,-39.37472,304.09,0.52,0.41,2026-10-06,342,N21,VIIRS,n,2.0NRT,291.27,2.7,N
-6.19372,-44.86005,320.68,0.4,0.6,2026-10-06,342,N21,VIIRS,n,2.0NRT,291.37,2.49,N
-6.19307,-44.86365,315.76,0.4,0.6,2026-10-06,342,N21,VIIRS,n,2.0NRT,291.22,2.49,N
-6.19255,-44.85916,313.22,0.4,0.6,2026-10-06,342,N21,VIIRS,n,2.0NRT,291.55,2.9,N
-6.19251,-42.9578,307.21,0.58,0.52,2026-10-06,342,N21,VIIRS,n,2.0NRT,295.21,4.23,N
-6.19193,-44.86274,333.49,0.4,0.6,2026-10-06,342,N21,VIIRS,n,2.0NRT,291.72,2.9,N
-6.18769,-44.85485,323.02,0.4,0.6,2026-10-06,342,N21,VIIRS,n,2.0NRT,292.02,2.66,N
-6.18646,-44.86196,303.09,0.4,0.6,2026-10-06,342,N21,VIIRS,n,2.0NRT,291.31,2.9,N
-5.98231,-40.91189,319.02,0.43,0.46,2026-10-06,342,N21,VIIRS,n,2.0NRT,291.45,2.49,N
-5.96779,-41.3614,310.82,0.46,0.47,2026-10-06,342,N21,VIIRS,n,2.0NRT,291.61,1.58,N
-5.96418,-41.35655,310.82,0.46,0.47,2026-10-06,342,N21,VIIRS,n,2.0NRT,291.85,1.52,N
-5.96128,-41.3476,308.09,0.46,0.47,2026-10-06,342,N21,VIIRS,n,2.0NRT,291.72,1.83,N
-5.95272,-41.37189,306.66,0.46,0.47,2026-10-06,342,N21,VIIRS,n,2.0NRT,291.62,2.06,N
-5.95128,-41.31311,314.41,0.46,0.47,2026-10-06,342,N21,VIIRS,n,2.0NRT,291.8,2.01,N
-5.95061,-41.31721,314.58,0.46,0.47,2026-10-06,342,N21,VIIRS,n,2.0NRT,292.12,2.01,N
-5.94969,-41.31194,311.25,0.46,0.47,2026-10-06,342,N21,VIIRS,n,2.0NRT,291.21,1.89,N
-5.94898,-41.31603,318.06,0.46,0.47,2026-10-06,342,N21,VIIRS,n,2.0NRT,292.21,1.89,N
-5.88703,-43.45488,308.76,0.32,0.55,2026-10-06,342,N21,VIIRS,n,2.0NRT,293.26,1.45,N
-5.88607,-43.46053,319.92,0.32,0.55,2026-10-06,342,N21,VIIRS,n,2.0NRT,293.44,1.79,N
-5.85232,-45.02208,346.23,0.41,0.61,2026-10-06,342,N21,VIIRS,n,2.0NRT,293.36,10.65,N
-5.8521,-45.02158,345.83,0.41,0.61,2026-10-06,342,N21,VIIRS,n,2.0NRT,293.38,5,N
-5.85167,-45.02588,305.67,0.41,0.61,2026-10-06,342,N21,VIIRS,n,2.0NRT,292.6,10.65,N
-5.85142,-45.02536,314.83,0.41,0.61,2026-10-06,342,N21,VIIRS,n,2.0NRT,292.46,5,N
-5.84745,-45.01727,353.64,0.41,0.61,2026-10-06,342,N21,VIIRS,n,2.0NRT,294.1,23.89,N
-5.84726,-45.0168,344.01,0.41,0.61,2026-10-06,342,N21,VIIRS,n,2.0NRT,293.14,13.28,N
-5.84681,-45.021,367,0.41,0.61,2026-10-06,342,N21,VIIRS,h,2.0NRT,297.23,10.65,N
-5.84659,-45.02052,367,0.41,0.61,2026-10-06,342,N21,VIIRS,h,2.0NRT,297.63,13.9,N
-5.84616,-45.02475,311.1,0.41,0.61,2026-10-06,342,N21,VIIRS,n,2.0NRT,292.52,10.65,N
-5.84592,-45.02426,314.64,0.41,0.61,2026-10-06,342,N21,VIIRS,n,2.0NRT,292.36,13.9,N
-5.84191,-45.01638,341.33,0.41,0.61,2026-10-06,342,N21,VIIRS,n,2.0NRT,294.4,19.13,N
-5.84171,-45.01594,340.25,0.41,0.61,2026-10-06,342,N21,VIIRS,n,2.0NRT,294.15,13.28,N
-5.84126,-45.02014,325.91,0.41,0.61,2026-10-06,342,N21,VIIRS,n,2.0NRT,292.99,13.61,N
-5.84104,-45.0197,328.07,0.41,0.61,2026-10-06,342,N21,VIIRS,n,2.0NRT,293.23,13.9,N
-5.837,-45.0118,350.94,0.41,0.61,2026-10-06,342,N21,VIIRS,n,2.0NRT,295.28,19.13,N
-5.83635,-45.01556,367,0.41,0.61,2026-10-06,342,N21,VIIRS,h,2.0NRT,296.63,19.13,N
-5.83211,-45.00715,305.29,0.41,0.61,2026-10-06,342,N21,VIIRS,n,2.0NRT,292.43,11.41,N
-5.83146,-45.01093,367,0.41,0.61,2026-10-06,342,N21,VIIRS,h,2.0NRT,296.64,13.06,N
-5.83081,-45.01472,327.59,0.41,0.61,2026-10-06,342,N21,VIIRS,n,2.0NRT,292.74,13.06,N
-5.82594,-45.0099,311.62,0.41,0.61,2026-10-06,342,N21,VIIRS,n,2.0NRT,292.32,13.06,N
-5.81832,-43.40817,304.06,0.32,0.54,2026-10-06,342,N21,VIIRS,n,2.0NRT,293.97,0.71,N
-5.81781,-43.41105,306.35,0.32,0.54,2026-10-06,342,N21,VIIRS,n,2.0NRT,293.58,0.71,N
-5.75533,-46.67923,331.15,0.54,0.68,2026-10-06,342,N21,VIIRS,n,2.0NRT,291.61,6.73,N
-5.75494,-46.67912,332.1,0.54,0.68,2026-10-06,342,N21,VIIRS,n,2.0NRT,291.53,11.3,N
-5.75448,-46.68402,340.48,0.54,0.68,2026-10-06,342,N21,VIIRS,n,2.0NRT,292.4,7.87,N
-5.75407,-46.68389,344.23,0.54,0.68,2026-10-06,342,N21,VIIRS,n,2.0NRT,292.26,13.32,N
-5.74917,-46.67815,304.04,0.54,0.68,2026-10-06,342,N21,VIIRS,n,2.0NRT,291.22,6.73,N
-5.74833,-46.6829,312.18,0.54,0.68,2026-10-06,342,N21,VIIRS,n,2.0NRT,291.47,7.87,N
-5.67459,-42.5876,310.3,0.56,0.52,2026-10-06,342,N21,VIIRS,n,2.0NRT,294.45,1.91,N
-5.67076,-42.5817,305.17,0.56,0.52,2026-10-06,342,N21,VIIRS,n,2.0NRT,294.83,2.42,N
-5.66987,-42.58691,306.95,0.56,0.52,2026-10-06,342,N21,VIIRS,n,2.0NRT,294.26,1.91,N
-5.66899,-42.59205,305.31,0.56,0.52,2026-10-06,342,N21,VIIRS,n,2.0NRT,293.08,1.91,N
-5.64995,-44.12017,313.73,0.36,0.57,2026-10-06,342,N21,VIIRS,n,2.0NRT,292.66,1.58,N
-5.64472,-44.11927,320.84,0.36,0.57,2026-10-06,342,N21,VIIRS,n,2.0NRT,292.54,1.58,N
-5.61664,-44.84214,313.24,0.4,0.6,2026-10-06,342,N21,VIIRS,n,2.0NRT,292.11,4.23,N
-5.61603,-44.84563,348.76,0.4,0.6,2026-10-06,342,N21,VIIRS,n,2.0NRT,293.72,8.08,N
-5.61054,-44.8447,306.6,0.4,0.6,2026-10-06,342,N21,VIIRS,n,2.0NRT,291.93,0.93,N
-5.60642,-44.03075,310.35,0.35,0.57,2026-10-06,342,N21,VIIRS,n,2.0NRT,292.55,1.51,N
-5.60259,-45.37317,333.67,0.44,0.62,2026-10-06,342,N21,VIIRS,n,2.0NRT,292.16,4.19,N
-5.46934,-41.22823,308.48,0.46,0.47,2026-10-06,342,N21,VIIRS,n,2.0NRT,293.47,1.41,N
-5.46727,-41.24067,307.65,0.46,0.47,2026-10-06,342,N21,VIIRS,n,2.0NRT,294.44,1.63,N
-5.46251,-45.5215,325.25,0.45,0.63,2026-10-06,342,N21,VIIRS,n,2.0NRT,292.27,3.81,N
-5.46178,-45.52562,310.67,0.45,0.63,2026-10-06,342,N21,VIIRS,n,2.0NRT,291.62,2.82,N
-5.44098,-43.44394,326.05,0.32,0.55,2026-10-06,342,N21,VIIRS,n,2.0NRT,293.21,4.13,N
-5.44049,-43.44683,340.91,0.33,0.55,2026-10-06,342,N21,VIIRS,n,2.0NRT,294.45,4.13,N
-5.43599,-43.44301,310.51,0.32,0.55,2026-10-06,342,N21,VIIRS,n,2.0NRT,292.95,4.13,N
-5.4355,-43.44587,348.52,0.33,0.55,2026-10-06,342,N21,VIIRS,n,2.0NRT,295.74,4.13,N
-5.435,-43.4488,324.05,0.33,0.55,2026-10-06,342,N21,VIIRS,n,2.0NRT,294.26,5.72,N
-5.4305,-43.44495,303.98,0.33,0.55,2026-10-06,342,N21,VIIRS,n,2.0NRT,292.68,1.2,N
-5.43,-43.44788,307.19,0.33,0.55,2026-10-06,342,N21,VIIRS,n,2.0NRT,293.11,1.56,N
-5.41649,-44.35122,348.07,0.38,0.58,2026-10-06,342,N21,VIIRS,n,2.0NRT,294.9,3.02,N
-5.41116,-44.35035,314.44,0.38,0.58,2026-10-06,342,N21,VIIRS,n,2.0NRT,294.49,3.02,N
-5.4106,-44.35363,309.37,0.38,0.58,2026-10-06,342,N21,VIIRS,n,2.0NRT,293.78,3.02,N
-5.40716,-39.10722,311.44,0.51,0.41,2026-10-06,342,N21,VIIRS,n,2.0NRT,295.04,3.44,N
-5.32012,-40.89748,308.84,0.44,0.46,2026-10-06,342,N21,VIIRS,n,2.0NRT,292.22,1.63,N
-5.22994,-48.39583,303.91,0.72,0.75,2026-10-06,342,N21,VIIRS,n,2.0NRT,286.71,3.06,N
-5.08987,-46.04567,317.58,0.5,0.66,2026-10-06,342,N21,VIIRS,n,2.0NRT,291.35,2.87,N
-5.06605,-46.11117,307.4,0.5,0.66,2026-10-06,342,N21,VIIRS,n,2.0NRT,290.78,2.37,N
-4.99883,-42.42398,305.62,0.56,0.52,2026-10-06,342,N21,VIIRS,n,2.0NRT,294.01,2.43,N
-4.99796,-42.42907,322.33,0.56,0.52,2026-10-06,342,N21,VIIRS,n,2.0NRT,294.59,3.06,N
-4.99641,-42.42669,327.05,0.56,0.52,2026-10-06,342,N21,VIIRS,n,2.0NRT,294.92,4.62,N
-4.79223,-40.04239,309.67,0.39,0.44,2026-10-06,342,N21,VIIRS,n,2.0NRT,291.67,1.27,N
-4.72282,-44.08199,316.73,0.37,0.58,2026-10-06,342,N21,VIIRS,n,2.0NRT,292.93,2.05,N
-4.72229,-44.0852,312.64,0.37,0.58,2026-10-06,342,N21,VIIRS,n,2.0NRT,293.05,2.53,N
-4.72191,-44.08227,323.17,0.37,0.58,2026-10-06,342,N21,VIIRS,n,2.0NRT,292.87,2.57,N
-4.72135,-44.08546,305.33,0.37,0.58,2026-10-06,342,N21,VIIRS,n,2.0NRT,292.96,2.33,N
-4.50901,-42.0699,306.21,0.54,0.51,2026-10-06,342,N21,VIIRS,n,2.0NRT,293.74,1.42,N
-4.50829,-43.69063,324.61,0.35,0.57,2026-10-06,342,N21,VIIRS,n,2.0NRT,293.64,3.8,N
-4.50776,-43.69374,337.97,0.35,0.57,2026-10-06,342,N21,VIIRS,n,2.0NRT,294.58,3.8,N
-4.50748,-42.07219,309.11,0.54,0.51,2026-10-06,342,N21,VIIRS,n,2.0NRT,293.72,2.36,N
-4.50724,-43.69684,304.43,0.35,0.57,2026-10-06,342,N21,VIIRS,n,2.0NRT,293.03,2.36,N
-4.50438,-42.06909,304.15,0.54,0.51,2026-10-06,342,N21,VIIRS,n,2.0NRT,293.78,1.42,N
-4.45572,-47.91863,350.23,0.69,0.74,2026-10-06,342,N21,VIIRS,n,2.0NRT,291.78,15.69,N
-4.4546,-47.92477,348.71,0.69,0.74,2026-10-06,342,N21,VIIRS,n,2.0NRT,292.22,15.69,N
-4.45354,-47.91746,342.91,0.69,0.74,2026-10-06,342,N21,VIIRS,n,2.0NRT,291.54,16.63,N
-4.45247,-47.92361,351.78,0.69,0.74,2026-10-06,342,N21,VIIRS,n,2.0NRT,292.03,21.68,N
-4.3646,-47.7769,311.29,0.68,0.74,2026-10-06,342,N21,VIIRS,n,2.0NRT,291.49,2.63,N
-4.35789,-47.77571,333.45,0.68,0.74,2026-10-06,342,N21,VIIRS,n,2.0NRT,291.83,7.73,N
-4.35686,-47.78156,317.62,0.68,0.74,2026-10-06,342,N21,VIIRS,n,2.0NRT,291.45,7.73,N
-4.19557,-44.26084,318.62,0.39,0.59,2026-10-06,342,N21,VIIRS,n,2.0NRT,293.15,5.38,N
-4.19498,-44.26432,350.47,0.39,0.59,2026-10-06,342,N21,VIIRS,n,2.0NRT,294.36,8.7,N
-4.19019,-44.25981,306.44,0.39,0.59,2026-10-06,342,N21,VIIRS,n,2.0NRT,293.25,1.76,N
-3.96212,-41.55026,306.53,0.51,0.49,2026-10-06,342,N21,VIIRS,n,2.0NRT,294.92,1.62,N
-3.94179,-42.99199,309.73,0.32,0.55,2026-10-06,342,N21,VIIRS,n,2.0NRT,292.43,5.04,N
-3.94131,-42.99482,367,0.32,0.55,2026-10-06,342,N21,VIIRS,h,2.0NRT,294.5,5.04,N
-3.93729,-42.98833,304.72,0.32,0.55,2026-10-06,342,N21,VIIRS,n,2.0NRT,292.25,1.88,N
-3.93681,-42.99118,347.81,0.32,0.55,2026-10-06,342,N21,VIIRS,n,2.0NRT,293.88,5.04,N
-3.93655,-42.98941,315.23,0.32,0.55,2026-10-06,342,N21,VIIRS,n,2.0NRT,292.9,3.66,N
-3.93633,-42.99402,326.73,0.32,0.55,2026-10-06,342,N21,VIIRS,n,2.0NRT,293.16,5.04,N
-3.93609,-42.99225,353.28,0.32,0.55,2026-10-06,342,N21,VIIRS,n,2.0NRT,293.84,3.66,N
-3.93562,-42.99511,304.47,0.32,0.55,2026-10-06,342,N21,VIIRS,n,2.0NRT,292.63,2.43,N
-3.7811,-41.59729,326.07,0.52,0.5,2026-10-06,342,N21,VIIRS,n,2.0NRT,294.36,4.38,N
-3.77657,-41.59657,330.03,0.52,0.5,2026-10-06,342,N21,VIIRS,n,2.0NRT,294.78,4.38,N
-3.59425,-38.86114,331.3,0.52,0.42,2026-10-06,342,N21,VIIRS,n,2.0NRT,296.75,5.76,N
-3.58664,-38.85995,310.65,0.52,0.42,2026-10-06,342,N21,VIIRS,n,2.0NRT,296.76,3.64,N
-3.58284,-38.85936,312.35,0.52,0.42,2026-10-06,342,N21,VIIRS,n,2.0NRT,296.4,2.23,N
-3.57829,-38.86343,310.23,0.52,0.42,2026-10-06,342,N21,VIIRS,n,2.0NRT,296.79,2.23,N
-3.39799,-44.48268,303.65,0.42,0.61,2026-10-06,342,N21,VIIRS,n,2.0NRT,291.87,2.04,N
-3.39736,-44.48636,319.28,0.42,0.61,2026-10-06,342,N21,VIIRS,n,2.0NRT,292.39,2.04,N
-3.07915,-44.45716,303.1,0.42,0.61,2026-10-06,342,N21,VIIRS,n,2.0NRT,292.36,1.16,N
-3.07852,-44.46088,306.67,0.42,0.61,2026-10-06,342,N21,VIIRS,n,2.0NRT,292.32,2.15,N
-3.07357,-44.45626,311.41,0.42,0.61,2026-10-06,342,N21,VIIRS,n,2.0NRT,292.19,1.16,N
-1.69499,-45.79134,312.89,0.55,0.68,2026-10-06,342,N21,VIIRS,n,2.0NRT,293.35,3.07,N
-0.9446,-47.55183,313.06,0.74,0.76,2026-10-06,342,N21,VIIRS,n,2.0NRT,291.95,5.39,N
-14.23022,-42.94082,334.79,0.43,0.46,2026-10-06,345,N21,VIIRS,n,2.0NRT,296.02,3.16,N
-14.13543,-41.69267,303.6,0.54,0.42,2026-10-06,345,N21,VIIRS,n,2.0NRT,293.4,1.07,N
-14.07219,-44.4852,301.5,0.54,0.51,2026-10-06,345,N21,VIIRS,n,2.0NRT,291.18,1.09,N
-14.07122,-44.48376,302.66,0.54,0.51,2026-10-06,345,N21,VIIRS,n,2.0NRT,291.25,0.89,N
-14.05595,-44.29111,317.84,0.53,0.5,2026-10-06,345,N21,VIIRS,n,2.0NRT,292.27,2.4,N
-14.05139,-44.29023,331.08,0.53,0.5,2026-10-06,345,N21,VIIRS,n,2.0NRT,292.3,4.83,N
-13.87992,-43.80119,302.8,0.49,0.49,2026-10-06,345,N21,VIIRS,n,2.0NRT,292.66,0.77,N
-13.87987,-43.79569,312.97,0.49,0.49,2026-10-06,345,N21,VIIRS,n,2.0NRT,293.57,2.68,N
-13.87631,-43.79583,331.95,0.49,0.49,2026-10-06,345,N21,VIIRS,n,2.0NRT,294.75,5.98,N
-13.87544,-43.79486,321.87,0.49,0.49,2026-10-06,345,N21,VIIRS,n,2.0NRT,293.16,2.68,N
-13.61284,-44.35688,304.63,0.54,0.51,2026-10-06,345,N21,VIIRS,n,2.0NRT,286.66,0.79,N
-13.49381,-44.35978,309.8,0.54,0.51,2026-10-06,345,N21,VIIRS,n,2.0NRT,286.88,1,N
-13.02897,-43.1208,332.73,0.46,0.47,2026-10-06,345,N21,VIIRS,n,2.0NRT,297.49,4.06,N
-13.0282,-43.12497,316.28,0.46,0.47,2026-10-06,345,N21,VIIRS,n,2.0NRT,297.05,4.06,N
-13.02694,-43.12053,345.27,0.46,0.47,2026-10-06,345,N21,VIIRS,n,2.0NRT,298.35,5.88,N
-13.0262,-43.12471,317.22,0.46,0.47,2026-10-06,345,N21,VIIRS,n,2.0NRT,296.64,5.88,N
-13.02467,-43.12001,327.3,0.46,0.47,2026-10-06,345,N21,VIIRS,n,2.0NRT,296.84,4.36,N
-13.00204,-40.14371,319.69,0.47,0.39,2026-10-06,345,N21,VIIRS,n,2.0NRT,290.3,2.31,N
-13.00027,-40.14487,316.25,0.47,0.39,2026-10-06,345,N21,VIIRS,n,2.0NRT,290.21,1.55,N
-12.86857,-39.9281,330.34,0.46,0.39,2026-10-06,345,N21,VIIRS,n,2.0NRT,292.43,5.65,N
-12.86569,-39.92339,313.55,0.46,0.39,2026-10-06,345,N21,VIIRS,n,2.0NRT,291.26,2.7,N
-12.86498,-39.92758,323.99,0.46,0.39,2026-10-06,345,N21,VIIRS,n,2.0NRT,292.9,2.7,N
-12.86429,-39.93171,314.95,0.46,0.39,2026-10-06,345,N21,VIIRS,n,2.0NRT,292.07,1.85,N
-12.76888,-44.8766,309.92,0.61,0.53,2026-10-06,345,N21,VIIRS,n,2.0NRT,288.7,2.75,N
-12.76784,-44.88213,332.88,0.61,0.53,2026-10-06,345,N21,VIIRS,n,2.0NRT,291.25,9.11,N
-12.76402,-44.87566,327.89,0.61,0.53,2026-10-06,345,N21,VIIRS,n,2.0NRT,290.57,4.05,N
-12.76299,-44.88118,310.1,0.61,0.53,2026-10-06,345,N21,VIIRS,n,2.0NRT,289.58,2.76,N
-12.76195,-44.88671,306.89,0.61,0.53,2026-10-06,345,N21,VIIRS,n,2.0NRT,289.94,2.76,N
-12.75917,-44.87474,300.77,0.61,0.53,2026-10-06,345,N21,VIIRS,n,2.0NRT,288.94,4.05,N
-12.66991,-38.32386,303.24,0.4,0.37,2026-10-06,345,N21,VIIRS,n,2.0NRT,291.03,0.92,N
-12.64188,-42.86047,315.46,0.45,0.47,2026-10-06,345,N21,VIIRS,n,2.0NRT,293.6,2.33,N
-12.64105,-42.85928,319.03,0.45,0.47,2026-10-06,345,N21,VIIRS,n,2.0NRT,293.91,2.4,N
-12.2132,-44.27732,308.63,0.57,0.52,2026-10-06,345,N21,VIIRS,n,2.0NRT,291.16,1.02,N
-12.20252,-44.65843,311.15,0.6,0.53,2026-10-06,345,N21,VIIRS,n,2.0NRT,293.36,3.96,N
-12.20094,-44.65969,317.95,0.6,0.53,2026-10-06,345,N21,VIIRS,n,2.0NRT,293.67,3.71,N
-11.82942,-43.53176,302.53,0.51,0.5,2026-10-06,345,N21,VIIRS,n,2.0NRT,291.53,2.47,N
-11.82541,-44.69188,337.95,0.61,0.54,2026-10-06,345,N21,VIIRS,n,2.0NRT,292.29,6.98,N
-11.82488,-43.5311,318.86,0.51,0.5,2026-10-06,345,N21,VIIRS,n,2.0NRT,292.6,2.48,N
-11.82438,-44.69747,302.06,0.61,0.54,2026-10-06,345,N21,VIIRS,n,2.0NRT,291.32,6.98,N
-11.82408,-43.53551,304.78,0.51,0.5,2026-10-06,345,N21,VIIRS,n,2.0NRT,293.57,2.48,N
-11.77268,-44.92099,315.55,0.32,0.54,2026-10-06,345,N21,VIIRS,n,2.0NRT,294.81,1.7,N
-11.76811,-44.91796,306.03,0.32,0.54,2026-10-06,345,N21,VIIRS,n,2.0NRT,294.16,1.51,N
-11.76652,-44.92651,304.88,0.32,0.54,2026-10-06,345,N21,VIIRS,n,2.0NRT,293.93,1.46,N
-11.76597,-44.92942,304.53,0.32,0.54,2026-10-06,345,N21,VIIRS,n,2.0NRT,293.68,0.73,N
-11.72449,-43.64093,312.83,0.52,0.5,2026-10-06,345,N21,VIIRS,n,2.0NRT,294.28,6.65,N
-11.71995,-43.64003,338.46,0.52,0.5,2026-10-06,345,N21,VIIRS,n,2.0NRT,297.43,6.65,N
-11.71909,-43.64481,315.57,0.52,0.5,2026-10-06,345,N21,VIIRS,n,2.0NRT,295.61,6.65,N
-11.69571,-43.67002,323.57,0.53,0.5,2026-10-06,345,N21,VIIRS,n,2.0NRT,295.2,5.49,N
-11.69486,-43.67477,344.01,0.53,0.5,2026-10-06,345,N21,VIIRS,n,2.0NRT,297.99,7.5,N
-11.694,-43.67952,329.96,0.53,0.5,2026-10-06,345,N21,VIIRS,n,2.0NRT,296.92,7.5,N
-11.69201,-43.66439,306.02,0.53,0.5,2026-10-06,345,N21,VIIRS,n,2.0NRT,294.57,2.04,N
-11.69116,-43.66914,316.81,0.53,0.5,2026-10-06,345,N21,VIIRS,n,2.0NRT,295.09,2.04,N
-11.6903,-43.6739,313.82,0.53,0.5,2026-10-06,345,N21,VIIRS,n,2.0NRT,295.05,2.03,N
-11.68943,-43.67868,312.02,0.53,0.5,2026-10-06,345,N21,VIIRS,n,2.0NRT,294.87,2.03,N
-11.68922,-43.65372,320.18,0.53,0.5,2026-10-06,345,N21,VIIRS,n,2.0NRT,295.69,5.01,N
-11.6866,-43.66825,309.06,0.53,0.5,2026-10-06,345,N21,VIIRS,n,2.0NRT,293.97,2.04,N
-11.68574,-43.673,307.47,0.53,0.5,2026-10-06,345,N21,VIIRS,n,2.0NRT,293.8,2.03,N
-11.68534,-43.62314,307.4,0.52,0.5,2026-10-06,345,N21,VIIRS,n,2.0NRT,294.88,5.58,N
-11.68447,-43.62794,337.58,0.52,0.5,2026-10-06,345,N21,VIIRS,n,2.0NRT,296.94,5.58,N
-11.67748,-43.66645,308.83,0.53,0.5,2026-10-06,345,N21,VIIRS,n,2.0NRT,294.36,3.94,N
-11.67663,-43.67118,327.7,0.53,0.5,2026-10-06,345,N21,VIIRS,n,2.0NRT,295.14,6.75,N
-11.67356,-43.63618,310.95,0.52,0.5,2026-10-06,345,N21,VIIRS,n,2.0NRT,294.82,3.94,N
-11.67293,-43.66555,313.08,0.53,0.5,2026-10-06,345,N21,VIIRS,n,2.0NRT,294.99,3.55,N
-11.66898,-43.63545,331.62,0.52,0.5,2026-10-06,345,N21,VIIRS,n,2.0NRT,295.57,3.29,N
-11.66811,-43.64021,305.2,0.52,0.5,2026-10-06,345,N21,VIIRS,n,2.0NRT,293.72,3.67,N
-11.66526,-43.63002,313.84,0.52,0.5,2026-10-06,345,N21,VIIRS,n,2.0NRT,291.56,3.29,N
-11.66439,-43.63477,305.69,0.52,0.5,2026-10-06,345,N21,VIIRS,n,2.0NRT,292.59,3.29,N
-11.65731,-43.64776,312.49,0.53,0.5,2026-10-06,345,N21,VIIRS,n,2.0NRT,295.28,5.35,N
-11.65113,-43.65571,331.14,0.53,0.5,2026-10-06,345,N21,VIIRS,n,2.0NRT,296.36,8.37,N
-11.64106,-43.65913,307.92,0.53,0.5,2026-10-06,345,N21,VIIRS,n,2.0NRT,294.79,4.66,N
-11.63903,-43.64457,307.37,0.53,0.5,2026-10-06,345,N21,VIIRS,n,2.0NRT,294.53,4.02,N
-11.63647,-43.65845,312.89,0.53,0.5,2026-10-06,345,N21,VIIRS,n,2.0NRT,295.32,4.59,N
-11.5353,-44.89199,307.46,0.32,0.55,2026-10-06,345,N21,VIIRS,n,2.0NRT,289.83,3.22,N
-11.53476,-44.89488,350.66,0.32,0.55,2026-10-06,345,N21,VIIRS,n,2.0NRT,294.42,6.29,N
-11.29795,-45.51609,303.99,0.36,0.57,2026-10-06,345,N21,VIIRS,n,2.0NRT,290.25,49.78,N
-11.29739,-45.51905,338.08,0.36,0.57,2026-10-06,345,N21,VIIRS,n,2.0NRT,290.54,49.78,N
-11.29396,-45.50879,303.58,0.36,0.57,2026-10-06,345,N21,VIIRS,n,2.0NRT,290.43,13.09,N
-11.29341,-45.5117,322.32,0.36,0.57,2026-10-06,345,N21,VIIRS,n,2.0NRT,290.55,13.09,N
-11.29224,-45.5178,367,0.36,0.57,2026-10-06,345,N21,VIIRS,h,2.0NRT,299.56,49.78,N
-11.29164,-45.52093,308.49,0.36,0.57,2026-10-06,345,N21,VIIRS,n,2.0NRT,290.79,11.96,N
-11.28943,-45.50434,303.83,0.36,0.57,2026-10-06,345,N21,VIIRS,n,2.0NRT,290.71,7.25,N
-11.28886,-45.50733,322.1,0.36,0.57,2026-10-06,345,N21,VIIRS,n,2.0NRT,290.52,39.84,N
-11.28853,-45.50468,304.45,0.36,0.57,2026-10-06,345,N21,VIIRS,n,2.0NRT,290.39,20.05,N
-11.28827,-45.51038,367,0.36,0.57,2026-10-06,345,N21,VIIRS,h,2.0NRT,312.19,39.84,N
-11.28797,-45.50771,348.93,0.36,0.57,2026-10-06,345,N21,VIIRS,n,2.0NRT,291.56,20.05,N
-11.28767,-45.51352,367,0.36,0.57,2026-10-06,345,N21,VIIRS,h,2.0NRT,300.88,23.31,N
-11.2874,-45.51081,334.76,0.36,0.57,2026-10-06,345,N21,VIIRS,n,2.0NRT,315.29,36.19,N
-11.28706,-45.51671,312.78,0.36,0.57,2026-10-06,345,N21,VIIRS,n,2.0NRT,290.89,23.31,N
-11.28682,-45.51398,367,0.36,0.57,2026-10-06,345,N21,VIIRS,h,2.0NRT,292.97,36.19,N
-11.28645,-45.51991,303.51,0.36,0.57,2026-10-06,345,N21,VIIRS,n,2.0NRT,290.38,3.11,N
-11.28623,-45.5172,309.18,0.36,0.57,2026-10-06,345,N21,VIIRS,n,2.0NRT,290.48,10.9,N
-11.28429,-45.50305,315.82,0.36,0.57,2026-10-06,345,N21,VIIRS,n,2.0NRT,289.76,7.25,N
-11.2837,-45.50613,347.98,0.36,0.57,2026-10-06,345,N21,VIIRS,n,2.0NRT,301.03,39.84,N
-11.28337,-45.50345,331.66,0.36,0.57,2026-10-06,345,N21,VIIRS,n,2.0NRT,290.26,20.05,N
-11.28309,-45.50931,367,0.36,0.57,2026-10-06,345,N21,VIIRS,h,2.0NRT,294.84,39.84,N
-11.2828,-45.50659,354.07,0.36,0.57,2026-10-06,345,N21,VIIRS,n,2.0NRT,302.64,20.05,N
-11.28248,-45.5125,315.55,0.36,0.57,2026-10-06,345,N21,VIIRS,n,2.0NRT,290.33,23.31,N
-11.28221,-45.50977,348.78,0.36,0.57,2026-10-06,345,N21,VIIRS,n,2.0NRT,291.7,36.19,N
-11.28186,-45.51572,367,0.36,0.57,2026-10-06,345,N21,VIIRS,h,2.0NRT,292.89,23.31,N
-11.28162,-45.51298,346.19,0.36,0.57,2026-10-06,345,N21,VIIRS,n,2.0NRT,291.62,36.19,N
-11.28125,-45.51892,330.13,0.36,0.57,2026-10-06,345,N21,VIIRS,n,2.0NRT,291.81,3.11,N
-11.28103,-45.5162,367,0.36,0.57,2026-10-06,345,N21,VIIRS,h,2.0NRT,294.35,10.9,N
-11.28063,-45.52214,302.04,0.36,0.57,2026-10-06,345,N21,VIIRS,n,2.0NRT,290.13,3.11,N
-11.28044,-45.51942,367,0.36,0.57,2026-10-06,345,N21,VIIRS,h,2.0NRT,295.94,10.9,N
-11.27973,-45.49876,306.38,0.36,0.57,2026-10-06,345,N21,VIIRS,n,2.0NRT,289.43,12.42,N
-11.27913,-45.50189,349.94,0.36,0.57,2026-10-06,345,N21,VIIRS,n,2.0NRT,298.19,12.42,N
-11.27879,-45.49915,314.42,0.36,0.57,2026-10-06,345,N21,VIIRS,n,2.0NRT,289.59,8.08,N
-11.27852,-45.50508,367,0.36,0.57,2026-10-06,345,N21,VIIRS,h,2.0NRT,294.89,26.45,N
-11.2782,-45.50232,351.88,0.36,0.57,2026-10-06,345,N21,VIIRS,n,2.0NRT,300.33,22.08,N
-11.2779,-45.5083,329.29,0.36,0.57,2026-10-06,345,N21,VIIRS,n,2.0NRT,291.02,26.45,N
-11.27761,-45.50553,367,0.36,0.57,2026-10-06,345,N21,VIIRS,h,2.0NRT,291.51,22.08,N
-11.27728,-45.51152,352.24,0.36,0.57,2026-10-06,345,N21,VIIRS,n,2.0NRT,294.62,31.85,N
-11.27702,-45.50875,329.21,0.36,0.57,2026-10-06,345,N21,VIIRS,n,2.0NRT,291.05,26.31,N
-11.27666,-45.51474,346.33,0.36,0.57,2026-10-06,345,N21,VIIRS,n,2.0NRT,303.15,31.85,N
-11.27642,-45.51198,347.75,0.36,0.57,2026-10-06,345,N21,VIIRS,n,2.0NRT,298.5,26.31,N
-11.27604,-45.51796,367,0.36,0.57,2026-10-06,345,N21,VIIRS,h,2.0NRT,302.16,19.6,N
-11.27583,-45.51522,345.15,0.36,0.57,2026-10-06,345,N21,VIIRS,n,2.0NRT,303.12,29.62,N
-11.27542,-45.52118,308.01,0.36,0.57,2026-10-06,345,N21,VIIRS,n,2.0NRT,290.33,19.6,N
-11.27523,-45.51844,367,0.36,0.57,2026-10-06,345,N21,VIIRS,h,2.0NRT,295.44,29.62,N
-11.27464,-45.52167,304.87,0.36,0.57,2026-10-06,345,N21,VIIRS,n,2.0NRT,290.29,7.12,N
-11.27456,-45.49767,304.16,0.36,0.57,2026-10-06,345,N21,VIIRS,n,2.0NRT,289,12.42,N
-11.27394,-45.50087,367,0.36,0.57,2026-10-06,345,N21,VIIRS,h,2.0NRT,291.96,12.42,N
-11.27361,-45.49809,304.35,0.36,0.57,2026-10-06,345,N21,VIIRS,n,2.0NRT,288.86,8.08,N
-11.27332,-45.50408,354.19,0.36,0.57,2026-10-06,345,N21,VIIRS,n,2.0NRT,294.17,26.45,N
-11.27301,-45.5013,367,0.36,0.57,2026-10-06,345,N21,VIIRS,h,2.0NRT,292.62,22.08,N
-11.2727,-45.50731,351.42,0.36,0.57,2026-10-06,345,N21,VIIRS,n,2.0NRT,300.18,26.45,N
-11.27242,-45.50452,350.46,0.36,0.57,2026-10-06,345,N21,VIIRS,n,2.0NRT,295.74,22.08,N
-11.27208,-45.51055,367,0.36,0.57,2026-10-06,345,N21,VIIRS,h,2.0NRT,298.83,31.85,N
-11.27182,-45.50776,350.92,0.36,0.57,2026-10-06,345,N21,VIIRS,n,2.0NRT,300.44,26.31,N
-11.27146,-45.51378,315.43,0.36,0.57,2026-10-06,345,N21,VIIRS,n,2.0NRT,290.99,31.85,N
-11.27122,-45.51101,367,0.36,0.57,2026-10-06,345,N21,VIIRS,h,2.0NRT,294.1,26.31,N
-11.27084,-45.517,302.61,0.36,0.57,2026-10-06,345,N21,VIIRS,n,2.0NRT,290.02,19.6,N
-11.27062,-45.51424,307.26,0.36,0.57,2026-10-06,345,N21,VIIRS,n,2.0NRT,290.58,29.62,N
-11.26842,-45.49707,315.33,0.36,0.57,2026-10-06,345,N21,VIIRS,n,2.0NRT,290.08,7.41,N
-11.26782,-45.50029,355.43,0.36,0.57,2026-10-06,345,N21,VIIRS,n,2.0NRT,296.03,21.54,N
-11.26722,-45.50353,348.93,0.36,0.57,2026-10-06,345,N21,VIIRS,n,2.0NRT,300.33,21.54,N
-11.26662,-45.50677,350.14,0.36,0.57,2026-10-06,345,N21,VIIRS,n,2.0NRT,303.86,28.02,N
-11.26602,-45.51003,367,0.36,0.57,2026-10-06,345,N21,VIIRS,h,2.0NRT,295.45,28.02,N
-11.26542,-45.51327,306.19,0.36,0.57,2026-10-06,345,N21,VIIRS,n,2.0NRT,289.51,5.91,N
-11.26482,-45.5165,333.68,0.36,0.57,2026-10-06,345,N21,VIIRS,n,2.0NRT,289.36,5.91,N
-11.26202,-45.50255,311.42,0.36,0.57,2026-10-06,345,N21,VIIRS,n,2.0NRT,289.87,21.54,N
-11.26142,-45.50581,352.39,0.36,0.57,2026-10-06,345,N21,VIIRS,n,2.0NRT,295.83,28.02,N
-11.26081,-45.50908,367,0.36,0.57,2026-10-06,345,N21,VIIRS,h,2.0NRT,290.05,28.02,N
-11.23818,-45.25959,309.44,0.34,0.56,2026-10-06,345,N21,VIIRS,n,2.0NRT,290.25,2.09,N
-11.23185,-45.26503,303.55,0.34,0.56,2026-10-06,345,N21,VIIRS,n,2.0NRT,289.48,1.51,N
-11.05159,-45.6409,295.17,0.37,0.58,2026-10-06,345,N21,VIIRS,n,2.0NRT,279.33,0.54,N
-11.05095,-45.64425,302.5,0.37,0.58,2026-10-06,345,N21,VIIRS,n,2.0NRT,279.33,0.74,N
-10.97533,-45.4159,324.09,0.36,0.57,2026-10-06,345,N21,VIIRS,n,2.0NRT,281.3,2.35,N
-10.97471,-45.41918,305.27,0.36,0.57,2026-10-06,345,N21,VIIRS,n,2.0NRT,280.92,2.03,N
-10.97421,-45.41671,332.16,0.36,0.57,2026-10-06,345,N21,VIIRS,n,2.0NRT,281.28,3.79,N
-10.97076,-45.41167,303.11,0.36,0.57,2026-10-06,345,N21,VIIRS,n,2.0NRT,279.63,0.65,N
-10.97014,-45.41491,301.2,0.36,0.57,2026-10-06,345,N21,VIIRS,n,2.0NRT,279.16,0.65,N
-10.96961,-45.41243,304.84,0.36,0.57,2026-10-06,345,N21,VIIRS,n,2.0NRT,280.13,1,N
-10.69568,-37.04908,307.51,0.39,0.36,2026-10-06,345,N21,VIIRS,n,2.0NRT,293.48,0.89,N
-10.54812,-46.39515,337.04,0.42,0.61,2026-10-06,345,N21,VIIRS,n,2.0NRT,277.33,7.55,N
-10.54738,-46.39906,334.33,0.42,0.61,2026-10-06,345,N21,VIIRS,n,2.0NRT,277.22,6.45,N
-10.54665,-46.40297,326.79,0.42,0.61,2026-10-06,345,N21,VIIRS,n,2.0NRT,274.86,6.45,N
-10.50181,-44.41836,316.29,0.62,0.54,2026-10-06,345,N21,VIIRS,n,2.0NRT,296.87,3.64,N
-10.50022,-44.41488,310,0.62,0.54,2026-10-06,345,N21,VIIRS,n,2.0NRT,296.36,3.42,N
-10.49921,-44.42053,314.37,0.62,0.54,2026-10-06,345,N21,VIIRS,n,2.0NRT,296.83,3.82,N
-10.49688,-44.4176,308.53,0.62,0.54,2026-10-06,345,N21,VIIRS,n,2.0NRT,296.13,2.48,N
-10.36794,-45.03118,308.4,0.34,0.56,2026-10-06,345,N21,VIIRS,n,2.0NRT,291.64,1.97,N
-10.36739,-45.03421,303.66,0.34,0.56,2026-10-06,345,N21,VIIRS,n,2.0NRT,292.23,1.17,N
-10.36226,-45.03329,311.56,0.34,0.56,2026-10-06,345,N21,VIIRS,n,2.0NRT,291.61,1.17,N
-10.36171,-45.0363,310.94,0.34,0.56,2026-10-06,345,N21,VIIRS,n,2.0NRT,292.34,1.17,N
-10.35883,-45.02311,304.37,0.34,0.56,2026-10-06,345,N21,VIIRS,n,2.0NRT,290.94,0.84,N
-10.35315,-45.02522,310.79,0.34,0.56,2026-10-06,345,N21,VIIRS,n,2.0NRT,291.18,1.08,N
-10.35258,-45.02833,305.57,0.34,0.56,2026-10-06,345,N21,VIIRS,n,2.0NRT,290.88,1.08,N
-10.20688,-36.39215,333.56,0.38,0.36,2026-10-06,345,N21,VIIRS,n,2.0NRT,294.54,5.72,N
-9.95344,-43.47652,307.1,0.55,0.51,2026-10-06,345,N21,VIIRS,n,2.0NRT,291.44,2.6,N
-9.95254,-43.48151,302.2,0.55,0.51,2026-10-06,345,N21,VIIRS,n,2.0NRT,291.17,2.31,N
-9.88363,-44.80178,331.52,0.34,0.56,2026-10-06,345,N21,VIIRS,n,2.0NRT,289.13,2.44,N
-9.86118,-44.80962,314.66,0.34,0.56,2026-10-06,345,N21,VIIRS,n,2.0NRT,289.99,2.63,N
-9.86066,-44.81251,313.21,0.34,0.56,2026-10-06,345,N21,VIIRS,n,2.0NRT,289.88,2.6,N
-9.83177,-44.79781,313.41,0.34,0.56,2026-10-06,345,N21,VIIRS,n,2.0NRT,288.68,0.98,N
-9.82723,-44.79392,303.23,0.34,0.56,2026-10-06,345,N21,VIIRS,n,2.0NRT,289.3,1.39,N
-9.82211,-44.79317,312.74,0.34,0.56,2026-10-06,345,N21,VIIRS,n,2.0NRT,290.38,1.39,N
-9.81699,-44.79237,309.11,0.34,0.56,2026-10-06,345,N21,VIIRS,n,2.0NRT,290.61,1.07,N
-9.81188,-44.79157,304.12,0.34,0.56,2026-10-06,345,N21,VIIRS,n,2.0NRT,289.89,1.07,N
-9.80169,-44.78981,308.35,0.34,0.56,2026-10-06,345,N21,VIIRS,n,2.0NRT,289.89,1.43,N
-9.79718,-44.78575,306.01,0.34,0.56,2026-10-06,345,N21,VIIRS,n,2.0NRT,289.92,0.8,N
-9.60447,-40.61262,332.51,0.55,0.42,2026-10-06,345,N21,VIIRS,n,2.0NRT,294.03,5.71,N
-9.26164,-45.66161,305.32,0.4,0.6,2026-10-06,345,N21,VIIRS,n,2.0NRT,286.02,1.59,N
-9.2569,-45.65677,326.84,0.4,0.6,2026-10-06,345,N21,VIIRS,n,2.0NRT,287.01,2.5,N
-9.25623,-45.6604,312.97,0.4,0.6,2026-10-06,345,N21,VIIRS,n,2.0NRT,286.62,2.5,N
-9.09588,-47.06698,302.53,0.5,0.66,2026-10-06,345,N21,VIIRS,n,2.0NRT,281,4.01,N
-9.09502,-47.0715,298.44,0.5,0.66,2026-10-06,345,N21,VIIRS,n,2.0NRT,285.93,4.55,N
-9.08903,-47.0705,300.23,0.5,0.66,2026-10-06,345,N21,VIIRS,n,2.0NRT,282.32,3.27,N
-8.91298,-43.88477,305.21,0.61,0.53,2026-10-06,345,N21,VIIRS,n,2.0NRT,292.32,1.09,N
-8.90811,-43.88395,305.32,0.61,0.53,2026-10-06,345,N21,VIIRS,n,2.0NRT,292.7,0.95,N
-8.87106,-45.37206,300.98,0.39,0.59,2026-10-06,345,N21,VIIRS,n,2.0NRT,283.94,1.3,N
-8.82071,-37.34308,311.72,0.4,0.37,2026-10-06,345,N21,VIIRS,n,2.0NRT,291.54,0.9,N
-8.70593,-45.21219,317.58,0.38,0.59,2026-10-06,345,N21,VIIRS,n,2.0NRT,281.44,3.41,N
-8.70532,-45.21558,329.01,0.38,0.59,2026-10-06,345,N21,VIIRS,n,2.0NRT,283.74,3.41,N
-8.70471,-45.21897,321.84,0.38,0.59,2026-10-06,345,N21,VIIRS,n,2.0NRT,282.85,2.71,N
-8.70407,-45.22249,305.61,0.38,0.59,2026-10-06,345,N21,VIIRS,n,2.0NRT,282.34,2.71,N
-8.70185,-45.20429,304.21,0.38,0.59,2026-10-06,345,N21,VIIRS,n,2.0NRT,280.18,1.64,N
-8.70123,-45.20771,313.03,0.38,0.59,2026-10-06,345,N21,VIIRS,n,2.0NRT,280.98,1.64,N
-8.70061,-45.21112,306.6,0.38,0.59,2026-10-06,345,N21,VIIRS,n,2.0NRT,280.92,1.85,N
-8.7,-45.21453,302.66,0.38,0.59,2026-10-06,345,N21,VIIRS,n,2.0NRT,280.54,1.85,N
-8.69938,-45.21795,326.34,0.38,0.59,2026-10-06,345,N21,VIIRS,n,2.0NRT,281.46,2.98,N
-8.69876,-45.22139,335.83,0.38,0.59,2026-10-06,345,N21,VIIRS,n,2.0NRT,282.68,2.98,N
-8.69813,-45.22488,322.93,0.38,0.59,2026-10-06,345,N21,VIIRS,n,2.0NRT,281.9,5.07,N
-8.69467,-45.21353,307.42,0.38,0.59,2026-10-06,345,N21,VIIRS,n,2.0NRT,278.57,1.85,N
-8.69405,-45.21695,307.72,0.38,0.59,2026-10-06,345,N21,VIIRS,n,2.0NRT,278.67,2.98,N
-8.69343,-45.22038,297.29,0.38,0.59,2026-10-06,345,N21,VIIRS,n,2.0NRT,278.42,2.98,N
-8.60226,-45.65925,302.69,0.41,0.6,2026-10-06,345,N21,VIIRS,n,2.0NRT,285.47,2.24,N
-8.58586,-45.65566,302.27,0.41,0.6,2026-10-06,345,N21,VIIRS,n,2.0NRT,285.77,1.9,N
-8.58516,-45.65949,309.34,0.41,0.6,2026-10-06,345,N21,VIIRS,n,2.0NRT,286.65,1.9,N
-8.58441,-45.66353,313.61,0.41,0.6,2026-10-06,345,N21,VIIRS,n,2.0NRT,287.23,2.27,N
-8.5836,-45.66793,306.93,0.41,0.6,2026-10-06,345,N21,VIIRS,n,2.0NRT,286.55,2.27,N
-8.47343,-36.5315,300.93,0.39,0.36,2026-10-06,345,N21,VIIRS,n,2.0NRT,290.06,0.59,N
-8.45475,-39.56013,307.9,0.49,0.41,2026-10-06,345,N21,VIIRS,n,2.0NRT,292.61,1.71,N
-7.88269,-44.19043,302.26,0.33,0.55,2026-10-06,345,N21,VIIRS,n,2.0NRT,280.68,0.3,N
-7.88215,-44.19344,297.55,0.33,0.55,2026-10-06,345,N21,VIIRS,n,2.0NRT,279.71,0.3,N
-7.82543,-45.30018,307.27,0.4,0.6,2026-10-06,345,N21,VIIRS,n,2.0NRT,286.11,2.23,N
-7.76486,-44.57986,303.06,0.35,0.57,2026-10-06,345,N21,VIIRS,n,2.0NRT,282.32,1.16,N
-7.76428,-44.58307,308.8,0.36,0.57,2026-10-06,345,N21,VIIRS,n,2.0NRT,281.34,1,N
-7.69693,-44.62458,305.77,0.36,0.57,2026-10-06,345,N21,VIIRS,n,2.0NRT,287.82,1.45,N
-7.48391,-42.81273,306.58,0.54,0.51,2026-10-06,345,N21,VIIRS,n,2.0NRT,290.72,0.85,N
-7.4818,-42.79735,328.09,0.54,0.51,2026-10-06,345,N21,VIIRS,n,2.0NRT,292.99,4.05,N
-7.48096,-42.8022,306.29,0.54,0.51,2026-10-06,345,N21,VIIRS,n,2.0NRT,291.97,2.75,N
-7.47929,-42.81183,302.75,0.54,0.51,2026-10-06,345,N21,VIIRS,n,2.0NRT,292.46,2.55,N
-7.47634,-42.80129,311.3,0.54,0.51,2026-10-06,345,N21,VIIRS,n,2.0NRT,292.21,2.75,N
-7.47551,-42.80612,324.91,0.54,0.51,2026-10-06,345,N21,VIIRS,n,2.0NRT,293.84,2.75,N
-7.47099,-42.99899,314.1,0.56,0.51,2026-10-06,345,N21,VIIRS,n,2.0NRT,295.39,3.94,N
-7.4663,-42.99818,307.49,0.56,0.51,2026-10-06,345,N21,VIIRS,n,2.0NRT,294.87,2.51,N
-7.37839,-46.22124,300.41,0.47,0.64,2026-10-06,345,N21,VIIRS,n,2.0NRT,276.64,2.88,N
-7.37764,-46.22543,336.46,0.47,0.64,2026-10-06,345,N21,VIIRS,n,2.0NRT,277.7,6.43,N
-7.37747,-46.22426,333.14,0.47,0.64,2026-10-06,345,N21,VIIRS,n,2.0NRT,277.19,3.29,N
-7.37669,-46.22845,299.9,0.47,0.64,2026-10-06,345,N21,VIIRS,n,2.0NRT,276.24,3.29,N
-7.29569,-47.27611,301.44,0.55,0.68,2026-10-06,345,N21,VIIRS,n,2.0NRT,286.84,1.18,N
-7.29133,-47.27543,304.26,0.55,0.68,2026-10-06,345,N21,VIIRS,n,2.0NRT,288.81,1.56,N
-7.29038,-47.27006,302.8,0.55,0.68,2026-10-06,345,N21,VIIRS,n,2.0NRT,287.79,2.14,N
-7.28601,-47.26928,302.79,0.55,0.68,2026-10-06,345,N21,VIIRS,n,2.0NRT,289.17,2.08,N
-7.19707,-44.30279,305.08,0.35,0.57,2026-10-06,345,N21,VIIRS,n,2.0NRT,291.39,1.69,N
-7.10652,-42.539,303.04,0.53,0.5,2026-10-06,345,N21,VIIRS,n,2.0NRT,291.56,1.45,N
-7.10568,-42.54392,310.39,0.53,0.5,2026-10-06,345,N21,VIIRS,n,2.0NRT,294.13,1.45,N
-7.01924,-43.44365,325.8,0.61,0.53,2026-10-06,345,N21,VIIRS,n,2.0NRT,295.52,8.05,N
-7.01827,-43.44916,337.73,0.61,0.54,2026-10-06,345,N21,VIIRS,n,2.0NRT,296.71,8.05,N
-7.01339,-43.44834,308.05,0.61,0.54,2026-10-06,345,N21,VIIRS,n,2.0NRT,293.96,2.45,N
-6.93159,-43.67361,311.28,0.32,0.54,2026-10-06,345,N21,VIIRS,n,2.0NRT,291.28,1.76,N
-6.9311,-43.67645,302.69,0.32,0.54,2026-10-06,345,N21,VIIRS,n,2.0NRT,284,1.06,N
-6.92612,-43.67567,333.06,0.32,0.54,2026-10-06,345,N21,VIIRS,n,2.0NRT,293.42,3.1,N
-6.92564,-43.6785,325.45,0.32,0.54,2026-10-06,345,N21,VIIRS,n,2.0NRT,290.52,3.1,N
-6.92515,-43.68133,305.26,0.32,0.54,2026-10-06,345,N21,VIIRS,n,2.0NRT,292.31,2.04,N
-6.92326,-44.56387,308.15,0.37,0.58,2026-10-06,345,N21,VIIRS,n,2.0NRT,290.44,1.42,N
-6.91802,-44.56279,320.05,0.37,0.58,2026-10-06,345,N21,VIIRS,n,2.0NRT,290.84,1.42,N
-6.89986,-43.67965,342.5,0.32,0.54,2026-10-06,345,N21,VIIRS,n,2.0NRT,295.94,5.79,N
-6.89936,-43.68254,330.58,0.32,0.54,2026-10-06,345,N21,VIIRS,n,2.0NRT,294.99,4.3,N
-6.89439,-43.68171,333.31,0.32,0.54,2026-10-06,345,N21,VIIRS,n,2.0NRT,293.73,1.92,N
-6.89388,-43.6846,320.96,0.32,0.54,2026-10-06,345,N21,VIIRS,n,2.0NRT,293.81,1.92,N
-6.89338,-43.68746,304.93,0.32,0.55,2026-10-06,345,N21,VIIRS,n,2.0NRT,292.63,1.22,N
-6.88891,-43.68378,313.09,0.32,0.54,2026-10-06,345,N21,VIIRS,n,2.0NRT,291.9,1.92,N
-6.88841,-43.68661,305.18,0.32,0.55,2026-10-06,345,N21,VIIRS,n,2.0NRT,292.76,1.22,N
-6.88492,-43.67728,308.62,0.32,0.54,2026-10-06,345,N21,VIIRS,n,2.0NRT,293.14,1.1,N
-6.88442,-43.68015,320.66,0.32,0.54,2026-10-06,345,N21,VIIRS,n,2.0NRT,294.33,2.66,N
-6.88393,-43.68297,338.43,0.32,0.54,2026-10-06,345,N21,VIIRS,n,2.0NRT,295.26,2.66,N
-6.88344,-43.68579,319.66,0.32,0.55,2026-10-06,345,N21,VIIRS,n,2.0NRT,293.53,2.21,N
-6.88095,-43.67077,306.9,0.32,0.54,2026-10-06,345,N21,VIIRS,n,2.0NRT,293.62,1.67,N
-6.88045,-43.67363,305.99,0.32,0.54,2026-10-06,345,N21,VIIRS,n,2.0NRT,293.6,1.1,N
-6.87994,-43.6765,310.88,0.32,0.54,2026-10-06,345,N21,VIIRS,n,2.0NRT,293.89,1.1,N
-6.87944,-43.67935,321.42,0.32,0.54,2026-10-06,345,N21,VIIRS,n,2.0NRT,295.09,2.66,N
-6.87895,-43.68218,320.86,0.32,0.54,2026-10-06,345,N21,VIIRS,n,2.0NRT,293.62,2.66,N
-6.87845,-43.685,305.37,0.32,0.55,2026-10-06,345,N21,VIIRS,n,2.0NRT,293.11,2.21,N
-6.87445,-43.67862,311.22,0.32,0.54,2026-10-06,345,N21,VIIRS,n,2.0NRT,293.18,1.28,N
-6.85682,-41.80229,309.84,0.48,0.48,2026-10-06,345,N21,VIIRS,n,2.0NRT,292.75,3.11,N
-6.85172,-41.80577,306.15,0.48,0.48,2026-10-06,345,N21,VIIRS,n,2.0NRT,293.63,1.85,N
-6.72504,-44.27537,326.44,0.35,0.57,2026-10-06,345,N21,VIIRS,n,2.0NRT,292.22,4.22,N
-6.72451,-44.27844,316.11,0.35,0.57,2026-10-06,345,N21,VIIRS,n,2.0NRT,284.96,2.14,N
-6.72396,-44.2816,307.51,0.35,0.57,2026-10-06,345,N21,VIIRS,n,2.0NRT,283.2,2.14,N
-6.71623,-45.9743,322.86,0.46,0.64,2026-10-06,345,N21,VIIRS,n,2.0NRT,290.75,4.15,N
-6.71547,-45.97854,306.22,0.46,0.64,2026-10-06,345,N21,VIIRS,n,2.0NRT,289.97,3.6,N
-6.67389,-43.82324,319.86,0.33,0.55,2026-10-06,345,N21,VIIRS,n,2.0NRT,292.25,2.73,N
-6.67339,-43.82612,333.6,0.33,0.55,2026-10-06,345,N21,VIIRS,n,2.0NRT,294.08,5.23,N
-6.66887,-43.8223,310.88,0.33,0.55,2026-10-06,345,N21,VIIRS,n,2.0NRT,292.27,2.73,N
-6.66836,-43.82523,345.42,0.33,0.55,2026-10-06,345,N21,VIIRS,n,2.0NRT,294.65,5.23,N
-6.23243,-47.00344,314.51,0.55,0.68,2026-10-06,345,N21,VIIRS,n,2.0NRT,281.4,3.08,N
-6.2285,-47.00021,302.79,0.55,0.68,2026-10-06,345,N21,VIIRS,n,2.0NRT,281.61,3.2,N
-6.01008,-47.39894,339.11,0.6,0.7,2026-10-06,345,N21,VIIRS,n,2.0NRT,281.31,8.78,N
-6.00465,-47.39245,303.65,0.59,0.7,2026-10-06,345,N21,VIIRS,n,2.0NRT,280.3,10.35,N
-6.00368,-47.39777,367,0.6,0.7,2026-10-06,345,N21,VIIRS,h,2.0NRT,281.53,20.79,N
-20.2534,-40.23932,328.47,0.4,0.37,2026-10-06,347,N21,VIIRS,n,2.0NRT,284.22,3.6,N
-20.25129,-40.23104,312.76,0.4,0.37,2026-10-06,347,N21,VIIRS,n,2.0NRT,281.62,2.03,N
-20.2494,-40.24253,332.35,0.4,0.37,2026-10-06,347,N21,VIIRS,n,2.0NRT,291.69,4.6,N
-20.24602,-40.2419,326.12,0.4,0.37,2026-10-06,347,N21,VIIRS,n,2.0NRT,291.58,4.6,N
-20.24265,-40.24128,333.76,0.4,0.37,2026-10-06,347,N21,VIIRS,n,2.0NRT,293.28,4.65,N
-20.24201,-40.24511,318.36,0.4,0.37,2026-10-06,347,N21,VIIRS,n,2.0NRT,288.91,1.97,N
-20.23927,-40.24065,336.8,0.4,0.37,2026-10-06,347,N21,VIIRS,n,2.0NRT,291.08,4.65,N
-20.23864,-40.24449,304.68,0.4,0.37,2026-10-06,347,N21,VIIRS,n,2.0NRT,288.56,1.97,N
-20.23443,-40.22791,308.8,0.4,0.37,2026-10-06,347,N21,VIIRS,n,2.0NRT,293.48,2.22,N
-20.2338,-40.23174,322.71,0.4,0.37,2026-10-06,347,N21,VIIRS,n,2.0NRT,296.6,2.22,N
-20.23252,-40.2394,317.11,0.4,0.37,2026-10-06,347,N21,VIIRS,n,2.0NRT,291.27,2.79,N
-20.23189,-40.24323,303.21,0.4,0.37,2026-10-06,347,N21,VIIRS,n,2.0NRT,288.24,0.98,N
-20.23125,-40.24707,307.41,0.4,0.37,2026-10-06,347,N21,VIIRS,n,2.0NRT,284.02,0.98,N
-19.83978,-40.08163,307.31,0.4,0.37,2026-10-06,347,N21,VIIRS,n,2.0NRT,295.69,1.47,N
-19.82193,-43.1283,305.21,0.54,0.42,2026-10-06,347,N21,VIIRS,n,2.0NRT,288.79,1.52,N
-19.71727,-40.3528,303.41,0.41,0.37,2026-10-06,347,N21,VIIRS,n,2.0NRT,292.27,0.88,N
-19.48431,-42.53922,307.27,0.5,0.41,2026-10-06,347,N21,VIIRS,n,2.0NRT,292.14,2.98,N
-19.48345,-42.54401,313.82,0.51,0.41,2026-10-06,347,N21,VIIRS,n,2.0NRT,291.08,2.98,N
-19.48258,-42.54876,328.11,0.51,0.41,2026-10-06,347,N21,VIIRS,n,2.0NRT,291.12,3.83,N
-19.48143,-42.53375,316.33,0.5,0.41,2026-10-06,347,N21,VIIRS,n,2.0NRT,291.08,3.6,N
-19.47971,-42.54327,334.17,0.51,0.41,2026-10-06,347,N21,VIIRS,n,2.0NRT,291.75,9.71,N
-18.54404,-41.29597,302.8,0.45,0.39,2026-10-06,347,N21,VIIRS,n,2.0NRT,284.29,1.96,N
-18.54329,-41.30035,301.31,0.45,0.39,2026-10-06,347,N21,VIIRS,n,2.0NRT,277.25,1.96,N
-18.53973,-41.29966,332.02,0.45,0.39,2026-10-06,347,N21,VIIRS,n,2.0NRT,275.07,1.96,N
-18.40818,-41.15349,325.79,0.45,0.39,2026-10-06,347,N21,VIIRS,n,2.0NRT,292.8,3.13,N
-18.03941,-41.66688,319.15,0.48,0.4,2026-10-06,347,N21,VIIRS,n,2.0NRT,292.73,2.01,N
-18.03579,-41.66607,303.69,0.48,0.4,2026-10-06,347,N21,VIIRS,n,2.0NRT,292.39,1.63,N
-17.90299,-41.58613,308.37,0.48,0.4,2026-10-06,347,N21,VIIRS,n,2.0NRT,290.75,1.2,N
-17.78045,-42.80763,301.24,0.55,0.43,2026-10-06,347,N21,VIIRS,n,2.0NRT,286.06,0.61,N
-17.77961,-42.81004,297.24,0.55,0.43,2026-10-06,347,N21,VIIRS,n,2.0NRT,285.18,0.87,N
-17.76068,-42.42613,302.26,0.53,0.42,2026-10-06,347,N21,VIIRS,n,2.0NRT,289.47,0.86,N
-17.72651,-42.63662,299.97,0.54,0.42,2026-10-06,347,N21,VIIRS,n,2.0NRT,289.56,0.72,N
-17.71343,-42.27789,322.48,0.52,0.41,2026-10-06,347,N21,VIIRS,n,2.0NRT,290.64,3.63,N
-17.68375,-42.18225,301.15,0.51,0.41,2026-10-06,347,N21,VIIRS,n,2.0NRT,289.39,0.86,N
-17.19574,-40.3053,327.31,0.43,0.38,2026-10-06,347,N21,VIIRS,n,2.0NRT,291.06,0.24,N
-17.19296,-40.30064,327.42,0.43,0.38,2026-10-06,347,N21,VIIRS,n,2.0NRT,291.48,0.12,N
-17.01495,-40.68765,301.22,0.44,0.39,2026-10-06,347,N21,VIIRS,n,2.0NRT,290.72,0.55,N
-16.67452,-41.84921,322.43,0.51,0.41,2026-10-06,347,N21,VIIRS,n,2.0NRT,294.24,2.54,N
-16.23915,-42.23094,305.35,0.54,0.42,2026-10-06,347,N21,VIIRS,n,2.0NRT,292.83,0.86,N
-16.23748,-42.23257,303.63,0.54,0.42,2026-10-06,347,N21,VIIRS,n,2.0NRT,293.26,1.32,N
-16.01584,-43.60093,320.39,0.44,0.46,2026-10-06,347,N21,VIIRS,n,2.0NRT,292.15,1.35,N
-16.01508,-43.60501,303.2,0.44,0.46,2026-10-06,347,N21,VIIRS,n,2.0NRT,291.65,1.35,N
-16.01163,-43.60013,302.36,0.44,0.46,2026-10-06,347,N21,VIIRS,n,2.0NRT,291.38,1.35,N
-15.79422,-40.31696,306.95,0.44,0.38,2026-10-06,347,N21,VIIRS,n,2.0NRT,291.58,1.02,N
-15.72775,-43.92541,316.27,0.47,0.47,2026-10-06,347,N21,VIIRS,n,2.0NRT,292.16,1.49,N
-15.72696,-43.9296,301.93,0.47,0.47,2026-10-06,347,N21,VIIRS,n,2.0NRT,290.99,1.49,N
-15.71618,-42.23779,305.43,0.55,0.43,2026-10-06,347,N21,VIIRS,n,2.0NRT,290.38,1.09,N
-15.54591,-41.00978,301.32,0.48,0.4,2026-10-06,347,N21,VIIRS,n,2.0NRT,289.58,0.79,N
-15.53006,-42.63955,318.5,0.39,0.44,2026-10-06,347,N21,VIIRS,n,2.0NRT,288.98,2.78,N
-15.1162,-39.92279,326.68,0.43,0.38,2026-10-06,347,N21,VIIRS,n,2.0NRT,292.41,2.21,N
-15.04911,-42.03329,307.21,0.55,0.43,2026-10-06,347,N21,VIIRS,n,2.0NRT,289.23,1.6,N
-14.80324,-42.00873,332.81,0.55,0.43,2026-10-06,347,N21,VIIRS,n,2.0NRT,292.81,7.42,N
-14.79691,-44.35604,308.62,0.52,0.5,2026-10-06,347,N21,VIIRS,n,2.0NRT,291.45,1.79,N
-14.75963,-45.14862,334.91,0.58,0.52,2026-10-06,347,N21,VIIRS,n,2.0NRT,290.53,6.39,N
-14.62585,-43.66719,303.54,0.47,0.48,2026-10-06,347,N21,VIIRS,n,2.0NRT,293.52,0.61,N
-14.1095,-44.61094,304.13,0.55,0.51,2026-10-06,347,N21,VIIRS,n,2.0NRT,291.14,1.84,N
-34.85623,-57.89514,315.28,0.6,0.71,2026-10-06,351,N21,VIIRS,n,2.0NRT,283.61,3.26,N
-34.8558,-57.89578,313.67,0.6,0.71,2026-10-06,351,N21,VIIRS,n,2.0NRT,283.22,3.14,N
-5.80819,134.21539,334.4,0.39,0.36,2026-10-06,429,N21,VIIRS,n,2.0NRT,302.65,3.2,D
-5.56674,134.64417,336.22,0.38,0.36,2026-10-06,429,N21,VIIRS,n,2.0NRT,300.36,5.59,D
-5.55908,134.64575,345.79,0.38,0.36,2026-10-06,429,N21,VIIRS,n,2.0NRT,300.53,10.81,D
-5.40322,134.53383,331.84,0.38,0.36,2026-10-06,429,N21,VIIRS,n,2.0NRT,299.71,2.89,D
-5.4027,134.53726,333.05,0.38,0.36,2026-10-06,429,N21,VIIRS,n,2.0NRT,299.97,5.3,D
-5.32845,123.17815,335.08,0.54,0.68,2026-10-06,429,N21,VIIRS,n,2.0NRT,276.55,9.98,D
-4.45879,131.97362,367,0.43,0.38,2026-10-06,429,N21,VIIRS,h,2.0NRT,295.97,19.82,D
-4.45182,131.97258,356.19,0.43,0.38,2026-10-06,429,N21,VIIRS,l,2.0NRT,295.87,24.77,D
-4.36144,143.36578,347.19,0.37,0.58,2026-10-06,429,N21,VIIRS,n,2.0NRT,293.18,5.23,D
-4.31544,144.08673,335.05,0.41,0.61,2026-10-06,429,N21,VIIRS,n,2.0NRT,292.21,14.33,D
-4.31482,144.09042,367,0.41,0.61,2026-10-06,429,N21,VIIRS,h,2.0NRT,292.31,14.33,D
-4.30314,143.38965,331.72,0.37,0.58,2026-10-06,429,N21,VIIRS,n,2.0NRT,293.87,12.75,D
-4.28742,144.18465,333.19,0.42,0.61,2026-10-06,429,N21,VIIRS,n,2.0NRT,292.76,6.2,D
-4.28679,144.18839,334.13,0.42,0.61,2026-10-06,429,N21,VIIRS,n,2.0NRT,292.94,9.68,D
-4.27119,143.32552,338.2,0.36,0.58,2026-10-06,429,N21,VIIRS,n,2.0NRT,294.9,8.69,D
-4.26673,144.34052,333.69,0.43,0.62,2026-10-06,429,N21,VIIRS,n,2.0NRT,292.51,4.77,D
-4.26608,144.34435,331.21,0.43,0.62,2026-10-06,429,N21,VIIRS,n,2.0NRT,292.42,4.77,D
-4.24958,144.61523,367,0.45,0.63,2026-10-06,429,N21,VIIRS,h,2.0NRT,292.4,17.99,D
-4.20932,143.17943,367,0.36,0.57,2026-10-06,429,N21,VIIRS,h,2.0NRT,295.71,19.01,D
-4.20902,143.17796,355.8,0.36,0.57,2026-10-06,429,N21,VIIRS,n,2.0NRT,293.99,12.63,D
-4.20851,143.18115,354.27,0.36,0.57,2026-10-06,429,N21,VIIRS,n,2.0NRT,294.23,13.77,D
-4.20088,144.83348,333.75,0.47,0.64,2026-10-06,429,N21,VIIRS,n,2.0NRT,292.47,6.76,D
-4.19098,143.25548,332.26,0.36,0.57,2026-10-06,429,N21,VIIRS,n,2.0NRT,294.54,2.42,D
-4.17148,144.62273,337.15,0.45,0.63,2026-10-06,429,N21,VIIRS,n,2.0NRT,293.57,3.8,D
-4.1677,143.48817,367,0.38,0.58,2026-10-06,429,N21,VIIRS,h,2.0NRT,295.09,11.82,D
-4.16714,143.49153,348.55,0.38,0.58,2026-10-06,429,N21,VIIRS,n,2.0NRT,295.51,12.2,D
-4.16484,144.34047,338.68,0.43,0.62,2026-10-06,429,N21,VIIRS,n,2.0NRT,291.35,5.22,D
-4.16418,144.34438,337.78,0.43,0.62,2026-10-06,429,N21,VIIRS,n,2.0NRT,291.73,5.22,D
-4.1511,138.93192,345.16,0.56,0.43,2026-10-06,429,N21,VIIRS,n,2.0NRT,310.24,20.27,D
-4.14876,144.68527,367,0.45,0.63,2026-10-06,429,N21,VIIRS,h,2.0NRT,292.8,10.05,D
-4.11708,143.98578,345.2,0.41,0.6,2026-10-06,429,N21,VIIRS,n,2.0NRT,293.6,7.57,D
-4.11367,144.74854,337.89,0.46,0.64,2026-10-06,429,N21,VIIRS,n,2.0NRT,292.67,7.24,D
-4.10557,144.32999,340.19,0.43,0.62,2026-10-06,429,N21,VIIRS,n,2.0NRT,293.01,7.84,D
-4.10274,144.33002,335.41,0.43,0.62,2026-10-06,429,N21,VIIRS,n,2.0NRT,292.97,7.77,D
-4.0993,143.85246,331.94,0.4,0.6,2026-10-06,429,N21,VIIRS,n,2.0NRT,294.02,5.46,D
-4.09713,139.04532,336.4,0.57,0.43,2026-10-06,429,N21,VIIRS,l,2.0NRT,309.97,10.13,D
-4.09638,139.05006,332.85,0.57,0.43,2026-10-06,429,N21,VIIRS,l,2.0NRT,305.07,10.13,D
-4.09314,139.04492,334.91,0.57,0.43,2026-10-06,429,N21,VIIRS,l,2.0NRT,307.4,10.82,D
-4.09304,144.41968,333.65,0.44,0.62,2026-10-06,429,N21,VIIRS,n,2.0NRT,294.7,4.55,D
-4.09085,144.41891,352.12,0.44,0.62,2026-10-06,429,N21,VIIRS,n,2.0NRT,294.95,7.35,D
-4.08737,144.41866,340.27,0.44,0.62,2026-10-06,429,N21,VIIRS,n,2.0NRT,293.31,4.55,D
-4.08023,136.04085,338.6,0.41,0.37,2026-10-06,429,N21,VIIRS,n,2.0NRT,304.88,4.41,D
-4.07708,144.68338,338.18,0.46,0.63,2026-10-06,429,N21,VIIRS,n,2.0NRT,292.89,6.2,D
-4.06869,143.936,329.53,0.41,0.6,2026-10-06,429,N21,VIIRS,n,2.0NRT,294.21,4.44,D
-4.06703,138.955,336.52,0.56,0.43,2026-10-06,429,N21,VIIRS,n,2.0NRT,309.15,8.85,D
-4.0669,136.30699,330.83,0.42,0.37,2026-10-06,429,N21,VIIRS,n,2.0NRT,300.62,5.93,D
-4.06552,139.48488,333.9,0.4,0.45,2026-10-06,429,N21,VIIRS,n,2.0NRT,297.48,5.2,D
-4.06501,139.48805,332.59,0.4,0.45,2026-10-06,429,N21,VIIRS,n,2.0NRT,296.56,4.99,D
-4.06444,144.26401,329.48,0.43,0.62,2026-10-06,429,N21,VIIRS,n,2.0NRT,292.02,5.52,D
-4.05822,138.83501,333.59,0.55,0.43,2026-10-06,429,N21,VIIRS,n,2.0NRT,305.71,5.73,D
-4.05693,144.077,338.61,0.41,0.61,2026-10-06,429,N21,VIIRS,n,2.0NRT,293.4,5.21,D
-4.05598,144.07722,338.56,0.41,0.61,2026-10-06,429,N21,VIIRS,n,2.0NRT,293.55,4.95,D
-4.053,144.29739,367,0.43,0.62,2026-10-06,429,N21,VIIRS,h,2.0NRT,292.74,12.39,D
-4.05235,144.30121,348.79,0.43,0.62,2026-10-06,429,N21,VIIRS,n,2.0NRT,291.81,12.39,D
-4.0517,144.30505,329.96,0.43,0.62,2026-10-06,429,N21,VIIRS,n,2.0NRT,291.46,7.12,D
-4.04924,138.89058,334,0.56,0.43,2026-10-06,429,N21,VIIRS,l,2.0NRT,305.11,4.49,D
-4.04346,144.3194,331.76,0.43,0.62,2026-10-06,429,N21,VIIRS,n,2.0NRT,293.39,3.78,D
-4.04281,136.10251,335.51,0.41,0.37,2026-10-06,429,N21,VIIRS,l,2.0NRT,307.53,15.09,D
-4.04225,136.10611,336.54,0.41,0.37,2026-10-06,429,N21,VIIRS,n,2.0NRT,303.8,11.47,D
-4.03336,136.09,335.44,0.41,0.37,2026-10-06,429,N21,VIIRS,n,2.0NRT,304.75,6.95,D
-4.02874,136.02934,344.49,0.41,0.37,2026-10-06,429,N21,VIIRS,n,2.0NRT,308.73,7.38,D
-4.02656,136.08894,345.09,0.41,0.37,2026-10-06,429,N21,VIIRS,l,2.0NRT,318.53,39.85,D
-4.02535,136.02882,347.21,0.41,0.37,2026-10-06,429,N21,VIIRS,n,2.0NRT,311.54,8.79,D
-4.02331,136.15558,330.39,0.41,0.37,2026-10-06,429,N21,VIIRS,n,2.0NRT,300.2,1.51,D
-4.02316,136.08842,353.63,0.41,0.37,2026-10-06,429,N21,VIIRS,n,2.0NRT,319.55,24.71,D
-4.02041,137.64427,332.16,0.48,0.4,2026-10-06,429,N21,VIIRS,n,2.0NRT,294.25,51.02,D
-4.01978,136.11047,334.21,0.41,0.37,2026-10-06,429,N21,VIIRS,l,2.0NRT,308.45,4.67,D
-4.01745,137.6395,343.27,0.48,0.4,2026-10-06,429,N21,VIIRS,n,2.0NRT,311.94,51.02,D
-4.01716,137.6366,343.81,0.48,0.4,2026-10-06,429,N21,VIIRS,n,2.0NRT,304,21.05,D
-4.01672,137.64404,334.77,0.48,0.4,2026-10-06,429,N21,VIIRS,n,2.0NRT,299.05,51.02,D
-4.01647,137.64113,353.6,0.48,0.4,2026-10-06,429,N21,VIIRS,n,2.0NRT,303.67,28.2,D
-4.01377,137.63922,343.9,0.48,0.4,2026-10-06,429,N21,VIIRS,n,2.0NRT,303.8,16.1,D
-4.01303,137.6438,350.8,0.48,0.4,2026-10-06,429,N21,VIIRS,n,2.0NRT,304.44,16.1,D
-4.01279,137.64085,344.59,0.48,0.4,2026-10-06,429,N21,VIIRS,n,2.0NRT,313.64,28.2,D
-4.0121,137.64542,337.73,0.48,0.4,2026-10-06,429,N21,VIIRS,n,2.0NRT,299.79,28.2,D
-4.01009,137.63892,332.6,0.48,0.4,2026-10-06,429,N21,VIIRS,n,2.0NRT,306.81,16.1,D
-4.00937,137.64339,332.71,0.48,0.4,2026-10-06,429,N21,VIIRS,n,2.0NRT,299.13,16.1,D
-3.99716,144.33525,341.3,0.43,0.62,2026-10-06,429,N21,VIIRS,n,2.0NRT,293.14,6.54,D
-3.99428,136.11772,336.19,0.41,0.37,2026-10-06,429,N21,VIIRS,l,2.0NRT,307.66,7.21,D
-3.99428,144.3349,342.66,0.43,0.62,2026-10-06,429,N21,VIIRS,n,2.0NRT,293.39,6.29,D
-3.9831,138.02017,336.19,0.5,0.41,2026-10-06,429,N21,VIIRS,n,2.0NRT,295.41,7.07,D
-3.98033,137.61017,346.56,0.47,0.4,2026-10-06,429,N21,VIIRS,n,2.0NRT,312.82,9.05,D
-3.98023,135.96141,330.69,0.41,0.37,2026-10-06,429,N21,VIIRS,n,2.0NRT,299.19,3.37,D
-3.97967,137.61443,339.18,0.48,0.4,2026-10-06,429,N21,VIIRS,n,2.0NRT,305.67,9.05,D
-3.97954,136.07787,333.4,0.41,0.37,2026-10-06,429,N21,VIIRS,n,2.0NRT,304.06,3.81,D
-3.97673,137.60938,334.41,0.47,0.4,2026-10-06,429,N21,VIIRS,l,2.0NRT,304.8,12.6,D
-3.97482,136.42642,336.34,0.42,0.38,2026-10-06,429,N21,VIIRS,n,2.0NRT,305.84,4.63,D
-3.97443,136.08838,336.76,0.41,0.37,2026-10-06,429,N21,VIIRS,n,2.0NRT,307.11,8.42,D
-3.97275,136.0768,334.17,0.41,0.37,2026-10-06,429,N21,VIIRS,n,2.0NRT,306.23,4.24,D
-3.97247,137.61287,348.82,0.48,0.4,2026-10-06,429,N21,VIIRS,n,2.0NRT,309.35,12.6,D
-3.97029,136.45584,367,0.42,0.38,2026-10-06,429,N21,VIIRS,l,2.0NRT,327.84,58.91,D
-3.96972,136.45956,367,0.42,0.38,2026-10-06,429,N21,VIIRS,h,2.0NRT,337.92,217.68,D
-3.96741,136.45161,342.16,0.42,0.38,2026-10-06,429,N21,VIIRS,n,2.0NRT,311.02,67.22,D
-3.96684,136.45535,367,0.42,0.38,2026-10-06,429,N21,VIIRS,h,2.0NRT,325.12,67.22,D
-3.96626,136.45911,367,0.42,0.38,2026-10-06,429,N21,VIIRS,l,2.0NRT,335.72,60.78,D
-3.96569,136.43991,312.14,0.42,0.38,2026-10-06,429,N21,VIIRS,l,2.0NRT,317.38,69.2,D
-3.96512,136.44363,342.42,0.42,0.38,2026-10-06,429,N21,VIIRS,n,2.0NRT,310.11,42.01,D
-3.96438,136.51749,338.05,0.43,0.38,2026-10-06,429,N21,VIIRS,n,2.0NRT,301.37,7.2,D
-3.96397,136.45108,349.79,0.42,0.38,2026-10-06,429,N21,VIIRS,n,2.0NRT,321.56,67.22,D
-3.96281,136.45865,337.23,0.42,0.38,2026-10-06,429,N21,VIIRS,n,2.0NRT,306.14,60.78,D
-3.96226,136.4393,348.81,0.42,0.38,2026-10-06,429,N21,VIIRS,n,2.0NRT,319.75,30.64,D
-3.96201,137.65594,336.61,0.48,0.4,2026-10-06,429,N21,VIIRS,n,2.0NRT,299.69,3.25,D
-3.96168,136.44307,339.81,0.42,0.38,2026-10-06,429,N21,VIIRS,n,2.0NRT,312.78,12.81,D
-3.96149,136.51337,339.18,0.43,0.38,2026-10-06,429,N21,VIIRS,n,2.0NRT,312.11,7.2,D
-3.9611,136.44684,367,0.42,0.38,2026-10-06,429,N21,VIIRS,h,2.0NRT,323.94,12.81,D
-3.96091,136.51711,338.1,0.43,0.38,2026-10-06,429,N21,VIIRS,n,2.0NRT,308.31,7.2,D
-3.96052,136.42776,330.46,0.42,0.38,2026-10-06,429,N21,VIIRS,n,2.0NRT,305.38,55.54,D
-3.96052,136.45064,355.7,0.42,0.38,2026-10-06,429,N21,VIIRS,n,2.0NRT,318.01,20.37,D
-3.95993,136.45445,355.25,0.42,0.38,2026-10-06,429,N21,VIIRS,n,2.0NRT,316.34,20.37,D
-3.95937,136.43518,344.57,0.42,0.38,2026-10-06,429,N21,VIIRS,n,2.0NRT,311.16,30.64,D
-3.95934,136.45827,345.3,0.42,0.38,2026-10-06,429,N21,VIIRS,n,2.0NRT,304.86,12.31,D
-3.9588,136.43892,354.28,0.42,0.38,2026-10-06,429,N21,VIIRS,n,2.0NRT,316.38,30.64,D
-3.95822,136.44267,349.7,0.42,0.38,2026-10-06,429,N21,VIIRS,n,2.0NRT,316.72,12.81,D
-3.95764,136.44643,347.68,0.42,0.38,2026-10-06,429,N21,VIIRS,n,2.0NRT,312.91,12.81,D
-3.95649,136.43106,367,0.42,0.38,2026-10-06,429,N21,VIIRS,h,2.0NRT,342.75,81.69,D
-3.95463,138.95285,347.36,0.56,0.43,2026-10-06,429,N21,VIIRS,n,2.0NRT,300.68,16.18,D
-3.95402,136.49295,347.9,0.42,0.38,2026-10-06,429,N21,VIIRS,n,2.0NRT,311.86,11.65,D
-3.95363,136.42674,350.69,0.42,0.38,2026-10-06,429,N21,VIIRS,n,2.0NRT,316.27,81.69,D
-3.95303,136.43063,335,0.42,0.38,2026-10-06,429,N21,VIIRS,n,2.0NRT,305.74,81.69,D
-3.95165,137.67429,330.05,0.48,0.4,2026-10-06,429,N21,VIIRS,n,2.0NRT,296.27,11.94,D
-3.95157,138.94678,301.95,0.56,0.43,2026-10-06,429,N21,VIIRS,l,2.0NRT,309.29,63.3,D
-3.95077,138.95174,353.52,0.56,0.43,2026-10-06,429,N21,VIIRS,n,2.0NRT,307.19,67.79,D
-3.948,137.67377,343.83,0.48,0.4,2026-10-06,429,N21,VIIRS,n,2.0NRT,305.13,11.94,D
-3.94671,136.42596,335.66,0.42,0.38,2026-10-06,429,N21,VIIRS,l,2.0NRT,307.99,9.66,D
-3.9454,136.50302,336.27,0.42,0.38,2026-10-06,429,N21,VIIRS,n,2.0NRT,303.09,3.29,D
-3.94327,137.65643,333.36,0.48,0.4,2026-10-06,429,N21,VIIRS,n,2.0NRT,300.33,10.66,D
-3.94195,136.50247,332.23,0.42,0.38,2026-10-06,429,N21,VIIRS,n,2.0NRT,301.66,3.29,D
-3.93553,138.49049,331.07,0.53,0.42,2026-10-06,429,N21,VIIRS,n,2.0NRT,302.85,2.91,D
-3.92943,137.64954,334.74,0.48,0.4,2026-10-06,429,N21,VIIRS,l,2.0NRT,305.44,7.58,D
-3.91849,137.64795,344.57,0.48,0.4,2026-10-06,429,N21,VIIRS,n,2.0NRT,297.51,7.11,D
-3.90764,144.1571,333.72,0.42,0.61,2026-10-06,429,N21,VIIRS,n,2.0NRT,291.31,8.08,D
-3.90723,144.02156,341.89,0.41,0.61,2026-10-06,429,N21,VIIRS,n,2.0NRT,293.41,9.23,D
-3.90661,144.02528,343.3,0.41,0.61,2026-10-06,429,N21,VIIRS,n,2.0NRT,293.37,10.29,D
-3.90437,138.71245,330.56,0.55,0.42,2026-10-06,429,N21,VIIRS,n,2.0NRT,304.18,4.49,D
-3.90405,137.66827,333.8,0.48,0.4,2026-10-06,429,N21,VIIRS,n,2.0NRT,301.82,3.96,D
-3.90364,137.66901,332.91,0.48,0.4,2026-10-06,429,N21,VIIRS,n,2.0NRT,301.49,5.51,D
-3.90203,144.1562,367,0.42,0.61,2026-10-06,429,N21,VIIRS,h,2.0NRT,292.12,8.08,D
-3.9014,144.15997,367,0.42,0.61,2026-10-06,429,N21,VIIRS,h,2.0NRT,293,8.08,D
-3.89994,137.5959,338.2,0.48,0.4,2026-10-06,429,N21,VIIRS,n,2.0NRT,304.18,26.7,D
-3.89561,137.59988,336.29,0.48,0.4,2026-10-06,429,N21,VIIRS,n,2.0NRT,307.61,26.7,D
-3.8917,136.41708,343.18,0.42,0.38,2026-10-06,429,N21,VIIRS,n,2.0NRT,312.89,21.34,D
-3.89111,136.42085,332.24,0.42,0.38,2026-10-06,429,N21,VIIRS,n,2.0NRT,301.23,21.34,D
-3.89033,142.01413,341.17,0.6,0.53,2026-10-06,429,N21,VIIRS,n,2.0NRT,293.03,26.5,D
-3.88943,142.01955,354.71,0.6,0.53,2026-10-06,429,N21,VIIRS,n,2.0NRT,294.56,26.5,D
-3.88824,136.41666,346.68,0.42,0.38,2026-10-06,429,N21,VIIRS,n,2.0NRT,302.98,8.13,D
-3.88549,142.01329,336.75,0.6,0.53,2026-10-06,429,N21,VIIRS,n,2.0NRT,293.37,12.01,D
-3.88459,142.01871,344.28,0.6,0.53,2026-10-06,429,N21,VIIRS,n,2.0NRT,293.45,12.01,D
-3.87924,138.6956,331.36,0.55,0.42,2026-10-06,429,N21,VIIRS,n,2.0NRT,301.76,3.71,D
-3.84862,137.59119,344.68,0.48,0.4,2026-10-06,429,N21,VIIRS,n,2.0NRT,301.69,6.88,D
-3.84384,136.43407,346.36,0.42,0.38,2026-10-06,429,N21,VIIRS,n,2.0NRT,309.85,23.6,D
-3.84178,137.85046,339.74,0.49,0.4,2026-10-06,429,N21,VIIRS,n,2.0NRT,300.62,10.08,D
-3.84106,137.85507,333.51,0.49,0.4,2026-10-06,429,N21,VIIRS,n,2.0NRT,303.55,8.89,D
-3.83741,138.70845,332.06,0.55,0.43,2026-10-06,429,N21,VIIRS,n,2.0NRT,299.23,5.16,D
-3.83677,138.73016,334.68,0.55,0.43,2026-10-06,429,N21,VIIRS,n,2.0NRT,302.54,18.18,D
-3.83656,138.70593,338.1,0.55,0.43,2026-10-06,429,N21,VIIRS,n,2.0NRT,302.37,22.32,D
-3.83436,138.72723,335.85,0.55,0.43,2026-10-06,429,N21,VIIRS,n,2.0NRT,301.64,12.29,D
-3.82869,138.57884,331.72,0.54,0.42,2026-10-06,429,N21,VIIRS,n,2.0NRT,299.12,30.51,D
-3.80937,137.53375,332.66,0.47,0.4,2026-10-06,429,N21,VIIRS,n,2.0NRT,297.67,5.86,D
-3.80816,137.53479,330.31,0.47,0.4,2026-10-06,429,N21,VIIRS,n,2.0NRT,297.25,3.98,D
-3.80723,137.49278,331.32,0.47,0.4,2026-10-06,429,N21,VIIRS,n,2.0NRT,301.29,4.86,D
-3.77891,143.84,332.9,0.4,0.6,2026-10-06,429,N21,VIIRS,n,2.0NRT,294.15,4.33,D
-3.77878,143.83966,332.94,0.4,0.6,2026-10-06,429,N21,VIIRS,n,2.0NRT,293.97,4.96,D
-3.77798,137.18536,331.5,0.46,0.39,2026-10-06,429,N21,VIIRS,n,2.0NRT,301.31,3.32,D
-3.77353,142.53596,338.07,0.33,0.55,2026-10-06,429,N21,VIIRS,n,2.0NRT,292.91,2.73,D
-3.77297,142.53519,335.06,0.33,0.55,2026-10-06,429,N21,VIIRS,n,2.0NRT,292.58,2.74,D
-3.77165,142.54773,329.46,0.33,0.55,2026-10-06,429,N21,VIIRS,n,2.0NRT,290.95,0.86,D
-3.76607,134.94736,332.77,0.39,0.36,2026-10-06,429,N21,VIIRS,n,2.0NRT,301.53,4.95,D
-3.74973,137.114,332.08,0.45,0.39,2026-10-06,429,N21,VIIRS,l,2.0NRT,302.15,5.48,D
-3.74551,135.01517,340.85,0.39,0.36,2026-10-06,429,N21,VIIRS,n,2.0NRT,304.3,21.21,D
-3.74237,137.83952,338.91,0.49,0.4,2026-10-06,429,N21,VIIRS,n,2.0NRT,302.08,6.46,D
-3.74171,137.84373,331.39,0.49,0.4,2026-10-06,429,N21,VIIRS,n,2.0NRT,300.71,5.39,D
-3.74045,135.00378,333.55,0.39,0.36,2026-10-06,429,N21,VIIRS,n,2.0NRT,303.31,6.3,D
-3.73684,136.8709,330.04,0.44,0.38,2026-10-06,429,N21,VIIRS,n,2.0NRT,301.36,3.2,D
-3.73433,134.99934,344.1,0.39,0.36,2026-10-06,429,N21,VIIRS,n,2.0NRT,301.17,19.21,D
-3.73274,137.08282,333.65,0.45,0.39,2026-10-06,429,N21,VIIRS,n,2.0NRT,302.74,9.54,D
-3.73102,134.99879,345.12,0.39,0.36,2026-10-06,429,N21,VIIRS,n,2.0NRT,308.36,19.21,D
-3.73083,138.07086,339.99,0.51,0.41,2026-10-06,429,N21,VIIRS,n,2.0NRT,301.79,8.2,D
-3.72924,138.07188,337.43,0.51,0.41,2026-10-06,429,N21,VIIRS,n,2.0NRT,300.05,8.41,D
-3.72206,138.07779,339.89,0.51,0.41,2026-10-06,429,N21,VIIRS,n,2.0NRT,303.24,28.6,D
-3.72047,138.07901,330.43,0.51,0.41,2026-10-06,429,N21,VIIRS,n,2.0NRT,297.63,27.84,D
-3.71016,136.71115,347.45,0.43,0.38,2026-10-06,429,N21,VIIRS,n,2.0NRT,310.73,16.23,D
-3.7089,134.29851,332.11,0.38,0.36,2026-10-06,429,N21,VIIRS,n,2.0NRT,299.77,2.38,D
-3.70774,136.75012,344.45,0.44,0.38,2026-10-06,429,N21,VIIRS,n,2.0NRT,300.26,7.92,D
-3.70663,136.71092,337.43,0.43,0.38,2026-10-06,429,N21,VIIRS,n,2.0NRT,304.84,16.23,D
-3.70423,134.2627,330.71,0.38,0.36,2026-10-06,429,N21,VIIRS,n,2.0NRT,298.62,4.29,D
-3.70198,136.69476,341.73,0.43,0.38,2026-10-06,429,N21,VIIRS,n,2.0NRT,308.84,10.79,D
-3.70138,136.69865,335.58,0.43,0.38,2026-10-06,429,N21,VIIRS,l,2.0NRT,309.14,10.79,D
-3.70078,136.70256,347.15,0.43,0.38,2026-10-06,429,N21,VIIRS,n,2.0NRT,310.62,9.8,D
-3.70072,136.7261,354.82,0.44,0.38,2026-10-06,429,N21,VIIRS,n,2.0NRT,316.86,28.75,D
-3.70002,136.77713,331.16,0.44,0.38,2026-10-06,429,N21,VIIRS,n,2.0NRT,302.06,3.91,D
-3.69726,136.70224,338.61,0.43,0.38,2026-10-06,429,N21,VIIRS,l,2.0NRT,313.21,8.18,D
-3.69718,136.72589,335.32,0.44,0.38,2026-10-06,429,N21,VIIRS,l,2.0NRT,305.97,28.75,D
-3.69646,137.9391,333.83,0.5,0.41,2026-10-06,429,N21,VIIRS,n,2.0NRT,300.52,3.4,D
-3.69289,137.22145,335.87,0.46,0.39,2026-10-06,429,N21,VIIRS,n,2.0NRT,298.69,4.37,D
-3.67995,142.95306,332.78,0.35,0.57,2026-10-06,429,N21,VIIRS,n,2.0NRT,293.96,2.6,D
-3.67633,136.74493,331.75,0.44,0.38,2026-10-06,429,N21,VIIRS,n,2.0NRT,300.31,3.99,D
-3.65277,126.40661,333.98,0.6,0.53,2026-10-06,429,N21,VIIRS,n,2.0NRT,295.97,5.34,D
-3.65147,126.40359,332.67,0.6,0.53,2026-10-06,429,N21,VIIRS,n,2.0NRT,296.57,5.24,D
-3.65103,136.67776,335.37,0.43,0.38,2026-10-06,429,N21,VIIRS,l,2.0NRT,309.56,15.9,D
-3.6506,126.40973,334.75,0.6,0.53,2026-10-06,429,N21,VIIRS,n,2.0NRT,296.48,8.67,D
-3.65044,136.68156,344.02,0.43,0.38,2026-10-06,429,N21,VIIRS,n,2.0NRT,310.7,15.9,D
-3.64786,126.40623,330.65,0.6,0.53,2026-10-06,429,N21,VIIRS,n,2.0NRT,299.26,13.78,D
-3.64696,126.41219,350.34,0.6,0.53,2026-10-06,429,N21,VIIRS,n,2.0NRT,298.84,15.73,D
-3.64483,126.4153,339.95,0.6,0.53,2026-10-06,429,N21,VIIRS,n,2.0NRT,296.35,15.66,D
-3.64442,136.69719,337.88,0.43,0.38,2026-10-06,429,N21,VIIRS,n,2.0NRT,305.81,10.36,D
-3.64362,138.03172,333.55,0.5,0.41,2026-10-06,429,N21,VIIRS,n,2.0NRT,302.59,5.55,D
-3.64182,137.78773,331.51,0.49,0.4,2026-10-06,429,N21,VIIRS,n,2.0NRT,298.14,8.17,D
-3.6403,136.70065,331.11,0.43,0.38,2026-10-06,429,N21,VIIRS,n,2.0NRT,304.26,2.43,D
-3.63323,136.72293,336.34,0.44,0.38,2026-10-06,429,N21,VIIRS,n,2.0NRT,301.09,6.82,D
-3.62899,136.65901,332.84,0.43,0.38,2026-10-06,429,N21,VIIRS,n,2.0NRT,302.72,5.6,D
-3.62833,136.66318,341.33,0.43,0.38,2026-10-06,429,N21,VIIRS,n,2.0NRT,302.19,5.6,D
-3.62768,136.66728,335.26,0.43,0.38,2026-10-06,429,N21,VIIRS,n,2.0NRT,304.91,7.47,D
-3.6046,126.86465,338.96,0.56,0.52,2026-10-06,429,N21,VIIRS,n,2.0NRT,298.91,7.6,D
-3.60416,135.46851,331.4,0.4,0.37,2026-10-06,429,N21,VIIRS,n,2.0NRT,300.95,2.63,D
-3.60263,126.81165,349.49,0.57,0.52,2026-10-06,429,N21,VIIRS,n,2.0NRT,298.36,16.74,D
-3.59937,142.85011,351.51,0.35,0.56,2026-10-06,429,N21,VIIRS,n,2.0NRT,292.85,5.09,D
-3.59527,128.32236,334.68,0.45,0.47,2026-10-06,429,N21,VIIRS,n,2.0NRT,301.01,4.35,D
-3.59134,142.64098,332.11,0.34,0.56,2026-10-06,429,N21,VIIRS,n,2.0NRT,292.87,3.17,D
-3.58077,135.47176,332.52,0.4,0.37,2026-10-06,429,N21,VIIRS,n,2.0NRT,301.82,4.79,D
-3.56637,134.7412,334.31,0.39,0.36,2026-10-06,429,N21,VIIRS,n,2.0NRT,300.07,7.99,D
-3.55978,126.86216,351.95,0.56,0.51,2026-10-06,429,N21,VIIRS,n,2.0NRT,302.54,35.77,D
-3.52699,136.59346,335.7,0.43,0.38,2026-10-06,429,N21,VIIRS,n,2.0NRT,304.7,5.51,D
-3.5264,135.26802,337.29,0.39,0.36,2026-10-06,429,N21,VIIRS,n,2.0NRT,302.13,2.13,D
-3.52506,136.59378,332.33,0.43,0.38,2026-10-06,429,N21,VIIRS,n,2.0NRT,303.6,5,D
-3.5109,135.26135,335.41,0.39,0.36,2026-10-06,429,N21,VIIRS,n,2.0NRT,301.98,6.67,D
-3.50976,135.28716,330.4,0.39,0.36,2026-10-06,429,N21,VIIRS,n,2.0NRT,301.74,2.28,D
-3.50756,135.26083,367,0.39,0.36,2026-10-06,429,N21,VIIRS,h,2.0NRT,305.6,6.67,D
-3.48405,140.726,349.73,0.5,0.49,2026-10-06,429,N21,VIIRS,n,2.0NRT,296.16,17.52,D
-3.48259,135.59581,333.77,0.4,0.37,2026-10-06,429,N21,VIIRS,n,2.0NRT,303.51,4.88,D
-3.48166,135.43085,342.69,0.4,0.37,2026-10-06,429,N21,VIIRS,n,2.0NRT,304.59,7.18,D
-3.4791,126.31331,351.47,0.61,0.53,2026-10-06,429,N21,VIIRS,n,2.0NRT,296.65,16.52,D
-3.47842,126.31796,333.62,0.61,0.53,2026-10-06,429,N21,VIIRS,n,2.0NRT,295.56,10.1,D
-3.47411,126.3133,345.76,0.61,0.53,2026-10-06,429,N21,VIIRS,n,2.0NRT,294.42,10.38,D
-3.47195,126.32822,343.02,0.61,0.53,2026-10-06,429,N21,VIIRS,n,2.0NRT,297.36,16.53,D
-3.47122,126.33325,339.04,0.61,0.53,2026-10-06,429,N21,VIIRS,n,2.0NRT,296.53,16.53,D
-3.46702,126.32784,338.2,0.61,0.53,2026-10-06,429,N21,VIIRS,n,2.0NRT,295.68,16.53,D
-3.4663,126.33285,338.81,0.61,0.53,2026-10-06,429,N21,VIIRS,n,2.0NRT,295.38,16.53,D
-3.45755,141.06728,339.27,0.53,0.5,2026-10-06,429,N21,VIIRS,n,2.0NRT,295.94,8.2,D
-3.45752,141.06918,350.53,0.53,0.5,2026-10-06,429,N21,VIIRS,n,2.0NRT,296.78,12.94,D
-3.45491,135.31435,341.16,0.39,0.37,2026-10-06,429,N21,VIIRS,n,2.0NRT,307.05,13.27,D
-3.45037,134.83362,331.94,0.39,0.36,2026-10-06,429,N21,VIIRS,n,2.0NRT,301.54,1.96,D
-3.43469,135.42369,333.09,0.4,0.37,2026-10-06,429,N21,VIIRS,n,2.0NRT,305.82,2.37,D
-3.43458,134.87035,336.63,0.39,0.36,2026-10-06,429,N21,VIIRS,n,2.0NRT,302.91,5.26,D
-3.42736,135.40437,341.19,0.4,0.37,2026-10-06,429,N21,VIIRS,n,2.0NRT,305.78,7.44,D
-3.4208,135.44704,339.56,0.4,0.37,2026-10-06,429,N21,VIIRS,n,2.0NRT,305.4,5.03,D
-3.41916,135.4577,330.53,0.4,0.37,2026-10-06,429,N21,VIIRS,l,2.0NRT,304.87,4.02,D
-3.4179,134.06638,346.61,0.38,0.36,2026-10-06,429,N21,VIIRS,n,2.0NRT,300.8,7.76,D
-3.41709,134.80701,330.64,0.39,0.36,2026-10-06,429,N21,VIIRS,n,2.0NRT,300.35,3.57,D
-3.41689,135.45007,332.58,0.4,0.37,2026-10-06,429,N21,VIIRS,l,2.0NRT,306.66,5.55,D
-3.41635,135.45361,339.95,0.4,0.37,2026-10-06,429,N21,VIIRS,n,2.0NRT,304.45,5.55,D
-3.4158,135.45718,340.81,0.4,0.37,2026-10-06,429,N21,VIIRS,n,2.0NRT,302.48,4.02,D
-3.41164,134.82054,331.98,0.39,0.36,2026-10-06,429,N21,VIIRS,n,2.0NRT,297.69,5.81,D
-3.40939,134.81306,336.57,0.39,0.36,2026-10-06,429,N21,VIIRS,n,2.0NRT,301.76,6.58,D
-3.40885,134.81656,335.64,0.39,0.36,2026-10-06,429,N21,VIIRS,n,2.0NRT,300.07,3.82,D
-3.40725,135.40129,336.22,0.4,0.37,2026-10-06,429,N21,VIIRS,n,2.0NRT,304.68,1.92,D
-3.40683,135.44853,334.2,0.4,0.37,2026-10-06,429,N21,VIIRS,n,2.0NRT,303.26,2.51,D
-3.40553,134.81609,336.27,0.39,0.36,2026-10-06,429,N21,VIIRS,n,2.0NRT,300.15,3.82,D
-3.40511,135.43733,331.39,0.4,0.37,2026-10-06,429,N21,VIIRS,l,2.0NRT,303.2,5.36,D
-3.40402,135.44444,342.38,0.4,0.37,2026-10-06,429,N21,VIIRS,n,2.0NRT,304.71,5.65,D
-3.40347,135.44801,335.42,0.4,0.37,2026-10-06,429,N21,VIIRS,n,2.0NRT,303.92,2.51,D
-3.40286,135.42973,338.2,0.4,0.37,2026-10-06,429,N21,VIIRS,n,2.0NRT,306.12,3.72,D
-3.40231,135.43327,343.63,0.4,0.37,2026-10-06,429,N21,VIIRS,n,2.0NRT,305.81,9.82,D
-3.40176,135.43683,343.16,0.4,0.37,2026-10-06,429,N21,VIIRS,n,2.0NRT,304.76,9.82,D
-3.40011,135.44749,347.5,0.4,0.37,2026-10-06,429,N21,VIIRS,n,2.0NRT,305.65,6.1,D
-3.3995,135.42921,334.97,0.4,0.37,2026-10-06,429,N21,VIIRS,n,2.0NRT,304.49,3.72,D
-3.39785,135.43988,344.88,0.4,0.37,2026-10-06,429,N21,VIIRS,n,2.0NRT,303.92,6.91,D
-3.39675,135.44698,336.52,0.4,0.37,2026-10-06,429,N21,VIIRS,n,2.0NRT,305.69,6.1,D
-3.39395,135.4429,346.26,0.4,0.37,2026-10-06,429,N21,VIIRS,n,2.0NRT,307.75,6.11,D
-3.39059,135.4424,334.16,0.4,0.37,2026-10-06,429,N21,VIIRS,l,2.0NRT,308.2,6.11,D
-3.38723,135.44188,332.46,0.4,0.37,2026-10-06,429,N21,VIIRS,l,2.0NRT,306.91,2.79,D
-3.38498,135.43427,335.66,0.4,0.37,2026-10-06,429,N21,VIIRS,n,2.0NRT,304.39,12.9,D
-3.3804,135.40471,335.96,0.4,0.37,2026-10-06,429,N21,VIIRS,n,2.0NRT,305.4,5.32,D
-3.38037,127.02199,339.33,0.54,0.51,2026-10-06,429,N21,VIIRS,n,2.0NRT,299.29,8.53,D
-3.37966,127.02682,352.62,0.54,0.51,2026-10-06,429,N21,VIIRS,n,2.0NRT,300.94,20.88,D
-3.37789,134.15167,333.16,0.38,0.36,2026-10-06,429,N21,VIIRS,n,2.0NRT,303.3,2.55,D
-3.37572,127.02134,341.34,0.54,0.51,2026-10-06,429,N21,VIIRS,n,2.0NRT,301.7,8.53,D
-3.36431,127.03457,334.57,0.54,0.51,2026-10-06,429,N21,VIIRS,n,2.0NRT,299.98,8.3,D
-3.36174,134.05365,336.91,0.38,0.36,2026-10-06,429,N21,VIIRS,n,2.0NRT,303.68,18.09,D
-3.35948,134.0463,343.67,0.38,0.36,2026-10-06,429,N21,VIIRS,n,2.0NRT,303.02,38.33,D
-3.35819,126.70281,353.04,0.57,0.52,2026-10-06,429,N21,VIIRS,n,2.0NRT,302.28,66.36,D
-3.35794,134.81511,332.69,0.39,0.36,2026-10-06,429,N21,VIIRS,n,2.0NRT,302.53,2,D
-3.31694,126.68684,330.76,0.57,0.52,2026-10-06,429,N21,VIIRS,n,2.0NRT,296.04,5.8,D
-3.3167,129.49075,337.62,0.56,0.43,2026-10-06,429,N21,VIIRS,n,2.0NRT,302.21,11.71,D
-3.31547,134.82655,330.95,0.39,0.36,2026-10-06,429,N21,VIIRS,l,2.0NRT,303.07,2.7,D
-3.3061,126.69473,330.81,0.57,0.52,2026-10-06,429,N21,VIIRS,n,2.0NRT,296.79,4.48,D
-3.30018,126.99573,336.7,0.54,0.51,2026-10-06,429,N21,VIIRS,n,2.0NRT,303.93,3.97,D
-3.29931,134.62199,332.48,0.39,0.36,2026-10-06,429,N21,VIIRS,n,2.0NRT,300.63,2,D
-3.29351,133.96967,334.3,0.38,0.36,2026-10-06,429,N21,VIIRS,n,2.0NRT,301.57,5.56,D
-3.29161,133.93779,332.41,0.38,0.36,2026-10-06,429,N21,VIIRS,n,2.0NRT,299.12,2.26,D
-3.27927,133.97449,353.74,0.38,0.36,2026-10-06,429,N21,VIIRS,n,2.0NRT,305.51,10.99,D
-3.26772,134.78372,333.52,0.39,0.36,2026-10-06,429,N21,VIIRS,n,2.0NRT,301.8,2.74,D
-3.2644,134.7832,333.75,0.39,0.36,2026-10-06,429,N21,VIIRS,n,2.0NRT,301.88,2.46,D
-3.26386,134.78673,330.55,0.39,0.36,2026-10-06,429,N21,VIIRS,l,2.0NRT,302.45,4.72,D
-3.25579,129.02034,330.18,0.4,0.44,2026-10-06,429,N21,VIIRS,l,2.0NRT,302.5,1.73,D
-3.25458,134.80243,342.45,0.39,0.36,2026-10-06,429,N21,VIIRS,n,2.0NRT,304.05,4.03,D
-3.25419,133.9565,331.05,0.38,0.36,2026-10-06,429,N21,VIIRS,n,2.0NRT,300.33,5.23,D
-3.25126,134.80193,332.95,0.39,0.36,2026-10-06,429,N21,VIIRS,n,2.0NRT,302.81,4.03,D
-3.24221,127.03561,341.44,0.54,0.51,2026-10-06,429,N21,VIIRS,n,2.0NRT,304.75,4.6,D
-3.2086,130.27724,342.29,0.5,0.41,2026-10-06,429,N21,VIIRS,n,2.0NRT,297.71,17.63,D
-3.17061,128.92485,335.37,0.4,0.44,2026-10-06,429,N21,VIIRS,n,2.0NRT,300.51,3.58,D
-3.1293,127.99429,348.02,0.46,0.47,2026-10-06,429,N21,VIIRS,n,2.0NRT,301.13,8.14,D
-3.12869,127.9984,331.05,0.46,0.47,2026-10-06,429,N21,VIIRS,l,2.0NRT,301.21,8.14,D
-3.125,127.99347,341.73,0.46,0.47,2026-10-06,429,N21,VIIRS,n,2.0NRT,302.33,8.14,D
-3.1207,127.99265,342.6,0.46,0.47,2026-10-06,429,N21,VIIRS,n,2.0NRT,300.98,6.84,D
-3.11469,128.06339,342.65,0.46,0.47,2026-10-06,429,N21,VIIRS,n,2.0NRT,301.53,15.04,D
-3.10354,128.01936,334.54,0.46,0.47,2026-10-06,429,N21,VIIRS,n,2.0NRT,300.63,5.11,D
-3.09573,128.07275,332.66,0.46,0.47,2026-10-06,429,N21,VIIRS,n,2.0NRT,302.65,3.7,D
-3.08395,128.0164,336.61,0.46,0.47,2026-10-06,429,N21,VIIRS,n,2.0NRT,301.46,7.91,D
-3.08197,128.01614,337.22,0.46,0.47,2026-10-06,429,N21,VIIRS,n,2.0NRT,301.06,4.67,D
-3.04913,129.75635,367,0.53,0.42,2026-10-06,429,N21,VIIRS,h,2.0NRT,302.41,24.93,D
-3.03863,133.16228,338.75,0.39,0.36,2026-10-06,429,N21,VIIRS,n,2.0NRT,300.87,5.74,D
-2.98258,133.218,331.8,0.39,0.36,2026-10-06,429,N21,VIIRS,n,2.0NRT,297.25,3.53,D
-2.97926,133.2175,351.33,0.39,0.36,2026-10-06,429,N21,VIIRS,n,2.0NRT,300.79,9.68,D
-2.94374,133.54166,330.46,0.39,0.36,2026-10-06,429,N21,VIIRS,l,2.0NRT,300.56,2.71,D
-2.88426,128.80467,343.21,0.41,0.45,2026-10-06,429,N21,VIIRS,n,2.0NRT,300.72,11.92,D
-2.88321,128.81177,332.75,0.4,0.45,2026-10-06,429,N21,VIIRS,n,2.0NRT,298.22,7.57,D
-2.86795,128.99886,339.89,0.39,0.44,2026-10-06,429,N21,VIIRS,n,2.0NRT,301.65,3.8,D
-2.83718,134.10927,331.19,0.38,0.36,2026-10-06,429,N21,VIIRS,n,2.0NRT,300.22,2.64,D
-2.19839,146.56744,349.97,0.66,0.73,2026-10-06,429,N21,VIIRS,n,2.0NRT,292.63,18.04,D
-2.19738,146.57356,330.02,0.66,0.73,2026-10-06,429,N21,VIIRS,n,2.0NRT,292.24,15.34,D
-2.11313,146.66513,330.48,0.67,0.74,2026-10-06,429,N21,VIIRS,n,2.0NRT,290.39,7.91,D
-1.99944,146.99786,330.24,0.71,0.75,2026-10-06,429,N21,VIIRS,n,2.0NRT,291.42,9.6,D
-1.81661,136.75143,332.89,0.46,0.39,2026-10-06,429,N21,VIIRS,l,2.0NRT,304.23,12.77,D
-3.12889,126.82581,329.27,0.55,0.51,2026-10-06,432,N21,VIIRS,n,2.0NRT,298.36,1.94,D
-2.78551,121.66533,355.45,0.63,0.72,2026-10-06,432,N21,VIIRS,n,2.0NRT,268.21,20.09,D
-2.77898,121.66423,343.83,0.63,0.72,2026-10-06,432,N21,VIIRS,n,2.0NRT,277.8,20.09,D
-2.64718,121.60867,330.68,0.63,0.72,2026-10-06,432,N21,VIIRS,n,2.0NRT,283.42,6.23,D
-2.63109,121.48701,344.69,0.64,0.72,2026-10-06,432,N21,VIIRS,n,2.0NRT,289.07,14.34,D
-2.62809,121.648,344.38,0.63,0.72,2026-10-06,432,N21,VIIRS,n,2.0NRT,278.23,12.61,D
-2.62777,121.61168,325.16,0.63,0.72,2026-10-06,432,N21,VIIRS,n,2.0NRT,282.11,5,D
-2.62629,121.48743,354.17,0.64,0.72,2026-10-06,432,N21,VIIRS,n,2.0NRT,290.54,20.42,D
-2.61832,121.49565,326.73,0.64,0.72,2026-10-06,432,N21,VIIRS,n,2.0NRT,291.88,15.67,D
-2.59845,121.44742,335.22,0.65,0.73,2026-10-06,432,N21,VIIRS,n,2.0NRT,291.74,11.43,D
-2.57631,121.38268,367,0.65,0.73,2026-10-06,432,N21,VIIRS,h,2.0NRT,293.92,44.13,D
-2.57473,121.37804,327.47,0.65,0.73,2026-10-06,432,N21,VIIRS,n,2.0NRT,290.74,24.64,D
-2.57393,121.38351,367,0.65,0.73,2026-10-06,432,N21,VIIRS,h,2.0NRT,293.39,36.33,D
-1.95837,121.0514,330.58,0.67,0.74,2026-10-06,432,N21,VIIRS,n,2.0NRT,281.96,4.72,D
-1.90188,120.34013,329.66,0.76,0.77,2026-10-06,432,N21,VIIRS,n,2.0NRT,289.81,14.62,D
-1.90022,120.35068,328.35,0.76,0.77,2026-10-06,432,N21,VIIRS,n,2.0NRT,289.48,12.99,D
-1.89975,120.34602,351.77,0.76,0.77,2026-10-06,432,N21,VIIRS,n,2.0NRT,290.68,19.85,D
-1.85009,134.09512,337.58,0.38,0.36,2026-10-06,432,N21,VIIRS,n,2.0NRT,299.54,6.34,D
-1.83504,120.91656,330.23,0.69,0.74,2026-10-06,432,N21,VIIRS,n,2.0NRT,293.41,7.71,D
-1.80305,134.17888,329.19,0.39,0.36,2026-10-06,432,N21,VIIRS,n,2.0NRT,300.23,3.68,D
-1.72899,121.70437,327.73,0.6,0.71,2026-10-06,432,N21,VIIRS,n,2.0NRT,277.94,4.58,D
-1.57523,121.66145,332.88,0.6,0.71,2026-10-06,432,N21,VIIRS,n,2.0NRT,273.67,7.33,D
-1.56513,127.42854,339.15,0.48,0.48,2026-10-06,432,N21,VIIRS,n,2.0NRT,297.67,8.67,D
-1.56076,127.42783,345.51,0.48,0.48,2026-10-06,432,N21,VIIRS,n,2.0NRT,296.7,8.67,D
-1.54419,120.73367,325.31,0.7,0.75,2026-10-06,432,N21,VIIRS,n,2.0NRT,288.91,8.27,D
-1.54177,134.17712,341.01,0.39,0.36,2026-10-06,432,N21,VIIRS,n,2.0NRT,298.88,8.16,D
-1.53173,121.25781,353.97,0.64,0.72,2026-10-06,432,N21,VIIRS,n,2.0NRT,285.46,61.34,D
-1.4827,134.13918,342.56,0.39,0.36,2026-10-06,432,N21,VIIRS,n,2.0NRT,302.05,5.21,D
-1.46054,127.43551,341.2,0.48,0.48,2026-10-06,432,N21,VIIRS,n,2.0NRT,295.3,7.71,D
-1.4562,127.43462,342.02,0.48,0.48,2026-10-06,432,N21,VIIRS,n,2.0NRT,296.06,10.61,D
-1.43157,127.54033,334.22,0.47,0.48,2026-10-06,432,N21,VIIRS,n,2.0NRT,290.13,18.62,D
-1.43102,127.54398,344.29,0.47,0.48,2026-10-06,432,N21,VIIRS,n,2.0NRT,292.92,18.62,D
-1.42728,127.53928,343.76,0.47,0.48,2026-10-06,432,N21,VIIRS,n,2.0NRT,289.09,18.62,D
-1.42673,127.54298,367,0.47,0.48,2026-10-06,432,N21,VIIRS,h,2.0NRT,292.23,18.62,D
-1.37943,120.29059,342.18,0.75,0.77,2026-10-06,432,N21,VIIRS,n,2.0NRT,290.41,26.2,D
-1.37848,120.29008,325.11,0.75,0.77,2026-10-06,432,N21,VIIRS,n,2.0NRT,289.7,12.46,D
-1.37767,120.29541,340.1,0.75,0.77,2026-10-06,432,N21,VIIRS,n,2.0NRT,292.3,18.4,D
-1.3589,133.75049,330.07,0.38,0.36,2026-10-06,432,N21,VIIRS,n,2.0NRT,299.57,3.74,D
-1.35613,133.74655,343.16,0.38,0.36,2026-10-06,432,N21,VIIRS,n,2.0NRT,299.12,11.13,D
-1.26031,133.81586,330.24,0.38,0.36,2026-10-06,432,N21,VIIRS,n,2.0NRT,299.34,4.22,D
-1.22112,133.73582,342.08,0.38,0.36,2026-10-06,432,N21,VIIRS,n,2.0NRT,300.26,10.3,D
-1.17512,133.81657,335.48,0.38,0.36,2026-10-06,432,N21,VIIRS,n,2.0NRT,300.53,5.18,D
-1.17182,133.8161,341.31,0.38,0.36,2026-10-06,432,N21,VIIRS,n,2.0NRT,303.44,5.18,D
-1.168,133.81903,352.45,0.38,0.36,2026-10-06,432,N21,VIIRS,n,2.0NRT,306.44,14.5,D
-1.16465,136.20686,334.51,0.44,0.38,2026-10-06,432,N21,VIIRS,l,2.0NRT,305.45,5.32,D
-1.16086,135.85997,330.26,0.42,0.38,2026-10-06,432,N21,VIIRS,l,2.0NRT,300.29,2.68,D
-1.16028,135.86371,334.81,0.42,0.38,2026-10-06,432,N21,VIIRS,n,2.0NRT,301.47,2.68,D
-1.15911,135.87132,330.77,0.42,0.38,2026-10-06,432,N21,VIIRS,l,2.0NRT,302.83,4.29,D
-1.14396,135.92346,331.7,0.43,0.38,2026-10-06,432,N21,VIIRS,n,2.0NRT,299.98,4.64,D
-1.14395,122.12485,326.33,0.55,0.68,2026-10-06,432,N21,VIIRS,n,2.0NRT,289.18,7.11,D
-1.13826,121.99617,336.66,0.56,0.69,2026-10-06,432,N21,VIIRS,n,2.0NRT,288.77,10.97,D
-1.13608,122.13454,330.55,0.55,0.68,2026-10-06,432,N21,VIIRS,n,2.0NRT,290.26,6.2,D
-1.1296,121.92664,337.95,0.57,0.69,2026-10-06,432,N21,VIIRS,n,2.0NRT,291,5.6,D
-1.12902,121.93046,330.72,0.57,0.69,2026-10-06,432,N21,VIIRS,n,2.0NRT,291.32,5.6,D
-1.12756,135.98341,345.2,0.43,0.38,2026-10-06,432,N21,VIIRS,n,2.0NRT,303.11,5.9,D
-1.1246,121.91708,327.84,0.57,0.69,2026-10-06,432,N21,VIIRS,n,2.0NRT,291.8,6.76,D
-1.12408,135.98289,345.13,0.43,0.38,2026-10-06,432,N21,VIIRS,n,2.0NRT,300.9,5.9,D
-1.11926,135.95479,335.13,0.43,0.38,2026-10-06,432,N21,VIIRS,n,2.0NRT,301.08,2.98,D
-1.0862,122.09708,334.73,0.55,0.68,2026-10-06,432,N21,VIIRS,n,2.0NRT,288.33,9.2,D
-1.08433,122.09821,343.52,0.55,0.68,2026-10-06,432,N21,VIIRS,n,2.0NRT,288.83,6.15,D
-1.07628,121.93852,331.13,0.57,0.69,2026-10-06,432,N21,VIIRS,n,2.0NRT,293.56,4.54,D
-1.0761,122.12053,332.68,0.55,0.68,2026-10-06,432,N21,VIIRS,n,2.0NRT,291.19,6.39,D
-1.07422,122.12299,339.13,0.55,0.68,2026-10-06,432,N21,VIIRS,n,2.0NRT,291.29,12.62,D
-1.07293,121.93703,327.12,0.57,0.69,2026-10-06,432,N21,VIIRS,n,2.0NRT,293.89,5.36,D
-1.06967,122.12093,325.44,0.55,0.68,2026-10-06,432,N21,VIIRS,n,2.0NRT,286.72,6.39,D
-1.035,134.04419,332.7,0.39,0.36,2026-10-06,432,N21,VIIRS,n,2.0NRT,298.75,4.67,D
-1.00599,133.99048,337.96,0.39,0.36,2026-10-06,432,N21,VIIRS,n,2.0NRT,302.31,17.81,D
-0.99365,133.96053,329.2,0.39,0.36,2026-10-06,432,N21,VIIRS,n,2.0NRT,298.74,3.19,D
-0.97976,136.04031,332.32,0.43,0.38,2026-10-06,432,N21,VIIRS,n,2.0NRT,299.7,2.75,D
-0.87814,133.19762,328.82,0.39,0.36,2026-10-06,432,N21,VIIRS,l,2.0NRT,300.88,2.62,D
-0.85963,133.76726,337.58,0.38,0.36,2026-10-06,432,N21,VIIRS,n,2.0NRT,301.75,6.98,D
-0.85911,133.77071,332.37,0.38,0.36,2026-10-06,432,N21,VIIRS,n,2.0NRT,300.19,6.98,D
-0.79702,130.48602,334.63,0.46,0.39,2026-10-06,432,N21,VIIRS,l,2.0NRT,300.99,6.11,D
-0.7664,132.12297,330.33,0.4,0.37,2026-10-06,432,N21,VIIRS,l,2.0NRT,299.85,3.23,D
-0.71426,123.39742,329.78,0.44,0.62,2026-10-06,432,N21,VIIRS,n,2.0NRT,295,3.65,D
-0.65659,123.38033,325.32,0.44,0.62,2026-10-06,432,N21,VIIRS,n,2.0NRT,288.25,2.99,D
-0.59736,133.14702,333.83,0.39,0.36,2026-10-06,432,N21,VIIRS,n,2.0NRT,299.58,3.41,D
-0.35132,130.89021,331.78,0.44,0.38,2026-10-06,432,N21,VIIRS,n,2.0NRT,299.41,4.52,D
0.39094,123.25296,331.12,0.43,0.62,2026-10-06,432,N21,VIIRS,n,2.0NRT,293.24,11.42,D
0.3916,123.25702,340.59,0.43,0.62,2026-10-06,432,N21,VIIRS,n,2.0NRT,292.95,12.21,D
0.39353,123.25038,335.73,0.44,0.62,2026-10-06,432,N21,VIIRS,n,2.0NRT,294.34,6.96,D
0.39413,123.25423,343.23,0.44,0.62,2026-10-06,432,N21,VIIRS,n,2.0NRT,294.63,12.13,D
0.39475,123.25825,367,0.43,0.62,2026-10-06,432,N21,VIIRS,h,2.0NRT,294.51,12.13,D
0.39688,123.25384,367,0.43,0.62,2026-10-06,432,N21,VIIRS,h,2.0NRT,296.14,12.21,D
0.40016,123.25581,331.76,0.43,0.62,2026-10-06,432,N21,VIIRS,n,2.0NRT,293.57,7.31,D
0.43626,123.31882,332.04,0.43,0.62,2026-10-06,432,N21,VIIRS,n,2.0NRT,292.32,6.82,D
0.50838,122.76106,338.66,0.47,0.64,2026-10-06,432,N21,VIIRS,n,2.0NRT,294.21,6.89,D
0.51376,122.76064,367,0.47,0.64,2026-10-06,432,N21,VIIRS,h,2.0NRT,294.07,11.72,D
0.51441,122.76142,344.64,0.47,0.64,2026-10-06,432,N21,VIIRS,n,2.0NRT,292.98,4.51,D
0.63945,124.18459,325.1,0.37,0.58,2026-10-06,432,N21,VIIRS,n,2.0NRT,290.18,2.51,D
0.65561,122.90453,326.56,0.46,0.63,2026-10-06,432,N21,VIIRS,l,2.0NRT,298.71,1.73,D
0.69662,122.89606,325.99,0.46,0.63,2026-10-06,432,N21,VIIRS,l,2.0NRT,297.65,7.71,D
0.70186,122.89186,343.18,0.46,0.63,2026-10-06,432,N21,VIIRS,n,2.0NRT,295.66,4.95,D
0.70775,122.8917,330.18,0.46,0.63,2026-10-06,432,N21,VIIRS,n,2.0NRT,296.67,4.95,D
0.70918,122.90067,332.98,0.46,0.63,2026-10-06,432,N21,VIIRS,n,2.0NRT,293.67,3.36,D
0.74469,127.65041,328.71,0.43,0.46,2026-10-06,432,N21,VIIRS,n,2.0NRT,289.97,2.98,D
0.74909,127.67924,339.73,0.42,0.46,2026-10-06,432,N21,VIIRS,n,2.0NRT,287.67,6.07,D
0.74938,127.65321,329.58,0.43,0.46,2026-10-06,432,N21,VIIRS,n,2.0NRT,290.12,7.83,D
0.75322,127.67842,332.02,0.42,0.46,2026-10-06,432,N21,VIIRS,n,2.0NRT,287.84,4.35,D
0.77062,123.60424,329.33,0.4,0.6,2026-10-06,432,N21,VIIRS,n,2.0NRT,292.86,3.25,D
0.77258,123.33431,367,0.42,0.61,2026-10-06,432,N21,VIIRS,h,2.0NRT,291.65,11.63,D
0.77316,123.33793,329.73,0.42,0.61,2026-10-06,432,N21,VIIRS,n,2.0NRT,288.27,11.63,D
0.78434,123.33611,327.1,0.42,0.61,2026-10-06,432,N21,VIIRS,n,2.0NRT,289.8,4.66,D
0.78917,123.54438,350.88,0.41,0.61,2026-10-06,432,N21,VIIRS,n,2.0NRT,291.39,10.85,D
0.79047,123.33862,337.54,0.42,0.61,2026-10-06,432,N21,VIIRS,n,2.0NRT,293.15,5.78,D
0.79132,124.02374,329.48,0.38,0.59,2026-10-06,432,N21,VIIRS,n,2.0NRT,291.45,5.58,D
0.79548,123.33402,343.54,0.42,0.61,2026-10-06,432,N21,VIIRS,n,2.0NRT,294.16,8.48,D
0.79592,122.80988,325.18,0.46,0.64,2026-10-06,432,N21,VIIRS,l,2.0NRT,295.8,2.75,D
0.79605,123.33762,348.15,0.42,0.61,2026-10-06,432,N21,VIIRS,n,2.0NRT,294.91,10.82,D
0.80844,123.34351,331.16,0.42,0.61,2026-10-06,432,N21,VIIRS,n,2.0NRT,295.54,3.54,D
0.81285,123.47977,337.28,0.41,0.61,2026-10-06,432,N21,VIIRS,n,2.0NRT,291.63,6.66,D
0.81716,123.47111,337.64,0.41,0.61,2026-10-06,432,N21,VIIRS,n,2.0NRT,292.97,65.69,D
0.81776,123.47493,351.48,0.41,0.61,2026-10-06,432,N21,VIIRS,n,2.0NRT,306.76,65.69,D
0.8184,123.47897,343.04,0.41,0.61,2026-10-06,432,N21,VIIRS,n,2.0NRT,291.13,26.89,D
0.81912,123.48348,334.89,0.41,0.61,2026-10-06,432,N21,VIIRS,n,2.0NRT,292.04,26.89,D
0.81989,123.48837,334.93,0.41,0.61,2026-10-06,432,N21,VIIRS,n,2.0NRT,291.91,9.68,D
0.82084,123.49435,353.61,0.41,0.61,2026-10-06,432,N21,VIIRS,n,2.0NRT,292.16,9.68,D
0.8214,124.41647,327.13,0.36,0.57,2026-10-06,432,N21,VIIRS,n,2.0NRT,267.54,2.31,D
0.82265,123.46995,348.59,0.41,0.61,2026-10-06,432,N21,VIIRS,n,2.0NRT,291.36,65.69,D
0.82327,123.47384,367,0.41,0.61,2026-10-06,432,N21,VIIRS,h,2.0NRT,307.2,65.69,D
0.82389,123.47776,339.47,0.41,0.61,2026-10-06,432,N21,VIIRS,n,2.0NRT,292.61,26.89,D
0.82456,123.48201,367,0.41,0.61,2026-10-06,432,N21,VIIRS,h,2.0NRT,295.39,26.89,D
0.82527,123.48653,354.18,0.41,0.61,2026-10-06,432,N21,VIIRS,n,2.0NRT,293.26,9.68,D
0.82864,124.39508,334.12,0.36,0.57,2026-10-06,432,N21,VIIRS,n,2.0NRT,270.65,6.15,D
0.82934,123.47633,367,0.41,0.61,2026-10-06,432,N21,VIIRS,h,2.0NRT,293.97,17.03,D
0.82996,123.4803,346.54,0.41,0.61,2026-10-06,432,N21,VIIRS,n,2.0NRT,299.01,17.03,D
0.83065,123.48467,367,0.41,0.61,2026-10-06,432,N21,VIIRS,h,2.0NRT,298.12,52.23,D
0.83189,123.56431,328.33,0.41,0.6,2026-10-06,432,N21,VIIRS,n,2.0NRT,293.52,7.9,D
0.83246,123.56795,367,0.41,0.6,2026-10-06,432,N21,VIIRS,h,2.0NRT,294.04,7.9,D
0.83433,123.37078,333.96,0.42,0.61,2026-10-06,432,N21,VIIRS,n,2.0NRT,295.27,3.24,D
0.83485,123.47527,331.44,0.41,0.61,2026-10-06,432,N21,VIIRS,n,2.0NRT,293.27,17.03,D
0.83543,123.47894,367,0.41,0.61,2026-10-06,432,N21,VIIRS,h,2.0NRT,298,17.03,D
0.83569,123.37138,335.5,0.42,0.61,2026-10-06,432,N21,VIIRS,n,2.0NRT,295.61,4.71,D
0.83747,122.9591,333.91,0.45,0.63,2026-10-06,432,N21,VIIRS,n,2.0NRT,297.32,7.22,D
0.83816,122.96345,342.62,0.45,0.63,2026-10-06,432,N21,VIIRS,n,2.0NRT,299.74,9.07,D
0.84949,123.64015,339.65,0.4,0.6,2026-10-06,432,N21,VIIRS,n,2.0NRT,288.92,5.26,D
0.86114,122.9229,329.16,0.45,0.63,2026-10-06,432,N21,VIIRS,l,2.0NRT,300,2.75,D
0.86347,122.74832,328.89,0.46,0.64,2026-10-06,432,N21,VIIRS,n,2.0NRT,295.93,2.98,D
0.86792,122.77695,367,0.46,0.64,2026-10-06,432,N21,VIIRS,h,2.0NRT,296.46,14.45,D
0.86818,122.77602,353.18,0.46,0.64,2026-10-06,432,N21,VIIRS,n,2.0NRT,295.33,12.97,D
0.86854,122.78097,341.76,0.46,0.64,2026-10-06,432,N21,VIIRS,n,2.0NRT,295.32,10.97,D
0.86883,122.78007,347.67,0.46,0.64,2026-10-06,432,N21,VIIRS,n,2.0NRT,295.76,14.54,D
0.8704,123.48502,325.42,0.41,0.61,2026-10-06,432,N21,VIIRS,n,2.0NRT,291.14,2.2,D
0.87366,122.69959,335.67,0.47,0.64,2026-10-06,432,N21,VIIRS,n,2.0NRT,298.26,8.04,D
0.87431,122.7036,328.87,0.47,0.64,2026-10-06,432,N21,VIIRS,n,2.0NRT,296.26,5.15,D
0.90143,123.28921,332.58,0.42,0.61,2026-10-06,432,N21,VIIRS,n,2.0NRT,299.26,5.01,D
0.94845,122.38677,333.48,0.49,0.65,2026-10-06,432,N21,VIIRS,n,2.0NRT,286.73,5.41,D
0.96027,124.20631,330.05,0.37,0.58,2026-10-06,432,N21,VIIRS,n,2.0NRT,278.75,3.66,D
0.964,127.96716,333.27,0.4,0.45,2026-10-06,432,N21,VIIRS,n,2.0NRT,289.55,3,D
0.96448,122.44886,341.27,0.48,0.65,2026-10-06,432,N21,VIIRS,n,2.0NRT,294.1,6.54,D
0.96684,124.21389,334.57,0.36,0.58,2026-10-06,432,N21,VIIRS,n,2.0NRT,277.51,5.39,D
0.96692,127.95917,343.44,0.4,0.45,2026-10-06,432,N21,VIIRS,n,2.0NRT,289.31,8.6,D
0.98298,122.4128,327.47,0.49,0.65,2026-10-06,432,N21,VIIRS,n,2.0NRT,297.47,3.66,D
1.03618,127.97401,334.72,0.4,0.44,2026-10-06,432,N21,VIIRS,n,2.0NRT,287.24,5.05,D
1.03958,127.96922,335.76,0.4,0.44,2026-10-06,432,N21,VIIRS,n,2.0NRT,288.54,5.16,D
1.04021,127.97317,333.33,0.4,0.44,2026-10-06,432,N21,VIIRS,n,2.0NRT,287.57,5.16,D
1.09643,128.06732,342.61,0.4,0.44,2026-10-06,432,N21,VIIRS,n,2.0NRT,288.96,5.65,D
1.09694,128.07057,333.35,0.4,0.44,2026-10-06,432,N21,VIIRS,n,2.0NRT,286.9,7.59,D
1.09993,128.06323,331.05,0.4,0.44,2026-10-06,432,N21,VIIRS,n,2.0NRT,285.29,5.65,D
1.10841,128.06473,342.95,0.4,0.44,2026-10-06,432,N21,VIIRS,n,2.0NRT,286.05,13.26,D
1.11239,128.06369,329.93,0.4,0.44,2026-10-06,432,N21,VIIRS,n,2.0NRT,283.68,3.12,D
1.1499,127.76891,338.41,0.41,0.45,2026-10-06,432,N21,VIIRS,n,2.0NRT,286.97,3.14,D
1.17049,124.41132,333.57,0.35,0.57,2026-10-06,432,N21,VIIRS,n,2.0NRT,291.61,5.43,D
1.18854,127.82849,327.92,0.41,0.45,2026-10-06,432,N21,VIIRS,n,2.0NRT,287.05,2.87,D
1.19265,127.82795,345.69,0.41,0.45,2026-10-06,432,N21,VIIRS,n,2.0NRT,288.17,9.88,D
1.19722,127.80315,327.75,0.41,0.45,2026-10-06,432,N21,VIIRS,n,2.0NRT,286.3,5.66,D
1.19775,127.80658,342.18,0.41,0.45,2026-10-06,432,N21,VIIRS,n,2.0NRT,288.04,5.89,D
1.19826,127.80993,326.66,0.41,0.45,2026-10-06,432,N21,VIIRS,n,2.0NRT,286.3,5.89,D
1.19928,127.81658,345.33,0.41,0.45,2026-10-06,432,N21,VIIRS,n,2.0NRT,286.25,6.32,D
1.20287,127.81263,331.86,0.41,0.45,2026-10-06,432,N21,VIIRS,n,2.0NRT,285.31,6.32,D
1.24439,127.94448,328.72,0.4,0.44,2026-10-06,432,N21,VIIRS,n,2.0NRT,296.31,1.83,D
1.24845,127.94391,327.14,0.4,0.44,2026-10-06,432,N21,VIIRS,l,2.0NRT,297.63,1.83,D
1.24957,127.79265,332.81,0.41,0.45,2026-10-06,432,N21,VIIRS,n,2.0NRT,287.89,4.33,D
1.28897,127.85721,327.66,0.41,0.45,2026-10-06,432,N21,VIIRS,n,2.0NRT,290.33,2.19,D
1.29568,127.9004,327.06,0.4,0.44,2026-10-06,432,N21,VIIRS,l,2.0NRT,298.78,2.28,D
1.29901,128.18489,326.6,0.39,0.44,2026-10-06,432,N21,VIIRS,n,2.0NRT,277.57,2.91,D
1.31269,127.79401,328.73,0.41,0.45,2026-10-06,432,N21,VIIRS,n,2.0NRT,291.56,30.34,D
1.31804,127.93741,335.43,0.4,0.44,2026-10-06,432,N21,VIIRS,n,2.0NRT,294.7,3.51,D
1.32265,127.94038,330.17,0.4,0.44,2026-10-06,432,N21,VIIRS,n,2.0NRT,294.44,3.89,D
1.33131,127.94275,325.85,0.4,0.44,2026-10-06,432,N21,VIIRS,n,2.0NRT,292.01,2.89,D
1.33997,127.94515,341.34,0.4,0.44,2026-10-06,432,N21,VIIRS,n,2.0NRT,294.08,9.3,D
1.34241,127.93392,326.66,0.4,0.44,2026-10-06,432,N21,VIIRS,n,2.0NRT,294.93,18.41,D
1.34271,127.93301,337.9,0.4,0.44,2026-10-06,432,N21,VIIRS,n,2.0NRT,295.74,17.33,D
1.34647,127.93332,346.16,0.4,0.44,2026-10-06,432,N21,VIIRS,n,2.0NRT,300.28,18.41,D
1.34676,127.93242,350.88,0.4,0.44,2026-10-06,432,N21,VIIRS,n,2.0NRT,300.37,17.33,D
1.35071,127.95718,331.87,0.4,0.44,2026-10-06,432,N21,VIIRS,n,2.0NRT,285.01,2.16,D
1.35565,127.9099,327.41,0.4,0.44,2026-10-06,432,N21,VIIRS,n,2.0NRT,293.41,2.33,D
1.36916,127.96891,328.8,0.4,0.44,2026-10-06,432,N21,VIIRS,n,2.0NRT,284.2,4.27,D
1.37385,127.89346,325.2,0.4,0.44,2026-10-06,432,N21,VIIRS,n,2.0NRT,291.32,2.12,D
1.37602,127.90724,327.79,0.4,0.44,2026-10-06,432,N21,VIIRS,n,2.0NRT,293.18,1.77,D
1.37766,127.91768,345.28,0.4,0.44,2026-10-06,432,N21,VIIRS,n,2.0NRT,291.5,7.35,D
1.37964,127.82417,341.91,0.41,0.45,2026-10-06,432,N21,VIIRS,n,2.0NRT,295.35,9.74,D
1.38128,127.96705,341.18,0.4,0.44,2026-10-06,432,N21,VIIRS,n,2.0NRT,283.99,19.2,D
1.38534,127.96651,348,0.4,0.44,2026-10-06,432,N21,VIIRS,n,2.0NRT,285.98,19.2,D
1.38542,127.83442,333.64,0.41,0.45,2026-10-06,432,N21,VIIRS,n,2.0NRT,292.08,3.74,D
1.39276,128.34363,331.18,0.57,0.43,2026-10-06,432,N21,VIIRS,n,2.0NRT,286.08,13.32,D
1.40375,127.79092,327.97,0.41,0.45,2026-10-06,432,N21,VIIRS,n,2.0NRT,292.22,2.34,D
1.40414,127.8205,342.53,0.41,0.45,2026-10-06,432,N21,VIIRS,n,2.0NRT,294.63,8.74,D
1.41592,124.92455,325.89,0.32,0.55,2026-10-06,432,N21,VIIRS,n,2.0NRT,292.82,2.38,D
1.41681,124.92429,327.35,0.32,0.55,2026-10-06,432,N21,VIIRS,n,2.0NRT,294.26,2.07,D
1.41696,127.98354,340.42,0.4,0.44,2026-10-06,432,N21,VIIRS,n,2.0NRT,283.15,5.57,D
1.42816,127.73598,340.9,0.41,0.45,2026-10-06,432,N21,VIIRS,n,2.0NRT,295.98,5.33,D
1.44339,124.89925,328.23,0.32,0.55,2026-10-06,432,N21,VIIRS,n,2.0NRT,295.09,3.68,D
1.44926,127.97866,335.99,0.4,0.44,2026-10-06,432,N21,VIIRS,n,2.0NRT,287.17,3.05,D
1.45196,127.9422,329.02,0.4,0.44,2026-10-06,432,N21,VIIRS,n,2.0NRT,285.38,2.47,D
1.45275,127.94192,325.74,0.4,0.44,2026-10-06,432,N21,VIIRS,n,2.0NRT,284.98,1.8,D
1.46292,128.0054,326.76,0.4,0.44,2026-10-06,432,N21,VIIRS,n,2.0NRT,284.56,2.43,D
1.4664,125.01078,336.4,0.63,0.54,2026-10-06,432,N21,VIIRS,n,2.0NRT,295.64,11.36,D
1.4759,125.0069,327.24,0.63,0.54,2026-10-06,432,N21,VIIRS,n,2.0NRT,294.38,7.92,D
1.49552,125.13004,329.35,0.62,0.54,2026-10-06,432,N21,VIIRS,n,2.0NRT,288.17,7.33,D
1.49593,127.63092,350.15,0.42,0.45,2026-10-06,432,N21,VIIRS,n,2.0NRT,303.41,8.82,D
1.49649,127.63456,328.46,0.42,0.45,2026-10-06,432,N21,VIIRS,n,2.0NRT,290.81,8.82,D
1.5154,124.90288,340.87,0.32,0.55,2026-10-06,432,N21,VIIRS,n,2.0NRT,297.21,3.85,D
1.51572,124.90023,330.75,0.32,0.55,2026-10-06,432,N21,VIIRS,n,2.0NRT,295.8,4.41,D
1.51618,124.90307,332.69,0.32,0.55,2026-10-06,432,N21,VIIRS,n,2.0NRT,295.89,3.24,D
1.55015,124.86053,335.17,0.32,0.55,2026-10-06,432,N21,VIIRS,n,2.0NRT,285.12,3.32,D
1.55522,124.86026,334.87,0.32,0.55,2026-10-06,432,N21,VIIRS,n,2.0NRT,287.61,4.64,D
1.55564,124.86285,337.03,0.32,0.55,2026-10-06,432,N21,VIIRS,n,2.0NRT,286.21,3.83,D
1.55704,127.65289,331.12,0.42,0.45,2026-10-06,432,N21,VIIRS,n,2.0NRT,286.81,2.07,D
1.56577,124.92616,341.39,0.64,0.54,2026-10-06,432,N21,VIIRS,n,2.0NRT,293.59,12.35,D
1.56979,128.00356,337.45,0.39,0.44,2026-10-06,432,N21,VIIRS,n,2.0NRT,273.47,14.51,D
1.57032,128.00703,347.34,0.39,0.44,2026-10-06,432,N21,VIIRS,n,2.0NRT,276.63,14.51,D
1.57095,128.00255,330.27,0.39,0.44,2026-10-06,432,N21,VIIRS,n,2.0NRT,273.48,14.73,D
1.57151,128.00603,355.6,0.39,0.44,2026-10-06,432,N21,VIIRS,l,2.0NRT,281.9,14.73,D
1.57206,128.00949,335.51,0.39,0.44,2026-10-06,432,N21,VIIRS,n,2.0NRT,278.32,6.39,D
1.57433,128.00636,356.19,0.39,0.44,2026-10-06,432,N21,VIIRS,l,2.0NRT,280.15,14.51,D
1.57486,128.00984,333.41,0.39,0.44,2026-10-06,432,N21,VIIRS,n,2.0NRT,278.29,8.75,D
1.57553,128.00539,341.92,0.39,0.44,2026-10-06,432,N21,VIIRS,n,2.0NRT,278.69,14.73,D
1.57608,128.00887,341.83,0.39,0.44,2026-10-06,432,N21,VIIRS,n,2.0NRT,279.64,6.39,D
1.57831,127.65408,337.62,0.41,0.45,2026-10-06,432,N21,VIIRS,n,2.0NRT,289.6,10.25,D
1.58121,128.01518,337.97,0.39,0.44,2026-10-06,432,N21,VIIRS,n,2.0NRT,284.77,5.27,D
1.58467,128.01106,328.78,0.39,0.44,2026-10-06,432,N21,VIIRS,n,2.0NRT,282.8,4.97,D
1.58522,128.01454,340.58,0.39,0.44,2026-10-06,432,N21,VIIRS,n,2.0NRT,283.57,5.27,D
1.60229,125.05979,352.7,0.62,0.54,2026-10-06,432,N21,VIIRS,n,2.0NRT,295.65,17.89,D
1.62189,125.05635,332.06,0.62,0.54,2026-10-06,432,N21,VIIRS,n,2.0NRT,293.4,4.49,D
1.65351,125.08192,341.39,0.62,0.54,2026-10-06,432,N21,VIIRS,n,2.0NRT,294.84,10.8,D
1.65543,125.07776,329.86,0.62,0.54,2026-10-06,432,N21,VIIRS,n,2.0NRT,294.13,6.53,D
1.65628,125.08325,333.14,0.62,0.54,2026-10-06,432,N21,VIIRS,n,2.0NRT,293.83,9.01,D
1.66114,125.08215,332.56,0.62,0.54,2026-10-06,432,N21,VIIRS,n,2.0NRT,293.44,4.59,D
2.77844,125.40255,325.43,0.56,0.52,2026-10-06,432,N21,VIIRS,n,2.0NRT,290.05,8.97,D
2.78039,125.3976,326.12,0.57,0.52,2026-10-06,432,N21,VIIRS,n,2.0NRT,290.04,4.36,D
6.41992,125.52982,330.9,0.48,0.48,2026-10-06,434,N21,VIIRS,n,2.0NRT,289.76,2.8,D
6.73108,125.36221,329.26,0.49,0.49,2026-10-06,434,N21,VIIRS,n,2.0NRT,292.37,4.02,D
14.43932,121.04704,326.32,0.35,0.57,2026-10-06,436,N21,VIIRS,n,2.0NRT,289.88,0.87,D
17.53925,120.41402,332.48,0.34,0.56,2026-10-06,438,N21,VIIRS,n,2.0NRT,294.06,3.4,D
26.73619,119.63399,334.46,0.5,0.49,2026-10-06,440,N21,VIIRS,n,2.0NRT,299.2,8.83,D
28.07804,113.04515,333.8,0.58,0.7,2026-10-06,440,N21,VIIRS,n,2.0NRT,293.35,12.27,D
28.08089,113.0423,335.31,0.58,0.7,2026-10-06,440,N21,VIIRS,n,2.0NRT,297.92,10.5,D
28.38119,117.85423,327.6,0.59,0.53,2026-10-06,440,N21,VIIRS,n,2.0NRT,296.5,7.93,D
28.38171,117.85703,328.1,0.59,0.53,2026-10-06,440,N21,VIIRS,l,2.0NRT,301.02,7.38,D
28.86724,118.35452,339.16,0.54,0.51,2026-10-06,440,N21,VIIRS,n,2.0NRT,296.07,4.03,D
29.76544,112.22709,338.29,0.59,0.7,2026-10-06,440,N21,VIIRS,n,2.0NRT,292.26,4.95,D
29.87677,122.28049,326.3,0.48,0.4,2026-10-06,440,N21,VIIRS,n,2.0NRT,295.57,3,D
30.12943,112.04188,337.21,0.59,0.7,2026-10-06,440,N21,VIIRS,n,2.0NRT,296.23,11.61,D
30.13163,112.04066,336.73,0.59,0.7,2026-10-06,440,N21,VIIRS,n,2.0NRT,295.8,9.17,D
30.13287,121.55038,329.67,0.51,0.41,2026-10-06,440,N21,VIIRS,l,2.0NRT,303.1,6.91,D
30.15791,121.53876,325.6,0.51,0.41,2026-10-06,440,N21,VIIRS,l,2.0NRT,299,5.08,D
30.25023,112.56648,331.04,0.55,0.68,2026-10-06,440,N21,VIIRS,n,2.0NRT,295.74,5.29,D
30.43341,117.29428,329.84,0.57,0.52,2026-10-06,440,N21,VIIRS,n,2.0NRT,296.44,5,D
30.52821,111.89023,327.86,0.59,0.7,2026-10-06,440,N21,VIIRS,n,2.0NRT,296.02,3.67,D
30.56126,111.93614,325.1,0.58,0.7,2026-10-06,440,N21,VIIRS,l,2.0NRT,298.11,3.86,D
30.58432,111.92178,326.09,0.58,0.7,2026-10-06,440,N21,VIIRS,n,2.0NRT,297.53,3.68,D
30.67039,112.00099,326.19,0.57,0.69,2026-10-06,440,N21,VIIRS,n,2.0NRT,295.17,3.71,D
30.67258,111.99847,337.94,0.58,0.69,2026-10-06,440,N21,VIIRS,n,2.0NRT,296.45,5.63,D
30.82171,119.7582,325.33,0.41,0.45,2026-10-06,440,N21,VIIRS,l,2.0NRT,296.69,5.33,D
30.92639,113.68715,326.9,0.45,0.63,2026-10-06,440,N21,VIIRS,n,2.0NRT,299,2.58,D
30.98986,120.47526,330.4,0.56,0.43,2026-10-06,440,N21,VIIRS,n,2.0NRT,304.09,4.51,D
31.00415,117.79179,337.54,0.52,0.5,2026-10-06,440,N21,VIIRS,n,2.0NRT,302.74,4.25,D
31.00452,117.78835,334.11,0.52,0.5,2026-10-06,440,N21,VIIRS,n,2.0NRT,299.64,7.41,D
31.04546,119.54418,339.34,0.42,0.45,2026-10-06,440,N21,VIIRS,n,2.0NRT,297.14,2.58,D
31.13561,118.16868,334.05,0.49,0.49,2026-10-06,440,N21,VIIRS,n,2.0NRT,303.86,7.16,D
31.13675,118.1739,336.2,0.49,0.49,2026-10-06,440,N21,VIIRS,n,2.0NRT,303.9,5.32,D
31.16279,113.765,325.3,0.44,0.63,2026-10-06,440,N21,VIIRS,l,2.0NRT,299.35,2.89,D
31.16481,113.75989,325.53,0.44,0.63,2026-10-06,440,N21,VIIRS,l,2.0NRT,299.65,3.47,D
31.19189,112.27591,326.41,0.54,0.68,2026-10-06,440,N21,VIIRS,n,2.0NRT,295.89,3.73,D
31.19211,112.27768,329.51,0.54,0.68,2026-10-06,440,N21,VIIRS,n,2.0NRT,295.5,3.08,D
31.51217,121.12436,337.83,0.51,0.41,2026-10-06,440,N21,VIIRS,n,2.0NRT,300.06,5.66,D
31.52554,119.71953,339.56,0.4,0.44,2026-10-06,440,N21,VIIRS,n,2.0NRT,297.82,2.28,D
31.71152,120.83347,327.25,0.52,0.42,2026-10-06,440,N21,VIIRS,l,2.0NRT,301.33,4.96,D
31.75998,118.81367,326.67,0.44,0.46,2026-10-06,440,N21,VIIRS,l,2.0NRT,298.8,3.36,D
31.8009,120.38785,328.46,0.55,0.42,2026-10-06,440,N21,VIIRS,l,2.0NRT,300.83,4.04,D
31.98345,120.63501,333.81,0.53,0.42,2026-10-06,440,N21,VIIRS,l,2.0NRT,304.05,3.49,D
32.19093,119.25749,328.15,0.41,0.45,2026-10-06,440,N21,VIIRS,l,2.0NRT,303.06,3.4,D
33.26226,131.65094,345.1,0.41,0.45,2026-10-06,440,N21,VIIRS,n,2.0NRT,302.38,7.67,D
33.2655,131.64149,343.08,0.41,0.45,2026-10-06,440,N21,VIIRS,n,2.0NRT,300.72,4.65,D
33.26595,131.64594,329.06,0.41,0.45,2026-10-06,440,N21,VIIRS,l,2.0NRT,300.47,4.65,D
34.17136,131.21817,326.75,0.4,0.44,2026-10-06,440,N21,VIIRS,n,2.0NRT,298.08,2.23,D
34.4576,133.42975,326.83,0.54,0.51,2026-10-06,440,N21,VIIRS,n,2.0NRT,291.4,4.7,D
35.02403,136.86795,334.14,0.43,0.62,2026-10-06,440,N21,VIIRS,n,2.0NRT,298.49,4.43,D
35.02607,136.86494,338.24,0.43,0.62,2026-10-06,440,N21,VIIRS,n,2.0NRT,299.36,4.51,D
35.02999,136.87219,332.61,0.43,0.62,2026-10-06,440,N21,VIIRS,n,2.0NRT,299.73,4.43,D
33.5116,118.7234,334.78,0.41,0.45,2026-10-06,442,N21,VIIRS,n,2.0NRT,302.1,3.54,D
33.66286,120.4298,345.11,0.51,0.41,2026-10-06,442,N21,VIIRS,n,2.0NRT,298.76,9.52,D
33.67025,120.4278,336.29,0.51,0.41,2026-10-06,442,N21,VIIRS,n,2.0NRT,298.02,4.9,D
33.68031,120.41942,344.32,0.51,0.41,2026-10-06,442,N21,VIIRS,n,2.0NRT,298.23,7.53,D
33.72913,117.61654,338.92,0.47,0.48,2026-10-06,442,N21,VIIRS,n,2.0NRT,304.61,4.52,D
33.73866,117.63975,338.53,0.47,0.47,2026-10-06,442,N21,VIIRS,n,2.0NRT,305.51,2.47,D
33.74081,117.64079,333.55,0.47,0.47,2026-10-06,442,N21,VIIRS,n,2.0NRT,305.37,3.57,D
33.8157,116.56531,335.7,0.53,0.5,2026-10-06,442,N21,VIIRS,l,2.0NRT,307.9,5.02,D
33.81837,118.91164,330.47,0.4,0.44,2026-10-06,442,N21,VIIRS,n,2.0NRT,301.75,2.72,D
33.93048,117.43457,332.57,0.47,0.48,2026-10-06,442,N21,VIIRS,l,2.0NRT,305.96,4.94,D
33.93528,119.42083,342.68,0.56,0.43,2026-10-06,442,N21,VIIRS,n,2.0NRT,300.57,8.54,D
33.96855,117.31639,331.09,0.48,0.48,2026-10-06,442,N21,VIIRS,l,2.0NRT,302.29,4.25,D
34.08202,116.04591,340.56,0.56,0.51,2026-10-06,442,N21,VIIRS,n,2.0NRT,307.58,6.22,D
34.11871,119.86489,334.39,0.53,0.42,2026-10-06,442,N21,VIIRS,n,2.0NRT,300.26,3.17,D
34.13849,119.53999,332.22,0.55,0.43,2026-10-06,442,N21,VIIRS,n,2.0NRT,302.12,4.25,D
34.1392,119.53752,331.13,0.55,0.42,2026-10-06,442,N21,VIIRS,n,2.0NRT,301.78,3.48,D
34.1486,119.81495,329.18,0.53,0.42,2026-10-06,442,N21,VIIRS,n,2.0NRT,298.35,2.3,D
34.18469,119.80231,351.09,0.53,0.42,2026-10-06,442,N21,VIIRS,n,2.0NRT,299.13,9.89,D
34.18521,119.79866,327.11,0.53,0.42,2026-10-06,442,N21,VIIRS,n,2.0NRT,298.01,2.7,D
34.18632,119.80431,339.47,0.53,0.42,2026-10-06,442,N21,VIIRS,n,2.0NRT,298.53,7.79,D
34.19009,119.80324,330.27,0.53,0.42,2026-10-06,442,N21,VIIRS,n,2.0NRT,298.38,7.79,D
34.19336,119.80581,331.71,0.53,0.42,2026-10-06,442,N21,VIIRS,l,2.0NRT,302.57,6.72,D
34.19386,119.80216,328.43,0.53,0.42,2026-10-06,442,N21,VIIRS,l,2.0NRT,300.52,4.38,D
34.19931,119.87514,339.64,0.53,0.42,2026-10-06,442,N21,VIIRS,n,2.0NRT,301.39,21.57,D
34.20053,119.8773,336.02,0.53,0.42,2026-10-06,442,N21,VIIRS,n,2.0NRT,303.77,20.2,D
34.22784,119.47533,329.54,0.55,0.43,2026-10-06,442,N21,VIIRS,n,2.0NRT,300.46,5.85,D
34.229,119.48117,329.45,0.55,0.43,2026-10-06,442,N21,VIIRS,n,2.0NRT,299.05,6.09,D
34.22952,119.8075,338.27,0.53,0.42,2026-10-06,442,N21,VIIRS,n,2.0NRT,299.64,4.57,D
34.23329,119.80643,332.46,0.53,0.42,2026-10-06,442,N21,VIIRS,n,2.0NRT,302.24,14.17,D
34.23594,119.79974,333.26,0.53,0.42,2026-10-06,442,N21,VIIRS,n,2.0NRT,301.21,3.47,D
34.24056,119.76273,334.35,0.53,0.42,2026-10-06,442,N21,VIIRS,n,2.0NRT,302.56,6.13,D
34.28985,119.13374,331.61,0.57,0.43,2026-10-06,442,N21,VIIRS,n,2.0NRT,303.97,3.59,D
34.29607,119.78693,336.42,0.53,0.42,2026-10-06,442,N21,VIIRS,n,2.0NRT,305.86,14.03,D
34.29623,119.78268,333.22,0.53,0.42,2026-10-06,442,N21,VIIRS,n,2.0NRT,305.22,9.59,D
34.37334,112.89159,341.92,0.41,0.61,2026-10-06,442,N21,VIIRS,n,2.0NRT,300.61,5.59,D
34.37349,112.89176,343.92,0.41,0.61,2026-10-06,442,N21,VIIRS,n,2.0NRT,301.01,4.84,D
34.40517,119.56142,329.37,0.54,0.42,2026-10-06,442,N21,VIIRS,n,2.0NRT,301.38,3.32,D
34.44648,116.86539,332.61,0.5,0.49,2026-10-06,442,N21,VIIRS,l,2.0NRT,307.51,2.6,D
34.45499,118.66161,331.02,0.4,0.44,2026-10-06,442,N21,VIIRS,l,2.0NRT,303.46,4.16,D
34.54155,115.83437,340.67,0.56,0.52,2026-10-06,442,N21,VIIRS,n,2.0NRT,308.92,12.01,D
34.55769,118.05623,335.02,0.43,0.46,2026-10-06,442,N21,VIIRS,n,2.0NRT,303.16,3.73,D
34.56299,117.95783,354.14,0.43,0.46,2026-10-06,442,N21,VIIRS,n,2.0NRT,310.71,13.71,D
34.57044,109.87482,325.06,0.6,0.7,2026-10-06,442,N21,VIIRS,l,2.0NRT,297.07,2.58,D
34.61406,119.38136,346.08,0.55,0.42,2026-10-06,442,N21,VIIRS,n,2.0NRT,302.98,10.01,D
34.61457,119.42423,367,0.54,0.42,2026-10-06,442,N21,VIIRS,h,2.0NRT,304.41,15.59,D
34.61838,119.42314,347.75,0.54,0.42,2026-10-06,442,N21,VIIRS,n,2.0NRT,302.98,15.59,D
34.61981,117.08414,338.89,0.48,0.48,2026-10-06,442,N21,VIIRS,n,2.0NRT,307.19,7.48,D
34.68562,116.73961,343.39,0.5,0.49,2026-10-06,442,N21,VIIRS,n,2.0NRT,310.46,8.28,D
34.68828,116.83399,330.2,0.49,0.49,2026-10-06,442,N21,VIIRS,n,2.0NRT,303.15,3.46,D
34.76576,117.72293,332.44,0.44,0.46,2026-10-06,442,N21,VIIRS,n,2.0NRT,302.91,3.13,D
34.85676,117.44871,335.21,0.45,0.47,2026-10-06,442,N21,VIIRS,n,2.0NRT,301.62,2.93,D
34.86418,116.06306,341.67,0.54,0.51,2026-10-06,442,N21,VIIRS,n,2.0NRT,311.21,10.98,D
34.90477,113.22279,341.29,0.38,0.59,2026-10-06,442,N21,VIIRS,n,2.0NRT,303.5,6.09,D
34.92465,127.7448,333.74,0.43,0.38,2026-10-06,442,N21,VIIRS,l,2.0NRT,307.19,5.89,D
34.92989,126.9674,343.58,0.41,0.37,2026-10-06,442,N21,VIIRS,n,2.0NRT,297.29,5.61,D
34.97731,116.72073,344.86,0.49,0.49,2026-10-06,442,N21,VIIRS,n,2.0NRT,302.6,11.03,D
34.97745,116.71856,342.06,0.49,0.49,2026-10-06,442,N21,VIIRS,n,2.0NRT,303.97,9.46,D
34.99698,114.95358,337.99,0.61,0.54,2026-10-06,442,N21,VIIRS,n,2.0NRT,305.54,7.91,D
35.032,116.46449,342.98,0.51,0.49,2026-10-06,442,N21,VIIRS,n,2.0NRT,306.67,7.14,D
35.03399,116.46233,341.12,0.51,0.49,2026-10-06,442,N21,VIIRS,n,2.0NRT,307.08,7.01,D
35.07677,118.46056,334.06,0.4,0.44,2026-10-06,442,N21,VIIRS,n,2.0NRT,305.39,3.4,D
35.20984,118.22161,333.99,0.4,0.45,2026-10-06,442,N21,VIIRS,n,2.0NRT,305.24,2.79,D
35.28989,115.27242,343.15,0.58,0.52,2026-10-06,442,N21,VIIRS,n,2.0NRT,307.91,8.03,D
35.32454,110.11514,328.08,0.55,0.68,2026-10-06,442,N21,VIIRS,n,2.0NRT,298.02,3.75,D
35.34288,111.3721,332.24,0.47,0.64,2026-10-06,442,N21,VIIRS,l,2.0NRT,304.24,4.61,D
35.41726,113.78898,354.5,0.35,0.56,2026-10-06,442,N21,VIIRS,n,2.0NRT,307.51,10.9,D
35.41818,113.79264,355.16,0.35,0.56,2026-10-06,442,N21,VIIRS,n,2.0NRT,303.37,10.72,D
35.41925,107.23104,334.79,0.78,0.78,2026-10-06,442,N21,VIIRS,n,2.0NRT,298.73,10.46,D
35.42303,107.2262,328.13,0.78,0.78,2026-10-06,442,N21,VIIRS,n,2.0NRT,296.39,7.25,D
35.4874,118.68186,342.05,0.57,0.43,2026-10-06,442,N21,VIIRS,n,2.0NRT,306.36,12.91,D
35.53671,113.02896,332.43,0.38,0.59,2026-10-06,442,N21,VIIRS,n,2.0NRT,297.33,3.42,D
35.54051,113.02868,331.42,0.38,0.59,2026-10-06,442,N21,VIIRS,n,2.0NRT,297.54,1.87,D
35.56702,111.05189,328.32,0.49,0.65,2026-10-06,442,N21,VIIRS,n,2.0NRT,299.43,2.67,D
35.56764,112.93616,339.94,0.38,0.59,2026-10-06,442,N21,VIIRS,n,2.0NRT,297.94,3.34,D
35.57432,111.08264,331.48,0.48,0.65,2026-10-06,442,N21,VIIRS,n,2.0NRT,297.8,3.58,D
35.5752,111.0817,335.07,0.48,0.65,2026-10-06,442,N21,VIIRS,n,2.0NRT,298.34,3.59,D
35.6088,113.07348,326.58,0.38,0.58,2026-10-06,442,N21,VIIRS,n,2.0NRT,297.53,2.46,D
35.6183,113.11037,334.58,0.37,0.58,2026-10-06,442,N21,VIIRS,n,2.0NRT,297.14,3.11,D
35.63173,113.1188,330.23,0.37,0.58,2026-10-06,442,N21,VIIRS,n,2.0NRT,298.01,2.98,D
35.69654,111.34225,337.3,0.46,0.64,2026-10-06,442,N21,VIIRS,n,2.0NRT,299.58,3.67,D
35.70319,115.78081,348.42,0.53,0.5,2026-10-06,442,N21,VIIRS,n,2.0NRT,311.3,11.53,D
35.7103,115.68599,344.8,0.54,0.51,2026-10-06,442,N21,VIIRS,n,2.0NRT,313.95,9.56,D
35.78048,113.13283,341.04,0.37,0.58,2026-10-06,442,N21,VIIRS,n,2.0NRT,298.01,4.66,D
35.78106,113.13332,336.14,0.37,0.58,2026-10-06,442,N21,VIIRS,n,2.0NRT,297.71,4.35,D
35.86121,117.47881,354.37,0.43,0.46,2026-10-06,442,N21,VIIRS,n,2.0NRT,309.36,7.78,D
36.00077,113.11807,327.54,0.37,0.58,2026-10-06,442,N21,VIIRS,n,2.0NRT,298.98,1.93,D
36.00091,113.11912,331.77,0.37,0.58,2026-10-06,442,N21,VIIRS,n,2.0NRT,298.6,1.83,D
36.03873,112.93935,332.89,0.37,0.58,2026-10-06,442,N21,VIIRS,n,2.0NRT,297.99,17.61,D
36.03974,112.94331,367,0.37,0.58,2026-10-06,442,N21,VIIRS,h,2.0NRT,311.29,17.61,D
36.04486,112.94131,330.31,0.37,0.58,2026-10-06,442,N21,VIIRS,n,2.0NRT,301.44,4,D
36.11866,113.0323,326.8,0.37,0.58,2026-10-06,442,N21,VIIRS,l,2.0NRT,300.92,5.09,D
36.20089,117.83084,338.53,0.41,0.45,2026-10-06,442,N21,VIIRS,n,2.0NRT,305.53,3.75,D
36.20101,115.15991,341.9,0.56,0.51,2026-10-06,442,N21,VIIRS,n,2.0NRT,312.33,8.38,D
36.21497,112.79857,367,0.38,0.58,2026-10-06,442,N21,VIIRS,h,2.0NRT,298.08,7,D
36.21953,115.84157,337.66,0.51,0.5,2026-10-06,442,N21,VIIRS,n,2.0NRT,307.79,2.96,D
36.21975,116.66586,348.5,0.46,0.47,2026-10-06,442,N21,VIIRS,n,2.0NRT,308.19,10.12,D
36.22074,115.83964,337.94,0.51,0.5,2026-10-06,442,N21,VIIRS,n,2.0NRT,307.38,3.02,D
36.24141,117.49839,341.65,0.42,0.45,2026-10-06,442,N21,VIIRS,n,2.0NRT,311.77,10.85,D
36.27361,115.5918,332.84,0.53,0.5,2026-10-06,442,N21,VIIRS,n,2.0NRT,305.79,1.75,D
36.27476,115.59445,333.98,0.53,0.5,2026-10-06,442,N21,VIIRS,n,2.0NRT,308,2.67,D
36.28927,116.87732,343.41,0.45,0.47,2026-10-06,442,N21,VIIRS,n,2.0NRT,306.27,6.56,D
36.31475,119.94594,331.43,0.48,0.4,2026-10-06,442,N21,VIIRS,l,2.0NRT,303.58,1.4,D
36.3302,113.09133,331.93,0.36,0.57,2026-10-06,442,N21,VIIRS,n,2.0NRT,304.23,2.57,D
36.33643,119.93965,335.11,0.48,0.4,2026-10-06,442,N21,VIIRS,n,2.0NRT,307.2,7.97,D
36.35776,118.8922,333.3,0.54,0.42,2026-10-06,442,N21,VIIRS,l,2.0NRT,306.91,7.27,D
36.37777,112.93011,338.22,0.37,0.58,2026-10-06,442,N21,VIIRS,n,2.0NRT,305.47,4.12,D
36.39664,113.09075,353.17,0.36,0.57,2026-10-06,442,N21,VIIRS,n,2.0NRT,302.27,6.11,D
36.39762,113.09458,337.93,0.36,0.57,2026-10-06,442,N21,VIIRS,n,2.0NRT,299.15,6.11,D
36.40866,116.66917,333.92,0.46,0.47,2026-10-06,442,N21,VIIRS,n,2.0NRT,303.35,14.36,D
36.40975,116.67415,340.91,0.46,0.47,2026-10-06,442,N21,VIIRS,n,2.0NRT,309.78,14.36,D
36.41162,116.67143,348.85,0.46,0.47,2026-10-06,442,N21,VIIRS,n,2.0NRT,314.15,26.57,D
36.42773,113.12589,337.14,0.36,0.57,2026-10-06,442,N21,VIIRS,n,2.0NRT,301.87,5.47,D
36.4459,120.09552,332.26,0.47,0.4,2026-10-06,442,N21,VIIRS,n,2.0NRT,302.38,3.67,D
36.47979,112.95706,351.83,0.36,0.58,2026-10-06,442,N21,VIIRS,n,2.0NRT,300.28,5.52,D
36.48508,117.94391,340.18,0.39,0.44,2026-10-06,442,N21,VIIRS,n,2.0NRT,302.19,6.51,D
36.48601,117.94828,338.72,0.39,0.44,2026-10-06,442,N21,VIIRS,n,2.0NRT,300.56,5.08,D
36.48898,117.94247,331.12,0.39,0.44,2026-10-06,442,N21,VIIRS,n,2.0NRT,302.11,3.21,D
36.59872,112.81004,349.8,0.37,0.58,2026-10-06,442,N21,VIIRS,n,2.0NRT,297.15,5.13,D
36.599,112.81063,347.81,0.37,0.58,2026-10-06,442,N21,VIIRS,n,2.0NRT,297.31,4.77,D
36.68324,117.79305,346.4,0.4,0.44,2026-10-06,442,N21,VIIRS,n,2.0NRT,304.23,6.28,D
36.6872,117.79178,344.39,0.4,0.44,2026-10-06,442,N21,VIIRS,n,2.0NRT,306.86,6.43,D
36.75059,120.43563,334.36,0.46,0.39,2026-10-06,442,N21,VIIRS,n,2.0NRT,305.47,11.39,D
36.82518,120.2975,331.99,0.46,0.39,2026-10-06,442,N21,VIIRS,n,2.0NRT,302.68,2.66,D
36.83694,114.28292,331.35,0.6,0.53,2026-10-06,442,N21,VIIRS,n,2.0NRT,305.82,4.58,D
36.84828,120.82293,330.69,0.44,0.38,2026-10-06,442,N21,VIIRS,n,2.0NRT,301.75,3.45,D
36.8679,119.59734,331.87,0.49,0.4,2026-10-06,442,N21,VIIRS,n,2.0NRT,303.03,1.66,D
36.87556,120.6922,330.33,0.45,0.39,2026-10-06,442,N21,VIIRS,n,2.0NRT,301.72,2.85,D
36.88414,120.26244,336.36,0.46,0.39,2026-10-06,442,N21,VIIRS,n,2.0NRT,305.98,4.66,D
36.93707,120.52734,342.4,0.45,0.39,2026-10-06,442,N21,VIIRS,n,2.0NRT,304.67,5.64,D
36.93829,119.88528,330.45,0.48,0.4,2026-10-06,442,N21,VIIRS,l,2.0NRT,300.98,2.53,D
36.9591,114.41057,350.27,0.59,0.53,2026-10-06,442,N21,VIIRS,n,2.0NRT,310.4,34.03,D
36.96233,120.29047,331.48,0.46,0.39,2026-10-06,442,N21,VIIRS,l,2.0NRT,304.54,2.65,D
36.97767,115.71844,333.65,0.5,0.49,2026-10-06,442,N21,VIIRS,n,2.0NRT,306.09,4.06,D
36.97969,126.70152,327.59,0.42,0.37,2026-10-06,442,N21,VIIRS,l,2.0NRT,301.88,3.47,D
36.9809,126.71083,337.74,0.42,0.37,2026-10-06,442,N21,VIIRS,n,2.0NRT,304.63,5.14,D
36.98432,126.71011,339,0.42,0.37,2026-10-06,442,N21,VIIRS,n,2.0NRT,309.84,5.14,D
36.98653,126.70012,336.03,0.42,0.37,2026-10-06,442,N21,VIIRS,n,2.0NRT,304.73,9.19,D
36.99182,120.60532,332.2,0.45,0.39,2026-10-06,442,N21,VIIRS,n,2.0NRT,303.21,2.93,D
36.99213,120.6074,332.44,0.45,0.39,2026-10-06,442,N21,VIIRS,n,2.0NRT,303.77,2.67,D
37.02215,119.74609,333.54,0.48,0.4,2026-10-06,442,N21,VIIRS,n,2.0NRT,306.51,5.53,D
37.04087,115.0817,338.4,0.54,0.51,2026-10-06,442,N21,VIIRS,n,2.0NRT,307.46,4.02,D
37.04823,116.08714,341.12,0.48,0.48,2026-10-06,442,N21,VIIRS,n,2.0NRT,308.36,6.73,D
37.06745,116.55907,330.37,0.45,0.47,2026-10-06,442,N21,VIIRS,n,2.0NRT,304.71,2.81,D
37.08654,115.10964,331.9,0.54,0.51,2026-10-06,442,N21,VIIRS,n,2.0NRT,305.7,6.56,D
37.12845,112.04881,328.41,0.39,0.59,2026-10-06,442,N21,VIIRS,l,2.0NRT,302.82,3.16,D
37.12856,111.91811,367,0.4,0.6,2026-10-06,442,N21,VIIRS,h,2.0NRT,304.1,10.42,D
37.14551,112.06968,331.95,0.39,0.59,2026-10-06,442,N21,VIIRS,n,2.0NRT,301.56,2.36,D
37.16652,111.70393,367,0.41,0.6,2026-10-06,442,N21,VIIRS,h,2.0NRT,302.83,15.81,D
37.16995,111.71674,341.42,0.41,0.6,2026-10-06,442,N21,VIIRS,n,2.0NRT,302.26,4.93,D
37.19188,111.9946,341.64,0.39,0.59,2026-10-06,442,N21,VIIRS,n,2.0NRT,308.05,5.37,D
37.19796,111.7998,367,0.4,0.6,2026-10-06,442,N21,VIIRS,h,2.0NRT,310.9,24.46,D
37.20765,118.02003,341.44,0.57,0.43,2026-10-06,442,N21,VIIRS,n,2.0NRT,308.18,8.11,D
37.21023,118.01254,334.87,0.57,0.43,2026-10-06,442,N21,VIIRS,l,2.0NRT,305.13,5.42,D
37.21024,118.05243,339.05,0.57,0.43,2026-10-06,442,N21,VIIRS,l,2.0NRT,309.3,5.45,D
37.21304,111.81265,326,0.4,0.6,2026-10-06,442,N21,VIIRS,n,2.0NRT,298.02,2.49,D
37.21349,111.90193,330.32,0.4,0.6,2026-10-06,442,N21,VIIRS,l,2.0NRT,304.78,5.71,D
37.21416,111.81692,326.41,0.4,0.6,2026-10-06,442,N21,VIIRS,l,2.0NRT,300,2.49,D
37.21681,111.84884,354.55,0.4,0.6,2026-10-06,442,N21,VIIRS,n,2.0NRT,304.81,9.25,D
37.21999,112.12134,336.99,0.38,0.59,2026-10-06,442,N21,VIIRS,n,2.0NRT,305.66,7.06,D
37.22168,111.82327,332.64,0.4,0.6,2026-10-06,442,N21,VIIRS,l,2.0NRT,303.24,4.64,D
37.22748,115.36265,336.82,0.52,0.5,2026-10-06,442,N21,VIIRS,n,2.0NRT,304.83,4.19,D
37.23483,111.78488,325.83,0.4,0.6,2026-10-06,442,N21,VIIRS,n,2.0NRT,299.4,1.54,D
37.23823,120.07876,330.63,0.46,0.39,2026-10-06,442,N21,VIIRS,l,2.0NRT,303.12,1.52,D
37.24607,118.14648,338.42,0.56,0.43,2026-10-06,442,N21,VIIRS,n,2.0NRT,306.86,5.21,D
37.24947,112.146,337.2,0.38,0.59,2026-10-06,442,N21,VIIRS,n,2.0NRT,304.48,6.88,D
37.25292,112.00713,335.68,0.39,0.59,2026-10-06,442,N21,VIIRS,n,2.0NRT,306.05,3.64,D
37.25323,112.0301,342.65,0.39,0.59,2026-10-06,442,N21,VIIRS,n,2.0NRT,306.76,4.3,D
37.2575,111.92807,340.08,0.39,0.6,2026-10-06,442,N21,VIIRS,n,2.0NRT,305.84,4.43,D
37.26019,111.92519,340.5,0.39,0.6,2026-10-06,442,N21,VIIRS,n,2.0NRT,304.82,4.86,D
37.26172,112.0405,347.52,0.39,0.59,2026-10-06,442,N21,VIIRS,n,2.0NRT,307.32,4.8,D
37.26553,115.69439,338.68,0.5,0.49,2026-10-06,442,N21,VIIRS,n,2.0NRT,306.76,3.94,D
37.28507,111.87965,336.19,0.39,0.6,2026-10-06,442,N21,VIIRS,n,2.0NRT,306.22,4.6,D
37.28651,118.24442,333.43,0.55,0.43,2026-10-06,442,N21,VIIRS,l,2.0NRT,306.96,8.86,D
37.29859,112.43916,325.86,0.37,0.58,2026-10-06,442,N21,VIIRS,n,2.0NRT,299.01,4.09,D
37.30251,112.28232,336.61,0.38,0.58,2026-10-06,442,N21,VIIRS,n,2.0NRT,303.4,3.31,D
37.30358,112.28637,330.17,0.37,0.58,2026-10-06,442,N21,VIIRS,n,2.0NRT,303.11,3.31,D
37.30642,118.58144,339.2,0.53,0.42,2026-10-06,442,N21,VIIRS,n,2.0NRT,302.12,6.56,D
37.31167,111.95748,335.73,0.39,0.59,2026-10-06,442,N21,VIIRS,n,2.0NRT,306.23,4.88,D
37.31278,111.96166,332.6,0.39,0.59,2026-10-06,442,N21,VIIRS,n,2.0NRT,304.5,4.85,D
37.31773,118.5779,344.97,0.53,0.42,2026-10-06,442,N21,VIIRS,n,2.0NRT,305.39,5.04,D
37.3215,118.57673,330.08,0.53,0.42,2026-10-06,442,N21,VIIRS,n,2.0NRT,304.69,5.04,D
37.32689,118.42399,336.39,0.54,0.42,2026-10-06,442,N21,VIIRS,n,2.0NRT,306.57,9.58,D
37.33209,111.99088,343.85,0.39,0.59,2026-10-06,442,N21,VIIRS,n,2.0NRT,301.78,6.25,D
37.33319,111.99504,342.95,0.39,0.59,2026-10-06,442,N21,VIIRS,n,2.0NRT,300.66,6.25,D
37.33606,118.38931,330.67,0.54,0.42,2026-10-06,442,N21,VIIRS,l,2.0NRT,301.23,5.89,D
37.33716,118.38663,337.93,0.54,0.42,2026-10-06,442,N21,VIIRS,n,2.0NRT,303.49,11.4,D
37.40005,118.41763,332.43,0.54,0.42,2026-10-06,442,N21,VIIRS,n,2.0NRT,305.47,3.86,D
37.40463,112.43661,337.25,0.37,0.58,2026-10-06,442,N21,VIIRS,n,2.0NRT,301.58,3.25,D
37.40977,118.10448,341.11,0.56,0.43,2026-10-06,442,N21,VIIRS,n,2.0NRT,307.7,8.66,D
37.42312,129.17488,325.39,0.52,0.42,2026-10-06,442,N21,VIIRS,n,2.0NRT,298.79,2.88,D
37.42961,120.87338,332.74,0.43,0.38,2026-10-06,442,N21,VIIRS,n,2.0NRT,302.07,7.07,D
37.4504,117.78838,336.12,0.38,0.44,2026-10-06,442,N21,VIIRS,n,2.0NRT,305.99,5.34,D
37.49195,112.62109,342.88,0.36,0.57,2026-10-06,442,N21,VIIRS,n,2.0NRT,306.25,4.02,D
37.50756,118.38271,337.05,0.54,0.42,2026-10-06,442,N21,VIIRS,n,2.0NRT,306.29,4.89,D
37.52677,116.23955,339.85,0.46,0.47,2026-10-06,442,N21,VIIRS,n,2.0NRT,304.74,1.83,D
37.52881,117.78553,335.83,0.38,0.43,2026-10-06,442,N21,VIIRS,n,2.0NRT,308.58,2.5,D
37.59235,117.07254,339.68,0.41,0.45,2026-10-06,442,N21,VIIRS,n,2.0NRT,304.13,3.14,D
37.6398,118.60754,330.83,0.52,0.42,2026-10-06,442,N21,VIIRS,n,2.0NRT,300.04,5.97,D
37.64211,115.20068,338.11,0.51,0.5,2026-10-06,442,N21,VIIRS,n,2.0NRT,305.29,4.56,D
37.66063,112.5132,325.9,0.36,0.57,2026-10-06,442,N21,VIIRS,n,2.0NRT,300.46,2.97,D
37.66163,112.51704,334.18,0.36,0.57,2026-10-06,442,N21,VIIRS,n,2.0NRT,300.54,2.97,D
37.82526,117.91097,330.41,0.56,0.43,2026-10-06,442,N21,VIIRS,n,2.0NRT,303.36,4.58,D
37.82655,117.91717,333.11,0.56,0.43,2026-10-06,442,N21,VIIRS,n,2.0NRT,303.73,4.58,D
37.83667,117.78746,330.94,0.57,0.43,2026-10-06,442,N21,VIIRS,n,2.0NRT,302.89,4.63,D
37.94009,117.50053,331.98,0.39,0.44,2026-10-06,442,N21,VIIRS,n,2.0NRT,303.8,3.64,D
37.95387,116.07785,351.15,0.46,0.47,2026-10-06,442,N21,VIIRS,n,2.0NRT,309.58,9.19,D
37.95726,116.07983,337.66,0.46,0.47,2026-10-06,442,N21,VIIRS,l,2.0NRT,309.68,7.77,D
37.99788,117.19188,343.87,0.4,0.44,2026-10-06,442,N21,VIIRS,n,2.0NRT,302.61,9.11,D
38.01772,117.45178,351.26,0.39,0.44,2026-10-06,442,N21,VIIRS,n,2.0NRT,308.66,6.57,D
38.02846,116.0549,338.48,0.46,0.47,2026-10-06,442,N21,VIIRS,n,2.0NRT,307.11,4.84,D
38.03954,117.5045,341.75,0.39,0.44,2026-10-06,442,N21,VIIRS,n,2.0NRT,306.56,4.77,D
38.19159,116.35039,332.77,0.44,0.46,2026-10-06,442,N21,VIIRS,n,2.0NRT,300.34,2.73,D
38.32037,116.24698,342.94,0.44,0.46,2026-10-06,442,N21,VIIRS,n,2.0NRT,303.16,7.98,D
38.32061,116.24923,340.17,0.44,0.46,2026-10-06,442,N21,VIIRS,n,2.0NRT,303.52,7.93,D
38.32167,116.25411,342.6,0.44,0.46,2026-10-06,442,N21,VIIRS,n,2.0NRT,303.52,10.67,D
38.32256,116.25669,338.14,0.44,0.46,2026-10-06,442,N21,VIIRS,n,2.0NRT,302.62,3.14,D
38.41724,116.22347,339.36,0.44,0.46,2026-10-06,442,N21,VIIRS,n,2.0NRT,302.8,5.27,D
38.41729,115.88285,341.43,0.46,0.47,2026-10-06,442,N21,VIIRS,n,2.0NRT,304.93,7.88,D
38.44504,115.98679,339.73,0.45,0.47,2026-10-06,442,N21,VIIRS,n,2.0NRT,305.22,11.03,D
38.54905,116.97369,332.69,0.4,0.44,2026-10-06,442,N21,VIIRS,n,2.0NRT,303.39,2.87,D
38.55779,117.19283,331.07,0.39,0.44,2026-10-06,442,N21,VIIRS,l,2.0NRT,302.73,5.23,D
38.55872,117.19718,339.94,0.39,0.44,2026-10-06,442,N21,VIIRS,n,2.0NRT,303.54,5.23,D
38.56786,116.36382,335.2,0.43,0.46,2026-10-06,442,N21,VIIRS,n,2.0NRT,299.86,2.19,D
38.56958,116.36488,331.78,0.43,0.46,2026-10-06,442,N21,VIIRS,n,2.0NRT,299.01,3.28,D
38.61253,116.89023,338.4,0.4,0.44,2026-10-06,442,N21,VIIRS,n,2.0NRT,301.34,3.18,D
38.61728,116.32248,341.57,0.43,0.46,2026-10-06,442,N21,VIIRS,n,2.0NRT,301.93,5.42,D
38.61798,116.97469,336.3,0.4,0.44,2026-10-06,442,N21,VIIRS,n,2.0NRT,301.6,4.02,D
38.62688,116.79807,330.71,0.41,0.45,2026-10-06,442,N21,VIIRS,n,2.0NRT,300.87,2.56,D
38.62892,116.78761,336.74,0.41,0.45,2026-10-06,442,N21,VIIRS,n,2.0NRT,303.68,2.95,D
38.6301,115.7575,334.41,0.46,0.47,2026-10-06,442,N21,VIIRS,n,2.0NRT,305.69,3.03,D
38.6328,116.80576,333.02,0.41,0.45,2026-10-06,442,N21,VIIRS,n,2.0NRT,301.49,4.29,D
38.63683,116.35156,339.88,0.43,0.46,2026-10-06,442,N21,VIIRS,n,2.0NRT,301.98,11.68,D
38.65052,117.08686,332.53,0.39,0.44,2026-10-06,442,N21,VIIRS,n,2.0NRT,301.18,2.81,D
38.68382,117.08493,339.6,0.39,0.44,2026-10-06,442,N21,VIIRS,n,2.0NRT,301.4,6,D
38.69133,116.25268,340.32,0.43,0.46,2026-10-06,442,N21,VIIRS,n,2.0NRT,302.05,3.62,D
38.70162,115.82137,330.47,0.45,0.47,2026-10-06,442,N21,VIIRS,l,2.0NRT,303.93,13.93,D
38.70169,116.74912,335.07,0.41,0.45,2026-10-06,442,N21,VIIRS,n,2.0NRT,302.33,3.59,D
38.70276,115.82639,340.21,0.45,0.47,2026-10-06,442,N21,VIIRS,n,2.0NRT,304.45,13.93,D
38.70352,115.80979,345.59,0.45,0.47,2026-10-06,442,N21,VIIRS,n,2.0NRT,304.35,19.51,D
38.70692,115.82488,339.75,0.45,0.47,2026-10-06,442,N21,VIIRS,n,2.0NRT,306.31,13.93,D
38.7075,116.7958,332.02,0.41,0.45,2026-10-06,442,N21,VIIRS,n,2.0NRT,300.51,2.35,D
38.70769,115.8083,333.26,0.45,0.47,2026-10-06,442,N21,VIIRS,l,2.0NRT,305.76,5.34,D
38.71043,116.80935,341.43,0.4,0.45,2026-10-06,442,N21,VIIRS,n,2.0NRT,305.02,8.65,D
38.71267,116.74043,339.66,0.41,0.45,2026-10-06,442,N21,VIIRS,n,2.0NRT,303.11,5.59,D
38.71351,116.98114,338.8,0.4,0.44,2026-10-06,442,N21,VIIRS,n,2.0NRT,301.46,4.94,D
38.72757,116.74992,336.69,0.41,0.45,2026-10-06,442,N21,VIIRS,n,2.0NRT,301.14,4.6,D
38.72854,116.75446,347.18,0.41,0.45,2026-10-06,442,N21,VIIRS,n,2.0NRT,301.62,6.6,D
38.74219,116.20358,336.03,0.43,0.46,2026-10-06,442,N21,VIIRS,n,2.0NRT,301.78,3.94,D
38.75438,116.75526,341.06,0.41,0.45,2026-10-06,442,N21,VIIRS,n,2.0NRT,302.92,6.67,D
38.75535,116.7598,354.94,0.41,0.45,2026-10-06,442,N21,VIIRS,n,2.0NRT,303.12,6.67,D
38.81073,116.2893,344.6,0.43,0.46,2026-10-06,442,N21,VIIRS,n,2.0NRT,305.19,7.69,D
38.8148,116.28786,338.09,0.43,0.46,2026-10-06,442,N21,VIIRS,n,2.0NRT,302.56,5.71,D
38.86342,116.98376,332.98,0.39,0.44,2026-10-06,442,N21,VIIRS,n,2.0NRT,299.74,2.75,D
39.28225,119.02412,333.33,0.47,0.4,2026-10-06,442,N21,VIIRS,n,2.0NRT,302.69,3.05,D
39.4285,122.17783,332.45,0.39,0.36,2026-10-06,442,N21,VIIRS,n,2.0NRT,299.37,2.87,D
39.44445,126.02312,343.34,0.42,0.37,2026-10-06,442,N21,VIIRS,n,2.0NRT,301.98,5.14,D
39.46624,120.45099,329.31,0.42,0.38,2026-10-06,442,N21,VIIRS,n,2.0NRT,293.99,6.5,D
39.50591,122.14953,328.11,0.39,0.36,2026-10-06,442,N21,VIIRS,n,2.0NRT,297.83,1.76,D
39.53003,122.12892,329.61,0.39,0.36,2026-10-06,442,N21,VIIRS,n,2.0NRT,297.69,1.6,D
39.54531,121.66328,332.6,0.4,0.37,2026-10-06,442,N21,VIIRS,l,2.0NRT,303.15,6.52,D
38.06533,109.01591,346.61,0.53,0.67,2026-10-06,444,N21,VIIRS,n,2.0NRT,297.78,5.95,D
38.22472,113.10423,335.89,0.32,0.55,2026-10-06,444,N21,VIIRS,n,2.0NRT,294.93,2.67,D
38.24374,108.33657,336.8,0.57,0.69,2026-10-06,444,N21,VIIRS,n,2.0NRT,304.86,5.42,D
38.37744,109.32909,367,0.5,0.66,2026-10-06,444,N21,VIIRS,h,2.0NRT,303.53,17.48,D
38.47721,112.87683,329.66,0.33,0.55,2026-10-06,444,N21,VIIRS,n,2.0NRT,299.66,2.32,D
38.71658,106.14383,367,0.71,0.75,2026-10-06,444,N21,VIIRS,h,2.0NRT,300.49,38.51,D
38.72106,106.13993,342.35,0.71,0.75,2026-10-06,444,N21,VIIRS,n,2.0NRT,297.55,24.48,D
38.72346,106.14741,367,0.71,0.75,2026-10-06,444,N21,VIIRS,h,2.0NRT,298.88,27.61,D
38.83425,115.83488,347.74,0.45,0.47,2026-10-06,444,N21,VIIRS,n,2.0NRT,305.48,8.03,D
38.84475,116.06031,338.84,0.44,0.46,2026-10-06,444,N21,VIIRS,n,2.0NRT,302.76,6.45,D
38.87291,116.31339,334.54,0.42,0.46,2026-10-06,444,N21,VIIRS,n,2.0NRT,300.17,5.2,D
38.88756,116.11319,339.2,0.43,0.46,2026-10-06,444,N21,VIIRS,n,2.0NRT,299.75,7.39,D
38.88803,115.6993,331.13,0.45,0.47,2026-10-06,444,N21,VIIRS,n,2.0NRT,305.49,3.1,D
38.94688,112.68242,329.63,0.32,0.55,2026-10-06,444,N21,VIIRS,n,2.0NRT,301.66,2.15,D
39.03925,116.76678,332.88,0.4,0.44,2026-10-06,444,N21,VIIRS,n,2.0NRT,302.45,3,D
39.1382,113.14986,339.63,0.61,0.53,2026-10-06,444,N21,VIIRS,n,2.0NRT,302.49,17.03,D
39.13988,113.15665,338.92,0.61,0.53,2026-10-06,444,N21,VIIRS,n,2.0NRT,300.2,17.6,D
39.14275,113.15342,342.01,0.61,0.53,2026-10-06,444,N21,VIIRS,n,2.0NRT,299.54,24.63,D
39.14709,113.22745,338.89,0.6,0.53,2026-10-06,444,N21,VIIRS,n,2.0NRT,299.31,8.86,D
39.1629,116.27181,341,0.42,0.45,2026-10-06,444,N21,VIIRS,n,2.0NRT,304.55,4.29,D
39.16695,116.27039,332.86,0.42,0.45,2026-10-06,444,N21,VIIRS,n,2.0NRT,305.63,4.29,D
39.21717,115.35406,334.48,0.47,0.47,2026-10-06,444,N21,VIIRS,n,2.0NRT,300.25,2.39,D
39.24663,116.32438,332.62,0.42,0.45,2026-10-06,444,N21,VIIRS,n,2.0NRT,301.61,4.12,D
39.24766,116.32903,336.09,0.42,0.45,2026-10-06,444,N21,VIIRS,n,2.0NRT,303.23,4.12,D
39.2524,116.91959,339.95,0.39,0.44,2026-10-06,444,N21,VIIRS,n,2.0NRT,301.05,3.15,D
39.29358,117.26617,330.4,0.56,0.43,2026-10-06,444,N21,VIIRS,n,2.0NRT,301.63,4.57,D
39.32801,106.97675,340.2,0.62,0.71,2026-10-06,444,N21,VIIRS,n,2.0NRT,297.51,3.56,D
39.32865,106.97641,336.29,0.62,0.71,2026-10-06,444,N21,VIIRS,n,2.0NRT,297.22,5.44,D
39.34446,112.51991,345.35,0.32,0.55,2026-10-06,444,N21,VIIRS,n,2.0NRT,299.84,3.58,D
39.39813,117.52944,337.17,0.54,0.42,2026-10-06,444,N21,VIIRS,n,2.0NRT,299.02,6.81,D
39.43607,118.46114,334.9,0.5,0.41,2026-10-06,444,N21,VIIRS,l,2.0NRT,307.74,7,D
39.4466,116.78828,338.85,0.39,0.44,2026-10-06,444,N21,VIIRS,n,2.0NRT,303.67,7.56,D
39.47942,115.88667,329.29,0.43,0.46,2026-10-06,444,N21,VIIRS,l,2.0NRT,303.16,2.52,D
39.54404,116.89091,341.96,0.39,0.44,2026-10-06,444,N21,VIIRS,n,2.0NRT,302.17,13.79,D
39.5639,115.94999,328.16,0.43,0.46,2026-10-06,444,N21,VIIRS,l,2.0NRT,300.67,2.31,D
39.60427,116.55155,330.17,0.4,0.44,2026-10-06,444,N21,VIIRS,n,2.0NRT,302.33,2.09,D
39.69607,118.87686,332.44,0.47,0.4,2026-10-06,444,N21,VIIRS,n,2.0NRT,302.78,4.55,D
39.74419,113.04382,340.79,0.59,0.53,2026-10-06,444,N21,VIIRS,n,2.0NRT,299.77,14.17,D
39.78389,119.23791,339.36,0.46,0.39,2026-10-06,444,N21,VIIRS,n,2.0NRT,300.09,5,D
39.80105,118.14592,335.29,0.5,0.41,2026-10-06,444,N21,VIIRS,n,2.0NRT,301.06,4.16,D
39.88055,109.07642,332.88,0.47,0.64,2026-10-06,444,N21,VIIRS,n,2.0NRT,295.35,2.65,D
39.9976,118.72086,329.07,0.48,0.4,2026-10-06,444,N21,VIIRS,n,2.0NRT,298.42,1.68,D
40.09432,118.92989,333.21,0.47,0.39,2026-10-06,444,N21,VIIRS,n,2.0NRT,305,2.19,D
40.23749,111.15807,335.44,0.36,0.57,2026-10-06,444,N21,VIIRS,n,2.0NRT,300.49,4.62,D
40.24142,111.15186,355.29,0.36,0.57,2026-10-06,444,N21,VIIRS,n,2.0NRT,302.89,9.03,D
40.2425,111.15586,367,0.36,0.57,2026-10-06,444,N21,VIIRS,h,2.0NRT,301.02,14.83,D
40.24536,111.14565,342.61,0.36,0.57,2026-10-06,444,N21,VIIRS,n,2.0NRT,302.9,9.03,D
40.25098,114.78313,325.02,0.47,0.48,2026-10-06,444,N21,VIIRS,l,2.0NRT,298.31,3.83,D
40.31462,122.13101,339.11,0.39,0.36,2026-10-06,444,N21,VIIRS,n,2.0NRT,301.6,4.38,D
40.31753,122.14906,332.94,0.39,0.36,2026-10-06,444,N21,VIIRS,n,2.0NRT,301.64,4.18,D
40.32856,111.01295,367,0.36,0.58,2026-10-06,444,N21,VIIRS,h,2.0NRT,301.6,8.99,D
40.39171,115.27927,342.38,0.44,0.46,2026-10-06,444,N21,VIIRS,n,2.0NRT,300.98,10.26,D
40.39284,115.28426,327.61,0.44,0.46,2026-10-06,444,N21,VIIRS,n,2.0NRT,297.51,6.23,D
40.40066,115.25952,344,0.44,0.46,2026-10-06,444,N21,VIIRS,n,2.0NRT,303.84,9.58,D
40.40179,115.26455,338.55,0.44,0.46,2026-10-06,444,N21,VIIRS,n,2.0NRT,299.76,9.58,D
40.40478,115.25797,330.71,0.44,0.46,2026-10-06,444,N21,VIIRS,l,2.0NRT,302.55,4.62,D
40.42717,110.85469,337.23,0.37,0.58,2026-10-06,444,N21,VIIRS,n,2.0NRT,302.57,8.64,D
40.43617,110.84605,348.69,0.37,0.58,2026-10-06,444,N21,VIIRS,n,2.0NRT,302.01,7.23,D
40.44973,110.64645,355.44,0.38,0.58,2026-10-06,444,N21,VIIRS,n,2.0NRT,300.35,6.9,D
40.45219,110.8847,330.73,0.37,0.58,2026-10-06,444,N21,VIIRS,n,2.0NRT,302.84,6.78,D
40.45295,110.5742,348.62,0.38,0.59,2026-10-06,444,N21,VIIRS,n,2.0NRT,299.65,4.82,D
40.45329,110.88879,367,0.37,0.58,2026-10-06,444,N21,VIIRS,h,2.0NRT,304.25,10.73,D
40.4537,110.9114,333.48,0.36,0.58,2026-10-06,444,N21,VIIRS,n,2.0NRT,299.56,6.38,D
40.45479,110.91546,345.08,0.36,0.58,2026-10-06,444,N21,VIIRS,n,2.0NRT,299.24,7.14,D
40.4552,110.93801,347.28,0.36,0.58,2026-10-06,444,N21,VIIRS,n,2.0NRT,300.01,3.6,D
40.46606,110.8096,341.71,0.37,0.58,2026-10-06,444,N21,VIIRS,n,2.0NRT,300.28,3.17,D
40.4662,110.81107,337.15,0.37,0.58,2026-10-06,444,N21,VIIRS,n,2.0NRT,299.64,2.95,D
40.47272,111.14974,352.29,0.35,0.57,2026-10-06,444,N21,VIIRS,n,2.0NRT,306.26,11.58,D
40.47379,111.1537,342.86,0.35,0.57,2026-10-06,444,N21,VIIRS,n,2.0NRT,300.48,11.58,D
40.48426,115.51529,339.89,0.43,0.46,2026-10-06,444,N21,VIIRS,n,2.0NRT,299.83,10.55,D
40.4929,110.95284,329.35,0.36,0.58,2026-10-06,444,N21,VIIRS,n,2.0NRT,300.55,2.31,D
40.508,111.00596,336.37,0.36,0.57,2026-10-06,444,N21,VIIRS,n,2.0NRT,297.61,3.75,D
40.5759,110.67329,353.16,0.37,0.58,2026-10-06,444,N21,VIIRS,n,2.0NRT,304.89,20.16,D
40.57704,110.67744,354.43,0.37,0.58,2026-10-06,444,N21,VIIRS,n,2.0NRT,299.3,15.75,D
40.58195,118.64777,327.62,0.47,0.4,2026-10-06,444,N21,VIIRS,n,2.0NRT,295.37,1.89,D
40.58445,109.33104,353.22,0.43,0.62,2026-10-06,444,N21,VIIRS,n,2.0NRT,302.7,7.2,D
40.59958,109.68221,337.22,0.42,0.61,2026-10-06,444,N21,VIIRS,n,2.0NRT,297.94,4.18,D
40.59978,109.68204,336.18,0.42,0.61,2026-10-06,444,N21,VIIRS,n,2.0NRT,297.92,4.69,D
40.66599,122.59824,325.45,0.38,0.36,2026-10-06,444,N21,VIIRS,n,2.0NRT,298.76,2.1,D
40.67775,114.41417,338.29,0.48,0.48,2026-10-06,444,N21,VIIRS,n,2.0NRT,296.36,4.56,D
40.6921,122.52556,332.96,0.38,0.36,2026-10-06,444,N21,VIIRS,n,2.0NRT,299.8,3.44,D
40.74864,119.10234,332.79,0.45,0.39,2026-10-06,444,N21,VIIRS,n,2.0NRT,299.74,5.92,D
40.80162,118.45839,341.5,0.47,0.4,2026-10-06,444,N21,VIIRS,n,2.0NRT,300.55,15.16,D
40.89989,119.51776,336.73,0.43,0.38,2026-10-06,444,N21,VIIRS,n,2.0NRT,298.51,4.74,D
40.91703,114.29778,333.2,0.48,0.48,2026-10-06,444,N21,VIIRS,n,2.0NRT,299.03,3.83,D
40.95321,112.79056,330.45,0.57,0.52,2026-10-06,444,N21,VIIRS,n,2.0NRT,295.62,5.41,D
40.95467,112.50765,327.82,0.59,0.53,2026-10-06,444,N21,VIIRS,n,2.0NRT,296.34,6.59,D
40.98154,122.93905,328.1,0.38,0.36,2026-10-06,444,N21,VIIRS,n,2.0NRT,298.28,2.49,D
41.01338,122.48055,340.78,0.38,0.36,2026-10-06,444,N21,VIIRS,n,2.0NRT,295.32,4.71,D
41.05396,119.57857,336.48,0.43,0.38,2026-10-06,444,N21,VIIRS,n,2.0NRT,302.28,12.62,D
41.10529,113.63547,337.27,0.51,0.49,2026-10-06,444,N21,VIIRS,n,2.0NRT,296.22,5.36,D
41.1317,122.98187,325.73,0.38,0.36,2026-10-06,444,N21,VIIRS,n,2.0NRT,299.01,1.03,D
41.13375,122.99544,346.82,0.38,0.36,2026-10-06,444,N21,VIIRS,n,2.0NRT,297.86,4.57,D
41.13771,122.9991,333.43,0.38,0.36,2026-10-06,444,N21,VIIRS,n,2.0NRT,300.26,2.93,D
41.19387,122.87582,334.37,0.38,0.36,2026-10-06,444,N21,VIIRS,n,2.0NRT,301.34,3.91,D
41.19865,108.21816,350.22,0.47,0.64,2026-10-06,444,N21,VIIRS,n,2.0NRT,300.08,10.9,D
41.20011,108.22154,349.07,0.47,0.64,2026-10-06,444,N21,VIIRS,n,2.0NRT,299.21,11.85,D
41.20689,116.65052,329.33,0.55,0.43,2026-10-06,444,N21,VIIRS,n,2.0NRT,297.21,4.55,D
41.28153,123.74197,330.35,0.39,0.36,2026-10-06,444,N21,VIIRS,n,2.0NRT,300.39,1.99,D
41.28415,112.8449,336.68,0.55,0.51,2026-10-06,444,N21,VIIRS,n,2.0NRT,297.56,6.97,D
41.31028,122.69743,328.79,0.38,0.36,2026-10-06,444,N21,VIIRS,n,2.0NRT,296.36,1.77,D
41.31633,113.19586,331.03,0.53,0.5,2026-10-06,444,N21,VIIRS,n,2.0NRT,299.64,4.41,D
41.80342,123.7964,329.59,0.39,0.36,2026-10-06,444,N21,VIIRS,n,2.0NRT,294.63,2.53,D
41.84569,123.75669,335.52,0.39,0.36,2026-10-06,444,N21,VIIRS,n,2.0NRT,299.89,4.45,D
41.98213,121.53395,334.78,0.39,0.36,2026-10-06,444,N21,VIIRS,n,2.0NRT,298.2,3.1,D
42.20301,124.29854,328.71,0.4,0.37,2026-10-06,444,N21,VIIRS,n,2.0NRT,296.33,2.62,D
42.26658,119.14377,334.09,0.43,0.38,2026-10-06,444,N21,VIIRS,n,2.0NRT,302.16,3.58,D
42.35929,118.81102,332.8,0.44,0.38,2026-10-06,444,N21,VIIRS,n,2.0NRT,296.06,2.99,D
42.36233,123.29851,337.89,0.39,0.36,2026-10-06,444,N21,VIIRS,n,2.0NRT,298.21,5.99,D
42.37136,118.85654,328.54,0.44,0.38,2026-10-06,444,N21,VIIRS,n,2.0NRT,295.7,2.86,D
42.80605,123.32598,339.88,0.39,0.36,2026-10-06,444,N21,VIIRS,n,2.0NRT,296.86,3.81,D
42.80809,123.34012,336.29,0.39,0.36,2026-10-06,444,N21,VIIRS,n,2.0NRT,298.25,2.31,D
42.82113,124.83817,327.95,0.41,0.37,2026-10-06,444,N21,VIIRS,n,2.0NRT,293.7,2.58,D
43.20006,124.33504,330,0.41,0.37,2026-10-06,444,N21,VIIRS,l,2.0NRT,300.79,4.62,D
43.6139,125.88192,325.29,0.45,0.39,2026-10-06,444,N21,VIIRS,n,2.0NRT,291.96,1.33,D
44.99648,124.92738,325.03,0.43,0.38,2026-10-06,444,N21,VIIRS,n,2.0NRT,292.13,3.6,D
44.99729,127.08224,338.52,0.51,0.41,2026-10-06,444,N21,VIIRS,n,2.0NRT,295.4,15.9,D
45.00107,127.08146,343.73,0.51,0.41,2026-10-06,444,N21,VIIRS,n,2.0NRT,299.12,15.9,D
45.07291,123.00441,325.66,0.39,0.37,2026-10-06,444,N21,VIIRS,l,2.0NRT,296.37,10.47,D
45.0736,123.00938,349.64,0.39,0.37,2026-10-06,444,N21,VIIRS,n,2.0NRT,296.03,7.95,D
45.07692,123.00845,332.18,0.39,0.37,2026-10-06,444,N21,VIIRS,n,2.0NRT,298.16,7.95,D
45.08286,123.00166,335.38,0.39,0.37,2026-10-06,444,N21,VIIRS,n,2.0NRT,296.56,5.46,D
45.44899,122.69774,330.56,0.39,0.36,2026-10-06,444,N21,VIIRS,n,2.0NRT,294.99,3.26,D
45.75286,115.72434,344.09,0.49,0.41,2026-10-06,444,N21,VIIRS,n,2.0NRT,299.53,8.45,D
45.75647,115.72294,345.64,0.49,0.41,2026-10-06,444,N21,VIIRS,n,2.0NRT,298.71,8.45,D
46.13312,127.27106,331.71,0.54,0.42,2026-10-06,444,N21,VIIRS,n,2.0NRT,291.24,4.78,D
46.25803,127.01225,327.25,0.53,0.42,2026-10-06,444,N21,VIIRS,n,2.0NRT,292.12,3.69,D
46.63668,126.81178,325.37,0.52,0.42,2026-10-06,444,N21,VIIRS,n,2.0NRT,293.26,2.27,D
46.6654,126.37491,338.14,0.5,0.41,2026-10-06,444,N21,VIIRS,n,2.0NRT,293.52,6.4,D
46.6682,126.77728,329.74,0.52,0.42,2026-10-06,444,N21,VIIRS,n,2.0NRT,292.86,5.19,D
46.74146,125.92702,344.12,0.49,0.4,2026-10-06,444,N21,VIIRS,n,2.0NRT,298.11,7.98,D
47.24313,132.65038,355.84,0.32,0.55,2026-10-06,444,N21,VIIRS,l,2.0NRT,289.82,5.58,D
47.24332,132.65471,337.66,0.33,0.55,2026-10-06,444,N21,VIIRS,n,2.0NRT,289.54,5.58,D
47.24634,131.08987,344.88,0.55,0.51,2026-10-06,444,N21,VIIRS,n,2.0NRT,291.42,8.66,D
47.24813,131.08905,341.31,0.55,0.51,2026-10-06,444,N21,VIIRS,n,2.0NRT,291.22,11.8,D
47.2482,132.64983,346.05,0.32,0.55,2026-10-06,444,N21,VIIRS,n,2.0NRT,291.03,3.5,D
47.42034,123.48463,326.6,0.42,0.37,2026-10-06,444,N21,VIIRS,n,2.0NRT,297.22,1.85,D
47.99839,126.14426,340.02,0.51,0.41,2026-10-06,444,N21,VIIRS,n,2.0NRT,296.25,6.67,D
48.00216,126.14343,338.12,0.51,0.41,2026-10-06,444,N21,VIIRS,n,2.0NRT,295.95,6.67,D
46.38926,114.00175,348.48,0.56,0.43,2026-10-06,446,N21,VIIRS,n,2.0NRT,300.67,11.53,D
48.2662,125.57885,330.22,0.49,0.4,2026-10-06,446,N21,VIIRS,n,2.0NRT,296.07,4.71,D
49.45688,117.67142,339.12,0.4,0.37,2026-10-06,446,N21,VIIRS,n,2.0NRT,283.65,5.55,D
49.46015,117.6701,340.34,0.4,0.37,2026-10-06,446,N21,VIIRS,n,2.0NRT,283.93,5.67,D
49.47216,117.69936,346.96,0.4,0.37,2026-10-06,446,N21,VIIRS,n,2.0NRT,285.38,4.88,D
49.47543,117.69805,346.45,0.4,0.37,2026-10-06,446,N21,VIIRS,n,2.0NRT,285.78,4.88,D
50.5427,127.63857,352.44,0.42,0.45,2026-10-06,446,N21,VIIRS,n,2.0NRT,294.1,13.28,D
50.54638,127.6317,344.65,0.42,0.45,2026-10-06,446,N21,VIIRS,n,2.0NRT,293.72,13.28,D
51.50636,127.97564,350.27,0.44,0.46,2026-10-06,446,N21,VIIRS,n,2.0NRT,289.14,10.93,D
51.50682,127.98212,339.81,0.44,0.46,2026-10-06,446,N21,VIIRS,n,2.0NRT,285.32,10.93,D
51.50772,127.97698,367,0.44,0.46,2026-10-06,446,N21,VIIRS,h,2.0NRT,291.83,17.64,D
51.51062,127.97492,335.1,0.44,0.46,2026-10-06,446,N21,VIIRS,n,2.0NRT,287.83,4.33,D
53.46511,119.84399,335.82,0.4,0.37,2026-10-06,446,N21,VIIRS,n,2.0NRT,282.96,6.49,D
53.88902,105.90423,337.48,0.49,0.48,2026-10-06,449,N21,VIIRS,n,2.0NRT,270.95,11.66,D