{"type": "FeatureCollection", "features": [{"type": "Feature", "geometry": {"type": "Point", "coordinates": [75.91376, 64.48538]}, "properties": {"latitude": "64.48538", "longitude": "75.91376", "bright_ti4": "298.93", "scan": "0.69", "track": "0.74", "acq_date": "2026-09-30", "acq_time": "7", "satellite": "N21", "instrument": "VIIRS", "confidence": "n", "version": "2.0NRT", "bright_ti5": "275.41", "frp": "3.96", "daynight": "N"}}, {"type": "Feature", "geometry": {"type": "Point", "coordinates": [75.90611, 64.48576]}, "properties": {"latitude": "64.48576", "longitude": "75.90611", "bright_ti4": "328.58", "scan": "0.69", "track": "0.74", "acq_date": "2026-09-30", "acq_time": "7", "satellite": "N21", "instrument": "VIIRS", "confidence": "n", "version": "2.0NRT", "bright_ti5": "276.54", "frp": "7.91", "daynight": "N"}}, {"type": "Feature", "geometry": {"type": "Point", "coordinates": [75.90572, 64.49064]}, "properties": {"latitude": "64.49064", "longitude": "75.90572", "bright_ti4": "319.72", "scan": "0.69", "track": "0.74", "acq_date": "2026-09-30", "acq_time": "7", "satellite": "N21", "instrument": "VIIRS", "confidence": "n", "version": "2.0NRT", "bright_ti5": "276.41", "frp": "3.96", "daynight": "N"}}, {"type": "Feature", "geometry": {"type": "Point", "coordinates": [75.42924, 64.75338]}, "properties": {"latitude": "64.75338", "longitude": "75.42924", "bright_ti4": "315.69", "scan": "0.65", "track": "0.73", "acq_date": "2026-09-30", "acq_time": "7", "satellite": "N21", "instrument": "VIIRS", "confidence": "n", "version": "2.0NRT", "bright_ti5": "275.88", "frp": "2.23", "daynight": "N"}}, {"type": "Feature", "geometry": {"type": "Point", "coordinates": [75.50585, 64.90643]}, "properties": {"latitude": "64.90643", "longitude": "75.50585", "bright_ti4": "304.86", "scan": "0.64", "track": "0.72", "acq_date": "2026-09-30", "acq_time": "7", "satellite": "N21", "instrument": "VIIRS", "confidence": "n", "version": "2.0NRT", "bright_ti5": "274.02", "frp": "2.33", "daynight": "N"}}, {"type": "Feature", "geometry": {"type": "Point", "coordinates": [76.8623, 65.82607]}, "properties": {"latitude": "65.82607", "longitude": "76.8623", "bright_ti4": "296.84", "scan": "0.59", "track": "0.7", "acq_date": "2026-09-30", "acq_time": "7", "satellite": "N21", "instrument": "VIIRS", "confidence": "n", "version": "2.0NRT", "bright_ti5": "275.62", "frp": "1.05", "daynight": "N"}}, {"type": "Feature", "geometry": {"type": "Point", "coordinates": [76.95234, 65.85643]}, "properties": {"latitude": "65.85643", "longitude": "76.95234", "bright_ti4": "334.07", "scan": "0.59", "track": "0.7", "acq_date": "2026-09-30", "acq_time": "7", "satellite": "N21", "instrument": "VIIRS", "confidence": "n", "version": "2.0NRT", "bright_ti5": "276.21", "frp": "5.75", "daynight": "N"}}, {"type": "Feature", "geometry": {"type": "Point", "coordinates": [77.01007, 66.0528]}, "properties": {"latitude": "66.0528", "longitude": "77.01007", "bright_ti4": "316.12", "scan": "0.58", "track": "0.7", "acq_date": "2026-09-30", "acq_time": "7", "satellite": "N21", "instrument": "VIIRS", "confidence": "n", "version": "2.0NRT", "bright_ti5": "275.32", "frp": "2.65", "daynight": "N"}}, {"type": "Feature", "geometry": {"type": "Point", "coordinates": [76.83878, 66.10212]}, "properties": {"latitude": "66.10212", "longitude": "76.83878", "bright_ti4": "310.26", "scan": "0.57", "track": "0.69", "acq_date": "2026-09-30", "acq_time": "7", "satellite": "N21", "instrument": "VIIRS", "confidence": "n", "version": "2.0NRT", "bright_ti5": "274.9", "frp": "2.01", "daynight": "N"}}, {"type": "Feature", "geometry": {"type": "Point", "coordinates": [77.06905, 66.11115]}, "properties": {"latitude": "66.11115", "longitude": "77.06905", "bright_ti4": "327.92", "scan": "0.58", "track": "0.69", "acq_date": "2026-09-30", "acq_time": "7", "satellite": "N21", "instrument": "VIIRS", "confidence": "n", "version": "2.0NRT", "bright_ti5": "275.7", "frp": "6.11", "daynight": "N"}}, {"type": "Feature", "geometry": {"type": "Point", "coordinates": [77.05771, 66.11214]}, "properties": {"latitude": "66.11214", "longitude": "77.05771", "bright_ti4": "367", "scan": "0.57", "track": "0.69", "acq_date": "2026-09-30", "acq_time": "7", "satellite": "N21", "instrument": "VIIRS", "confidence": "h", "version": "2.0NRT", "bright_ti5": "277.62", "frp": "12.48", "daynight": "N"}}, {"type": "Feature", "geometry": {"type": "Point", "coordinates": [77.06203, 66.11561]}, "properties": {"latitude": "66.11561", "longitude": "77.06203", "bright_ti4": "326.56", "scan": "0.57", "track": "0.69", "acq_date": "2026-09-30", "acq_time": "7", "satellite": "N21", "instrument": "VIIRS", "confidence": "n", "version": "2.0NRT", "bright_ti5": "275.2", "frp": "6.11", "daynight": "N"}}, {"type": "Feature", "geometry": {"type": "Point", "coordinates": [77.68861, 66.18839]}, "properties": {"latitude": "66.18839", "longitude": "77.68861", "bright_ti4": "319.54", "scan": "0.58", "track": "0.7", "acq_date": "2026-09-30", "acq_time": "7", "satellite": "N21", "instrument": "VIIRS", "confidence": "n", "version": "2.0NRT", "bright_ti5": "275.69", "frp": "2.74", "daynight": "N"}}, {"type": "Feature", "geometry": {"type": "Point", "coordinates": [77.23254, 66.19841]}, "properties": {"latitude": "66.19841", "longitude": "77.23254", "bright_ti4": "304.98", "scan": "0.57", "track": "0.69", "acq_date": "2026-09-30", "acq_time": "7", "satellite": "N21", "instrument": "VIIRS", "confidence": "n", "version": "2.0NRT", "bright_ti5": "275.39", "frp": "1.35", "daynight": "N"}}, {"type": "Feature", "geometry": {"type": "Point", "coordinates": [77.23964, 66.20017]}, "properties": {"latitude": "66.20017", "longitude": "77.23964", "bright_ti4": "301.95", "scan": "0.57", "track": "0.69", "acq_date": "2026-09-30", "acq_time": "7", "satellite": "N21", "instrument": "VIIRS", "confidence": "n", "version": "2.0NRT", "bright_ti5": "275.61", "frp": "2.01", "daynight": "N"}}, {"type": "Feature", "geometry": {"type": "Point", "coordinates": [76.82078, 66.24397]}, "properties": {"latitude": "66.24397", "longitude": "76.82078", "bright_ti4": "315.89", "scan": "0.56", "track": "0.69", "acq_date": "2026-09-30", "acq_time": "7", "satellite": "N21", "instrument": "VIIRS", "confidence": "n", "version": "2.0NRT", "bright_ti5": "274.58", "frp": "5.04", "daynight": "N"}}, {"type": "Feature", "geometry": {"type": "Point", "coordinates": [76.81208, 66.2454]}, "properties": {"latitude": "66.2454", "longitude": "76.81208", "bright_ti4": "352.81", "scan": "0.56", "track": "0.69", "acq_date": "2026-09-30", "acq_time": "7", "satellite": "N21", "instrument": "VIIRS", "confidence": "n", "version": "2.0NRT", "bright_ti5": "276.01", "frp": "8.65", "daynight": "N"}}, {"type": "Feature", "geometry": {"type": "Point", "coordinates": [76.81392, 66.24827]}, "properties": {"latitude": "66.24827", "longitude": "76.81392", "bright_ti4": "328.59", "scan": "0.56", "track": "0.69", "acq_date": "2026-09-30", "acq_time": "7", "satellite": "N21", "instrument": "VIIRS", "confidence": "n", "version": "2.0NRT", "bright_ti5": "275.23", "frp": "5.04", "daynight": "N"}}, {"type": "Feature", "geometry": {"type": "Point", "coordinates": [76.76629, 66.27806]}, "properties": {"latitude": "66.27806", "longitude": "76.76629", "bright_ti4": "309.91", "scan": "0.56", "track": "0.69", "acq_date": "2026-09-30", "acq_time": "7", "satellite": "N21", "instrument": "VIIRS", "confidence": "n", "version": "2.0NRT", "bright_ti5": "275.15", "frp": "3.47", "daynight": "N"}}, {"type": "Feature", "geometry": {"type": "Point", "coordinates": [76.75819, 66.27964]}, "properties": {"latitude": "66.27964", "longitude": "76.75819", "bright_ti4": "318.35", "scan": "0.56", "track": "0.69", "acq_date": "2026-09-30", "acq_time": "7", "satellite": "N21", "instrument": "VIIRS", "confidence": "n", "version": "2.0NRT", "bright_ti5": "275.05", "frp": "4.13", "daynight": "N"}}, {"type": "Feature", "geometry": {"type": "Point", "coordinates": [76.99342, 66.30849]}, "properties": {"latitude": "66.30849", "longitude": "76.99342", "bright_ti4": "328.47", "scan": "0.56", "track": "0.69", "acq_date": "2026-09-30", "acq_time": "7", "satellite": "N21", "instrument": "VIIRS", "confidence": "n", "version": "2.0NRT", "bright_ti5": "275.89", "frp": "5.36", "daynight": "N"}}, {"type": "Feature", "geometry": {"type": "Point", "coordinates": [77.00206, 66.31052]}, "properties": {"latitude": "66.31052", "longitude": "77.00206", "bright_ti4": "323.56", "scan": "0.56", "track": "0.69", "acq_date": "2026-09-30", "acq_time": "7", "satellite": "N21", "instrument": "VIIRS", "confidence": "n", "version": "2.0NRT", "bright_ti5": "275.73", "frp": "5.64", "daynight": "N"}}, {"type": "Feature", "geometry": {"type": "Point", "coordinates": [76.7914, 66.31776]}, "properties": {"latitude": "66.31776", "longitude": "76.7914", "bright_ti4": "346.73", "scan": "0.55", "track": "0.68", "acq_date": "2026-09-30", "acq_time": "7", "satellite": "N21", "instrument": "VIIRS", "confidence": "n", "version": "2.0NRT", "bright_ti5": "276.26", "frp": "8.2", "daynight": "N"}}, {"type": "Feature", "geometry": {"type": "Point", "coordinates": [76.79249, 66.32024]}, "properties": {"latitude": "66.32024", "longitude": "76.79249", "bright_ti4": "336.28", "scan": "0.55", "track": "0.68", "acq_date": "2026-09-30", "acq_time": "7", "satellite": "N21", "instrument": "VIIRS", "confidence": "n", "version": "2.0NRT", "bright_ti5": "275.96", "frp": "5.99", "daynight": "N"}}, {"type": "Feature", "geometry": {"type": "Point", "coordinates": [77.83547, 66.33063]}, "properties": {"latitude": "66.33063", "longitude": "77.83547", "bright_ti4": "302.97", "scan": "0.57", "track": "0.69", "acq_date": "2026-09-30", "acq_time": "7", "satellite": "N21", "instrument": "VIIRS", "confidence": "n", "version": "2.0NRT", "bright_ti5": "275.31", "frp": "1.3", "daynight": "N"}}, {"type": "Feature", "geometry": {"type": "Point", "coordinates": [76.69817, 66.55069]}, "properties": {"latitude": "66.55069", "longitude": "76.69817", "bright_ti4": "295.17", "scan": "0.53", "track": "0.67", "acq_date": "2026-09-30", "acq_time": "7", "satellite": "N21", "instrument": "VIIRS", "confidence": "n", "version": "2.0NRT", "bright_ti5": "273.6", "frp": "0.92", "daynight": "N"}}, {"type": "Feature", "geometry": {"type": "Point", "coordinates": [80.46416, 66.66085]}, "properties": {"latitude": "66.66085", "longitude": "80.46416", "bright_ti4": "301.76", "scan": "0.59", "track": "0.7", "acq_date": "2026-09-30", "acq_time": "7", "satellite": "N21", "instrument": "VIIRS", "confidence": "n", "version": "2.0NRT", "bright_ti5": "274.47", "frp": "2.12", "daynight": "N"}}, {"type": "Feature", "geometry": {"type": "Point", "coordinates": [80.48644, 66.71597]}, "properties": {"latitude": "66.71597", "longitude": "80.48644", "bright_ti4": "318.71", "scan": "0.59", "track": "0.7", "acq_date": "2026-09-30", "acq_time": "7", "satellite": "N21", "instrument": "VIIRS", "confidence": "n", "version": "2.0NRT", "bright_ti5": "274.41", "frp": "3.62", "daynight": "N"}}, {"type": "Feature", "geometry": {"type": "Point", "coordinates": [80.49764, 66.71715]}, "properties": {"latitude": "66.71715", "longitude": "80.49764", "bright_ti4": "322.68", "scan": "0.59", "track": "0.7", "acq_date": "2026-09-30", "acq_time": "7", "satellite": "N21", "instrument": "VIIRS", "confidence": "n", "version": "2.0NRT", "bright_ti5": "275.17", "frp": "2.76", "daynight": "N"}}, {"type": "Feature", "geometry": {"type": "Point", "coordinates": [77.35921, 66.82472]}, "properties": {"latitude": "66.82472", "longitude": "77.35921", "bright_ti4": "300.91", "scan": "0.53", "track": "0.67", "acq_date": "2026-09-30", "acq_time": "7", "satellite": "N21", "instrument": "VIIRS", "confidence": "n", "version": "2.0NRT", "bright_ti5": "274.28", "frp": "1.9", "daynight": "N"}}, {"type": "Feature", "geometry": {"type": "Point", "coordinates": [77.35273, 66.82879]}, "properties": {"latitude": "66.82879", "longitude": "77.35273", "bright_ti4": "307.93", "scan": "0.53", "track": "0.67", "acq_date": "2026-09-30", "acq_time": "7", "satellite": "N21", "instrument": "VIIRS", "confidence": "n", "version": "2.0NRT", "bright_ti5": "275.98", "frp": "1.9", "daynight": "N"}}, {"type": "Feature", "geometry": {"type": "Point", "coordinates": [81.98014, 67.19346]}, "properties": {"latitude": "67.19346", "longitude": "81.98014", "bright_ti4": "313.7", "scan": "0.58", "track": "0.69", "acq_date": "2026-09-30", "acq_time": "7", "satellite": "N21", "instrument": "VIIRS", "confidence": "n", "version": "2.0NRT", "bright_ti5": "273.06", "frp": "3.61", "daynight": "N"}}, {"type": "Feature", "geometry": {"type": "Point", "coordinates": [81.98852, 67.19521]}, "properties": {"latitude": "67.19521", "longitude": "81.98852", "bright_ti4": "339.6", "scan": "0.58", "track": "0.69", "acq_date": "2026-09-30", "acq_time": "7", "satellite": "N21", "instrument": "VIIRS", "confidence": "n", "version": "2.0NRT", "bright_ti5": "274.39", "frp": "6.33", "daynight": "N"}}, {"type": "Feature", "geometry": {"type": "Point", "coordinates": [81.99488, 67.19642]}, "properties": {"latitude": "67.19642", "longitude": "81.99488", "bright_ti4": "324.76", "scan": "0.58", "track": "0.69", "acq_date": "2026-09-30", "acq_time": "7", "satellite": "N21", "instrument": "VIIRS", "confidence": "n", "version": "2.0NRT", "bright_ti5": "273.77", "frp": "3.61", "daynight": "N"}}, {"type": "Feature", "geometry": {"type": "Point", "coordinates": [83.21352, 67.27404]}, "properties": {"latitude": "67.27404", "longitude": "83.21352", "bright_ti4": "323.84", "scan": "0.59", "track": "0.7", "acq_date": "2026-09-30", "acq_time": "7", "satellite": "N21", "instrument": "VIIRS", "confidence": "n", "version": "2.0NRT", "bright_ti5": "260.68", "frp": "4.72", "daynight": "N"}}, {"type": "Feature", "geometry": {"type": "Point", "coordinates": [83.03387, 67.27786]}, "properties": {"latitude": "67.27786", "longitude": "83.03387", "bright_ti4": "318.3", "scan": "0.59", "track": "0.7", "acq_date": "2026-09-30", "acq_time": "7", "satellite": "N21", "instrument": "VIIRS", "confidence": "n", "version": "2.0NRT", "bright_ti5": "265.31", "frp": "6.67", "daynight": "N"}}, {"type": "Feature", "geometry": {"type": "Point", "coordinates": [83.03478, 67.2821]}, "properties": {"latitude": "67.2821", "longitude": "83.03478", "bright_ti4": "332.25", "scan": "0.58", "track": "0.7", "acq_date": "2026-09-30", "acq_time": "7", "satellite": "N21", "instrument": "VIIRS", "confidence": "n", "version": "2.0NRT", "bright_ti5": "266.65", "frp": "8.29", "daynight": "N"}}, {"type": "Feature", "geometry": {"type": "Point", "coordinates": [70.99423, 66.19824]}, "properties": {"latitude": "66.19824", "longitude": "70.99423", "bright_ti4": "338.32", "scan": "0.45", "track": "0.63", "acq_date": "2026-09-30", "acq_time": "9", "satellite": "N21", "instrument": "VIIRS", "confidence": "n", "version": "2.0NRT", "bright_ti5": "277.91", "frp": "6.72", "daynight": "N"}}, {"type": "Feature", "geometry": {"type": "Point", "coordinates": [70.98798, 66.20146]}, "properties": {"latitude": "66.20146", "longitude": "70.98798", "bright_ti4": "313.27", "scan": "0.45", "track": "0.63", "acq_date": "2026-09-30", "acq_time": "9", "satellite": "N21", "instrument": "VIIRS", "confidence": "n", "version": "2.0NRT", "bright_ti5": "277.82", "frp": "5.55", "daynight": "N"}}, {"type": "Feature", "geometry": {"type": "Point", "coordinates": [55.97391, 67.93582]}, "properties": {"latitude": "67.93582", "longitude": "55.97391", "bright_ti4": "299.68", "scan": "0.39", "track": "0.44", "acq_date": "2026-09-30", "acq_time": "9", "satellite": "N21", "instrument": "VIIRS", "confidence": "n", "version": "2.0NRT", "bright_ti5": "277.65", "frp": "0.82", "daynight": "N"}}, {"type": "Feature", "geometry": {"type": "Point", "coordinates": [56.10498, 54.84544]}, "properties": {"latitude": "54.84544", "longitude": "56.10498", "bright_ti4": "301.29", "scan": "0.74", "track": "0.76", "acq_date": "2026-09-30", "acq_time": "11", "satellite": "N21", "instrument": "VIIRS", "confidence": "n", "version": "2.0NRT", "bright_ti5": "277.16", "frp": "1.91", "daynight": "N"}}, {"type": "Feature", "geometry": {"type": "Point", "coordinates": [60.02182, 57.91747]}, "properties": {"latitude": "57.91747", "longitude": "60.02182", "bright_ti4": "296.99", "scan": "0.7", "track": "0.75", "acq_date": "2026-09-30", "acq_time": "11", "satellite": "N21", "instrument": "VIIRS", "confidence": "n", "version": "2.0NRT", "bright_ti5": "279.84", "frp": "2.46", "daynight": "N"}}, {"type": "Feature", "geometry": {"type": "Point", "coordinates": [60.03132, 57.92001]}, "properties": {"latitude": "57.92001", "longitude": "60.03132", "bright_ti4": "306.59", "scan": "0.7", "track": "0.75", "acq_date": "2026-09-30", "acq_time": "11", "satellite": "N21", "instrument": "VIIRS", "confidence": "n", "version": "2.0NRT", "bright_ti5": "279.3", "frp": "2.02", "daynight": "N"}}, {"type": "Feature", "geometry": {"type": "Point", "coordinates": [60.03027, 57.92272]}, "properties": {"latitude": "57.92272", "longitude": "60.03027", "bright_ti4": "299.15", "scan": "0.7", "track": "0.75", "acq_date": "2026-09-30", "acq_time": "11", "satellite": "N21", "instrument": "VIIRS", "confidence": "n", "version": "2.0NRT", "bright_ti5": "278.61", "frp": "2.46", "daynight": "N"}}, {"type": "Feature", "geometry": {"type": "Point", "coordinates": [60.04683, 57.94257]}, "properties": {"latitude": "57.94257", "longitude": "60.04683", "bright_ti4": "295.8", "scan": "0.7", "track": "0.75", "acq_date": "2026-09-30", "acq_time": "11", "satellite": "N21", "instrument": "VIIRS", "confidence": "n", "version": "2.0NRT", "bright_ti5": "276", "frp": "1.52", "daynight": "N"}}, {"type": "Feature", "geometry": {"type": "Point", "coordinates": [58.32756, 58.39043]}, "properties": {"latitude": "58.39043", "longitude": "58.32756", "bright_ti4": "311.5", "scan": "0.6", "track": "0.7", "acq_date": "2026-09-30", "acq_time": "11", "satellite": "N21", "instrument": "VIIRS", "confidence": "n", "version": "2.0NRT", "bright_ti5": "278.86", "frp": "2.86", "daynight": "N"}}, {"type": "Feature", "geometry": {"type": "Point", "coordinates": [60.58719, 59.58905]}, "properties": {"latitude": "59.58905", "longitude": "60.58719", "bright_ti4": "297.69", "scan": "0.6", "track": "0.71", "acq_date": "2026-09-30", "acq_time": "11", "satellite": "N21", "instrument": "VIIRS", "confidence": "n", "version": "2.0NRT", "bright_ti5": "274.08", "frp": "1.27", "daynight": "N"}}, {"type": "Feature", "geometry": {"type": "Point", "coordinates": [9.14852, 63.31497]}, "properties": {"latitude": "63.31497", "longitude": "9.14852", "bright_ti4": "295.84", "scan": "0.59", "track": "0.7", "acq_date": "2026-09-30", "acq_time": "11", "satellite": "N21", "instrument": "VIIRS", "confidence": "n", "version": "2.0NRT", "bright_ti5": "279.24", "frp": "1.27", "daynight": "N"}}, {"type": "Feature", "geometry": {"type": "Point", "coordinates": [24.4238, 64.64481]}, "properties": {"latitude": "64.64481", "longitude": "24.4238", "bright_ti4": "337.03", "scan": "0.41", "track": "0.45", "acq_date": "2026-09-30", "acq_time": "11", "satellite": "N21", "instrument": "VIIRS", "confidence": "n", "version": "2.0NRT", "bright_ti5": "281.24", "frp": "7.85", "daynight": "N"}}, {"type": "Feature", "geometry": {"type": "Point", "coordinates": [24.42194, 64.6471]}, "properties": {"latitude": "64.6471", "longitude": "24.42194", "bright_ti4": "298.88", "scan": "0.41", "track": "0.45", "acq_date": "2026-09-30", "acq_time": "11", "satellite": "N21", "instrument": "VIIRS", "confidence": "n", "version": "2.0NRT", "bright_ti5": "278.68", "frp": "1.6", "daynight": "N"}}, {"type": "Feature", "geometry": {"type": "Point", "coordinates": [24.43364, 64.65469]}, "properties": {"latitude": "64.65469", "longitude": "24.43364", "bright_ti4": "296.57", "scan": "0.41", "track": "0.45", "acq_date": "2026-09-30", "acq_time": "11", "satellite": "N21", "instrument": "VIIRS", "confidence": "n", "version": "2.0NRT", "bright_ti5": "278.31", "frp": "0.79", "daynight": "N"}}, {"type": "Feature", "geometry": {"type": "Point", "coordinates": [21.2822, 64.66365]}, "properties": {"latitude": "64.66365", "longitude": "21.2822", "bright_ti4": "321.28", "scan": "0.5", "track": "0.49", "acq_date": "2026-09-30", "acq_time": "11", "satellite": "N21", "instrument": "VIIRS", "confidence": "n", "version": "2.0NRT", "bright_ti5": "277.12", "frp": "4.24", "daynight": "N"}}, {"type": "Feature", "geometry": {"type": "Point", "coordinates": [22.22299, 65.56136]}, "properties": {"latitude": "65.56136", "longitude": "22.22299", "bright_ti4": "323.95", "scan": "0.48", "track": "0.48", "acq_date": "2026-09-30", "acq_time": "11", "satellite": "N21", "instrument": "VIIRS", "confidence": "n", "version": "2.0NRT", "bright_ti5": "278.6", "frp": "4.44", "daynight": "N"}}, {"type": "Feature", "geometry": {"type": "Point", "coordinates": [22.21264, 65.5619]}, "properties": {"latitude": "65.5619", "longitude": "22.21264", "bright_ti4": "313.96", "scan": "0.48", "track": "0.48", "acq_date": "2026-09-30", "acq_time": "11", "satellite": "N21", "instrument": "VIIRS", "confidence": "n", "version": "2.0NRT", "bright_ti5": "277.79", "frp": "2.81", "daynight": "N"}}, {"type": "Feature", "geometry": {"type": "Point", "coordinates": [24.52878, 65.75648]}, "properties": {"latitude": "65.75648", "longitude": "24.52878", "bright_ti4": "295.32", "scan": "0.42", "track": "0.45", "acq_date": "2026-09-30", "acq_time": "11", "satellite": "N21", "instrument": "VIIRS", "confidence": "n", "version": "2.0NRT", "bright_ti5": "279.01", "frp": "0.49", "daynight": "N"}}, {"type": "Feature", "geometry": {"type": "Point", "coordinates": [24.19117, 65.76595]}, "properties": {"latitude": "65.76595", "longitude": "24.19117", "bright_ti4": "318.04", "scan": "0.43", "track": "0.46", "acq_date": "2026-09-30", "acq_time": "11", "satellite": "N21", "instrument": "VIIRS", "confidence": "n", "version": "2.0NRT", "bright_ti5": "280.61", "frp": "2.16", "daynight": "N"}}, {"type": "Feature", "geometry": {"type": "Point", "coordinates": [24.18183, 65.76656]}, "properties": {"latitude": "65.76656", "longitude": "24.18183", "bright_ti4": "307.65", "scan": "0.43", "track": "0.46", "acq_date": "2026-09-30", "acq_time": "11", "satellite": "N21", "instrument": "VIIRS", "confidence": "n", "version": "2.0NRT", "bright_ti5": "278.58", "frp": "2.49", "daynight": "N"}}, {"type": "Feature", "geometry": {"type": "Point", "coordinates": [24.19279, 65.77013]}, "properties": {"latitude": "65.77013", "longitude": "24.19279", "bright_ti4": "314.94", "scan": "0.43", "track": "0.46", "acq_date": "2026-09-30", "acq_time": "11", "satellite": "N21", "instrument": "VIIRS", "confidence": "n", "version": "2.0NRT", "bright_ti5": "278.8", "frp": "2.16", "daynight": "N"}}, {"type": "Feature", "geometry": {"type": "Point", "coordinates": [52.75829, 51.56324]}, "properties": {"latitude": "51.56324", "longitude": "52.75829", "bright_ti4": "324.56", "scan": "0.79", "track": "0.78", "acq_date": "2026-09-30", "acq_time": "13", "satellite": "N21", "instrument": "VIIRS", "confidence": "n", "version": "2.0NRT", "bright_ti5": "276.54", "frp": "4.51", "daynight": "N"}}, {"type": "Feature", "geometry": {"type": "Point", "coordinates": [52.74747, 51.56409]}, "properties": {"latitude": "51.56409", "longitude": "52.74747", "bright_ti4": "322.24", "scan": "0.79", "track": "0.78", "acq_date": "2026-09-30", "acq_time": "13", "satellite": "N21", "instrument": "VIIRS", "confidence": "n", "version": "2.0NRT", "bright_ti5": "278.01", "frp": "7.28", "daynight": "N"}}, {"type": "Feature", "geometry": {"type": "Point", "coordinates": [52.76361, 51.56606]}, "properties": {"latitude": "51.56606", "longitude": "52.76361", "bright_ti4": "302.14", "scan": "0.79", "track": "0.78", "acq_date": "2026-09-30", "acq_time": "13", "satellite": "N21", "instrument": "VIIRS", "confidence": "n", "version": "2.0NRT", "bright_ti5": "275.11", "frp": "3.62", "daynight": "N"}}, {"type": "Feature", "geometry": {"type": "Point", "coordinates": [52.7486, 51.56723]}, "properties": {"latitude": "51.56723", "longitude": "52.7486", "bright_ti4": "303.57", "scan": "0.79", "track": "0.78", "acq_date": "2026-09-30", "acq_time": "13", "satellite": "N21", "instrument": "VIIRS", "confidence": "n", "version": "2.0NRT", "bright_ti5": "274.89", "frp": "4.51", "daynight": "N"}}, {"type": "Feature", "geometry": {"type": "Point", "coordinates": [52.78057, 51.61984]}, "properties": {"latitude": "51.61984", "longitude": "52.78057", "bright_ti4": "299.01", "scan": "0.79", "track": "0.78", "acq_date": "2026-09-30", "acq_time": "13", "satellite": "N21", "instrument": "VIIRS", "confidence": "n", "version": "2.0NRT", "bright_ti5": "276.74", "frp": "2.88", "daynight": "N"}}, {"type": "Feature", "geometry": {"type": "Point", "coordinates": [52.54841, 51.80807]}, "properties": {"latitude": "51.80807", "longitude": "52.54841", "bright_ti4": "306.02", "scan": "0.76", "track": "0.77", "acq_date": "2026-09-30", "acq_time": "13", "satellite": "N21", "instrument": "VIIRS", "confidence": "n", "version": "2.0NRT", "bright_ti5": "275.9", "frp": "2.18", "daynight": "N"}}, {"type": "Feature", "geometry": {"type": "Point", "coordinates": [52.54737, 51.81007]}, "properties": {"latitude": "51.81007", "longitude": "52.54737", "bright_ti4": "316.81", "scan": "0.76", "track": "0.77", "acq_date": "2026-09-30", "acq_time": "13", "satellite": "N21", "instrument": "VIIRS", "confidence": "n", "version": "2.0NRT", "bright_ti5": "275.8", "frp": "3.21", "daynight": "N"}}, {"type": "Feature", "geometry": {"type": "Point", "coordinates": [52.55491, 51.81395]}, "properties": {"latitude": "51.81395", "longitude": "52.55491", "bright_ti4": "295.57", "scan": "0.76", "track": "0.77", "acq_date": "2026-09-30", "acq_time": "13", "satellite": "N21", "instrument": "VIIRS", "confidence": "n", "version": "2.0NRT", "bright_ti5": "273.73", "frp": "1.47", "daynight": "N"}}, {"type": "Feature", "geometry": {"type": "Point", "coordinates": [52.97123, 51.86953]}, "properties": {"latitude": "51.86953", "longitude": "52.97123", "bright_ti4": "297.56", "scan": "0.78", "track": "0.78", "acq_date": "2026-09-30", "acq_time": "13", "satellite": "N21", "instrument": "VIIRS", "confidence": "n", "version": "2.0NRT", "bright_ti5": "275.84", "frp": "1.67", "daynight": "N"}}, {"type": "Feature", "geometry": {"type": "Point", "coordinates": [51.37379, 51.90059]}, "properties": {"latitude": "51.90059", "longitude": "51.37379", "bright_ti4": "310.69", "scan": "0.69", "track": "0.74", "acq_date": "2026-09-30", "acq_time": "13", "satellite": "N21", "instrument": "VIIRS", "confidence": "n", "version": "2.0NRT", "bright_ti5": "275.29", "frp": "2.2", "daynight": "N"}}, {"type": "Feature", "geometry": {"type": "Point", "coordinates": [51.37819, 51.90204]}, "properties": {"latitude": "51.90204", "longitude": "51.37819", "bright_ti4": "300.94", "scan": "0.69", "track": "0.74", "acq_date": "2026-09-30", "acq_time": "13", "satellite": "N21", "instrument": "VIIRS", "confidence": "n", "version": "2.0NRT", "bright_ti5": "273.71", "frp": "2.64", "daynight": "N"}}, {"type": "Feature", "geometry": {"type": "Point", "coordinates": [51.68768, 52.01156]}, "properties": {"latitude": "52.01156", "longitude": "51.68768", "bright_ti4": "313.39", "scan": "0.7", "track": "0.75", "acq_date": "2026-09-30", "acq_time": "13", "satellite": "N21", "instrument": "VIIRS", "confidence": "n", "version": "2.0NRT", "bright_ti5": "270.71", "frp": "2.4", "daynight": "N"}}, {"type": "Feature", "geometry": {"type": "Point", "coordinates": [51.69137, 52.01268]}, "properties": {"latitude": "52.01268", "longitude": "51.69137", "bright_ti4": "310.3", "scan": "0.7", "track": "0.75", "acq_date": "2026-09-30", "acq_time": "13", "satellite": "N21", "instrument": "VIIRS", "confidence": "n", "version": "2.0NRT", "bright_ti5": "272.49", "frp": "2.17", "daynight": "N"}}, {"type": "Feature", "geometry": {"type": "Point", "coordinates": [39.63787, 52.53014]}, "properties": {"latitude": "52.53014", "longitude": "39.63787", "bright_ti4": "295.94", "scan": "0.47", "track": "0.48", "acq_date": "2026-09-30", "acq_time": "13", "satellite": "N21", "instrument": "VIIRS", "confidence": "n", "version": "2.0NRT", "bright_ti5": "281.18", "frp": "1.66", "daynight": "N"}}, {"type": "Feature", "geometry": {"type": "Point", "coordinates": [39.63141, 52.5318]}, "properties": {"latitude": "52.5318", "longitude": "39.63141", "bright_ti4": "295.89", "scan": "0.47", "track": "0.48", "acq_date": "2026-09-30", "acq_time": "13", "satellite": "N21", "instrument": "VIIRS", "confidence": "n", "version": "2.0NRT", "bright_ti5": "281.57", "frp": "1.66", "daynight": "N"}}, {"type": "Feature", "geometry": {"type": "Point", "coordinates": [39.62493, 52.53345]}, "properties": {"latitude": "52.53345", "longitude": "39.62493", "bright_ti4": "301.54", "scan": "0.47", "track": "0.48", "acq_date": "2026-09-30", "acq_time": "13", "satellite": "N21", "instrument": "VIIRS", "confidence": "n", "version": "2.0NRT", "bright_ti5": "280.99", "frp": "2.39", "daynight": "N"}}, {"type": "Feature", "geometry": {"type": "Point", "coordinates": [39.62784, 52.5375]}, "properties": {"latitude": "52.5375", "longitude": "39.62784", "bright_ti4": "336.62", "scan": "0.47", "track": "0.48", "acq_date": "2026-09-30", "acq_time": "13", "satellite": "N21", "instrument": "VIIRS", "confidence": "n", "version": "2.0NRT", "bright_ti5": "286.08", "frp": "2.39", "daynight": "N"}}, {"type": "Feature", "geometry": {"type": "Point", "coordinates": [39.62136, 52.53916]}, "properties": {"latitude": "52.53916", "longitude": "39.62136", "bright_ti4": "295.34", "scan": "0.47", "track": "0.48", "acq_date": "2026-09-30", "acq_time": "13", "satellite": "N21", "instrument": "VIIRS", "confidence": "n", "version": "2.0NRT", "bright_ti5": "281.24", "frp": "2.39", "daynight": "N"}}, {"type": "Feature", "geometry": {"type": "Point", "coordinates": [39.61491, 52.54081]}, "properties": {"latitude": "52.54081", "longitude": "39.61491", "bright_ti4": "303.43", "scan": "0.47", "track": "0.48", "acq_date": "2026-09-30", "acq_time": "13", "satellite": "N21", "instrument": "VIIRS", "confidence": "n", "version": "2.0NRT", "bright_ti5": "282.31", "frp": "1.65", "daynight": "N"}}, {"type": "Feature", "geometry": {"type": "Point", "coordinates": [39.64132, 52.54447]}, "properties": {"latitude": "52.54447", "longitude": "39.64132", "bright_ti4": "298.46", "scan": "0.47", "track": "0.48", "acq_date": "2026-09-30", "acq_time": "13", "satellite": "N21", "instrument": "VIIRS", "confidence": "n", "version": "2.0NRT", "bright_ti5": "281.51", "frp": "2.51", "daynight": "N"}}, {"type": "Feature", "geometry": {"type": "Point", "coordinates": [39.63355, 52.54563]}, "properties": {"latitude": "52.54563", "longitude": "39.63355", "bright_ti4": "329.78", "scan": "0.47", "track": "0.48", "acq_date": "2026-09-30", "acq_time": "13", "satellite": "N21", "instrument": "VIIRS", "confidence": "n", "version": "2.0NRT", "bright_ti5": "282.39", "frp": "4.91", "daynight": "N"}}, {"type": "Feature", "geometry": {"type": "Point", "coordinates": [39.63483, 52.54616]}, "properties": {"latitude": "52.54616", "longitude": "39.63483", "bright_ti4": "324.91", "scan": "0.47", "track": "0.48", "acq_date": "2026-09-30", "acq_time": "13", "satellite": "N21", "instrument": "VIIRS", "confidence": "n", "version": "2.0NRT", "bright_ti5": "282.03", "frp": "2.51", "daynight": "N"}}, {"type": "Feature", "geometry": {"type": "Point", "coordinates": [39.64293, 52.54803]}, "properties": {"latitude": "52.54803", "longitude": "39.64293", "bright_ti4": "302.2", "scan": "0.47", "track": "0.48", "acq_date": "2026-09-30", "acq_time": "13", "satellite": "N21", "instrument": "VIIRS", "confidence": "n", "version": "2.0NRT", "bright_ti5": "281.1", "frp": "1.13", "daynight": "N"}}, {"type": "Feature", "geometry": {"type": "Point", "coordinates": [39.61695, 52.55465]}, "properties": {"latitude": "52.55465", "longitude": "39.61695", "bright_ti4": "315.16", "scan": "0.47", "track": "0.48", "acq_date": "2026-09-30", "acq_time": "13", "satellite": "N21", "instrument": "VIIRS", "confidence": "n", "version": "2.0NRT", "bright_ti5": "282.62", "frp": "2.06", "daynight": "N"}}, {"type": "Feature", "geometry": {"type": "Point", "coordinates": [51.66519, 52.55469]}, "properties": {"latitude": "52.55469", "longitude": "51.66519", "bright_ti4": "296.49", "scan": "0.66", "track": "0.73", "acq_date": "2026-09-30", "acq_time": "13", "satellite": "N21", "instrument": "VIIRS", "confidence": "n", "version": "2.0NRT", "bright_ti5": "274.2", "frp": "1.25", "daynight": "N"}}, {"type": "Feature", "geometry": {"type": "Point", "coordinates": [39.5789, 52.55479]}, "properties": {"latitude": "52.55479", "longitude": "39.5789", "bright_ti4": "298.76", "scan": "0.47", "track": "0.48", "acq_date": "2026-09-30", "acq_time": "13", "satellite": "N21", "instrument": "VIIRS", "confidence": "n", "version": "2.0NRT", "bright_ti5": "280.53", "frp": "3.01", "daynight": "N"}}, {"type": "Feature", "geometry": {"type": "Point", "coordinates": [39.6183, 52.55527]}, "properties": {"latitude": "52.55527", "longitude": "39.6183", "bright_ti4": "302.76", "scan": "0.47", "track": "0.48", "acq_date": "2026-09-30", "acq_time": "13", "satellite": "N21", "instrument": "VIIRS", "confidence": "n", "version": "2.0NRT", "bright_ti5": "282.54", "frp": "6.52", "daynight": "N"}}, {"type": "Feature", "geometry": {"type": "Point", "coordinates": [39.59607, 52.55626]}, "properties": {"latitude": "52.55626", "longitude": "39.59607", "bright_ti4": "299.62", "scan": "0.47", "track": "0.48", "acq_date": "2026-09-30", "acq_time": "13", "satellite": "N21", "instrument": "VIIRS", "confidence": "n", "version": "2.0NRT", "bright_ti5": "284.03", "frp": "1.49", "daynight": "N"}}, {"type": "Feature", "geometry": {"type": "Point", "coordinates": [51.67306, 52.55639]}, "properties": {"latitude": "52.55639", "longitude": "51.67306", "bright_ti4": "295.47", "scan": "0.66", "track": "0.73", "acq_date": "2026-09-30", "acq_time": "13", "satellite": "N21", "instrument": "VIIRS", "confidence": "n", "version": "2.0NRT", "bright_ti5": "272.94", "frp": "1.16", "daynight": "N"}}, {"type": "Feature", "geometry": {"type": "Point", "coordinates": [39.57254, 52.55641]}, "properties": {"latitude": "52.55641", "longitude": "39.57254", "bright_ti4": "330.89", "scan": "0.47", "track": "0.48", "acq_date": "2026-09-30", "acq_time": "13", "satellite": "N21", "instrument": "VIIRS", "confidence": "n", "version": "2.0NRT", "bright_ti5": "285.77", "frp": "3.01", "daynight": "N"}}, {"type": "Feature", "geometry": {"type": "Point", "coordinates": [39.57404, 52.55721]}, "properties": {"latitude": "52.55721", "longitude": "39.57404", "bright_ti4": "336.44", "scan": "0.47", "track": "0.48", "acq_date": "2026-09-30", "acq_time": "13", "satellite": "N21", "instrument": "VIIRS", "confidence": "n", "version": "2.0NRT", "bright_ti5": "287.7", "frp": "6.33", "daynight": "N"}}, {"type": "Feature", "geometry": {"type": "Point", "coordinates": [39.58966, 52.55793]}, "properties": {"latitude": "52.55793", "longitude": "39.58966", "bright_ti4": "297.23", "scan": "0.47", "track": "0.48", "acq_date": "2026-09-30", "acq_time": "13", "satellite": "N21", "instrument": "VIIRS", "confidence": "n", "version": "2.0NRT", "bright_ti5": "282.31", "frp": "1.71", "daynight": "N"}}, {"type": "Feature", "geometry": {"type": "Point", "coordinates": [39.61981, 52.55871]}, "properties": {"latitude": "52.55871", "longitude": "39.61981", "bright_ti4": "299.43", "scan": "0.47", "track": "0.48", "acq_date": "2026-09-30", "acq_time": "13", "satellite": "N21", "instrument": "VIIRS", "confidence": "n", "version": "2.0NRT", "bright_ti5": "281.93", "frp": "2.06", "daynight": "N"}}, {"type": "Feature", "geometry": {"type": "Point", "coordinates": [39.7002, 52.56281]}, "properties": {"latitude": "52.56281", "longitude": "39.7002", "bright_ti4": "298.82", "scan": "0.47", "track": "0.48", "acq_date": "2026-09-30", "acq_time": "13", "satellite": "N21", "instrument": "VIIRS", "confidence": "n", "version": "2.0NRT", "bright_ti5": "281.84", "frp": "2.21", "daynight": "N"}}, {"type": "Feature", "geometry": {"type": "Point", "coordinates": [50.99472, 53.18667]}, "properties": {"latitude": "53.18667", "longitude": "50.99472", "bright_ti4": "330.81", "scan": "0.59", "track": "0.7", "acq_date": "2026-09-30", "acq_time": "13", "satellite": "N21", "instrument": "VIIRS", "confidence": "n", "version": "2.0NRT", "bright_ti5": "276.42", "frp": "5.25", "daynight": "N"}}, {"type": "Feature", "geometry": {"type": "Point", "coordinates": [50.99924, 53.18765]}, "properties": {"latitude": "53.18765", "longitude": "50.99924", "bright_ti4": "337.28", "scan": "0.59", "track": "0.7", "acq_date": "2026-09-30", "acq_time": "13", "satellite": "N21", "instrument": "VIIRS", "confidence": "n", "version": "2.0NRT", "bright_ti5": "276.52", "frp": "7.39", "daynight": "N"}}, {"type": "Feature", "geometry": {"type": "Point", "coordinates": [51.01279, 53.19017]}, "properties": {"latitude": "53.19017", "longitude": "51.01279", "bright_ti4": "296.55", "scan": "0.59", "track": "0.7", "acq_date": "2026-09-30", "acq_time": "13", "satellite": "N21", "instrument": "VIIRS", "confidence": "n", "version": "2.0NRT", "bright_ti5": "274.65", "frp": "3.04", "daynight": "N"}}, {"type": "Feature", "geometry": {"type": "Point", "coordinates": [32.01152, 53.39385]}, "properties": {"latitude": "53.39385", "longitude": "32.01152", "bright_ti4": "296.52", "scan": "0.4", "track": "0.37", "acq_date": "2026-09-30", "acq_time": "13", "satellite": "N21", "instrument": "VIIRS", "confidence": "n", "version": "2.0NRT", "bright_ti5": "279.48", "frp": "0.81", "daynight": "N"}}, {"type": "Feature", "geometry": {"type": "Point", "coordinates": [38.18223, 54.0848]}, "properties": {"latitude": "54.0848", "longitude": "38.18223", "bright_ti4": "300.36", "scan": "0.57", "track": "0.43", "acq_date": "2026-09-30", "acq_time": "13", "satellite": "N21", "instrument": "VIIRS", "confidence": "n", "version": "2.0NRT", "bright_ti5": "281.71", "frp": "1.81", "daynight": "N"}}, {"type": "Feature", "geometry": {"type": "Point", "coordinates": [37.72124, 54.14143]}, "properties": {"latitude": "54.14143", "longitude": "37.72124", "bright_ti4": "302.34", "scan": "0.55", "track": "0.43", "acq_date": "2026-09-30", "acq_time": "13", "satellite": "N21", "instrument": "VIIRS", "confidence": "n", "version": "2.0NRT", "bright_ti5": "274.74", "frp": "1.81", "daynight": "N"}}, {"type": "Feature", "geometry": {"type": "Point", "coordinates": [37.71857, 54.16819]}, "properties": {"latitude": "54.16819", "longitude": "37.71857", "bright_ti4": "303.03", "scan": "0.55", "track": "0.43", "acq_date": "2026-09-30", "acq_time": "13", "satellite": "N21", "instrument": "VIIRS", "confidence": "n", "version": "2.0NRT", "bright_ti5": "277", "frp": "1.54", "daynight": "N"}}, {"type": "Feature", "geometry": {"type": "Point", "coordinates": [37.71255, 54.16879]}, "properties": {"latitude": "54.16879", "longitude": "37.71255", "bright_ti4": "306.57", "scan": "0.55", "track": "0.43", "acq_date": "2026-09-30", "acq_time": "13", "satellite": "N21", "instrument": "VIIRS", "confidence": "n", "version": "2.0NRT", "bright_ti5": "277.69", "frp": "2.02", "daynight": "N"}}, {"type": "Feature", "geometry": {"type": "Point", "coordinates": [38.92466, 54.21295]}, "properties": {"latitude": "54.21295", "longitude": "38.92466", "bright_ti4": "316.12", "scan": "0.4", "track": "0.44", "acq_date": "2026-09-30", "acq_time": "13", "satellite": "N21", "instrument": "VIIRS", "confidence": "n", "version": "2.0NRT", "bright_ti5": "282.96", "frp": "2.06", "daynight": "N"}}, {"type": "Feature", "geometry": {"type": "Point", "coordinates": [38.87262, 54.24401]}, "properties": {"latitude": "54.24401", "longitude": "38.87262", "bright_ti4": "308.25", "scan": "0.4", "track": "0.44", "acq_date": "2026-09-30", "acq_time": "13", "satellite": "N21", "instrument": "VIIRS", "confidence": "n", "version": "2.0NRT", "bright_ti5": "278.54", "frp": "1.06", "daynight": "N"}}, {"type": "Feature", "geometry": {"type": "Point", "coordinates": [56.10892, 54.8445]}, "properties": {"latitude": "54.8445", "longitude": "56.10892", "bright_ti4": "308.23", "scan": "0.74", "track": "0.76", "acq_date": "2026-09-30", "acq_time": "13", "satellite": "N21", "instrument": "VIIRS", "confidence": "n", "version": "2.0NRT", "bright_ti5": "276.52", "frp": "2.74", "daynight": "N"}}, {"type": "Feature", "geometry": {"type": "Point", "coordinates": [38.83537, 55.06029]}, "properties": {"latitude": "55.06029", "longitude": "38.83537", "bright_ti4": "299.15", "scan": "0.57", "track": "0.43", "acq_date": "2026-09-30", "acq_time": "13", "satellite": "N21", "instrument": "VIIRS", "confidence": "n", "version": "2.0NRT", "bright_ti5": "279.27", "frp": "1.35", "daynight": "N"}}, {"type": "Feature", "geometry": {"type": "Point", "coordinates": [21.80023, 55.09427]}, "properties": {"latitude": "55.09427", "longitude": "21.80023", "bright_ti4": "299.34", "scan": "0.57", "track": "0.43", "acq_date": "2026-09-30", "acq_time": "13", "satellite": "N21", "instrument": "VIIRS", "confidence": "n", "version": "2.0NRT", "bright_ti5": "280.29", "frp": "1.16", "daynight": "N"}}, {"type": "Feature", "geometry": {"type": "Point", "coordinates": [37.76203, 55.55335]}, "properties": {"latitude": "55.55335", "longitude": "37.76203", "bright_ti4": "324.81", "scan": "0.51", "track": "0.41", "acq_date": "2026-09-30", "acq_time": "13", "satellite": "N21", "instrument": "VIIRS", "confidence": "n", "version": "2.0NRT", "bright_ti5": "280.2", "frp": "3.65", "daynight": "N"}}, {"type": "Feature", "geometry": {"type": "Point", "coordinates": [42.57006, 55.57599]}, "properties": {"latitude": "55.57599", "longitude": "42.57006", "bright_ti4": "299.25", "scan": "0.49", "track": "0.48", "acq_date": "2026-09-30", "acq_time": "13", "satellite": "N21", "instrument": "VIIRS", "confidence": "n", "version": "2.0NRT", "bright_ti5": "270.66", "frp": "0.24", "daynight": "N"}}, {"type": "Feature", "geometry": {"type": "Point", "coordinates": [51.90471, 55.59813]}, "properties": {"latitude": "55.59813", "longitude": "51.90471", "bright_ti4": "298.13", "scan": "0.51", "track": "0.66", "acq_date": "2026-09-30", "acq_time": "13", "satellite": "N21", "instrument": "VIIRS", "confidence": "n", "version": "2.0NRT", "bright_ti5": "279.44", "frp": "1.69", "daynight": "N"}}, {"type": "Feature", "geometry": {"type": "Point", "coordinates": [51.90545, 55.60215]}, "properties": {"latitude": "55.60215", "longitude": "51.90545", "bright_ti4": "303.39", "scan": "0.51", "track": "0.66", "acq_date": "2026-09-30", "acq_time": "13", "satellite": "N21", "instrument": "VIIRS", "confidence": "n", "version": "2.0NRT", "bright_ti5": "279.49", "frp": "1.48", "daynight": "N"}}, {"type": "Feature", "geometry": {"type": "Point", "coordinates": [51.94279, 55.60582]}, "properties": {"latitude": "55.60582", "longitude": "51.94279", "bright_ti4": "302.41", "scan": "0.51", "track": "0.66", "acq_date": "2026-09-30", "acq_time": "13", "satellite": "N21", "instrument": "VIIRS", "confidence": "n", "version": "2.0NRT", "bright_ti5": "280.82", "frp": "1.23", "daynight": "N"}}, {"type": "Feature", "geometry": {"type": "Point", "coordinates": [51.95045, 55.6074]}, "properties": {"latitude": "55.6074", "longitude": "51.95045", "bright_ti4": "296.79", "scan": "0.51", "track": "0.66", "acq_date": "2026-09-30", "acq_time": "13", "satellite": "N21", "instrument": "VIIRS", "confidence": "n", "version": "2.0NRT", "bright_ti5": "281.31", "frp": "1.15", "daynight": "N"}}, {"type": "Feature", "geometry": {"type": "Point", "coordinates": [51.94365, 55.60991]}, "properties": {"latitude": "55.60991", "longitude": "51.94365", "bright_ti4": "295.78", "scan": "0.51", "track": "0.66", "acq_date": "2026-09-30", "acq_time": "13", "satellite": "N21", "instrument": "VIIRS", "confidence": "n", "version": "2.0NRT", "bright_ti5": "281.41", "frp": "1.15", "daynight": "N"}}, {"type": "Feature", "geometry": {"type": "Point", "coordinates": [32.82393, 56.25485]}, "properties": {"latitude": "56.25485", "longitude": "32.82393", "bright_ti4": "296.85", "scan": "0.39", "track": "0.36", "acq_date": "2026-09-30", "acq_time": "13", "satellite": "N21", "instrument": "VIIRS", "confidence": "n", "version": "2.0NRT", "bright_ti5": "277.42", "frp": "0.48", "daynight": "N"}}, {"type": "Feature", "geometry": {"type": "Point", "coordinates": [39.7789, 57.53371]}, "properties": {"latitude": "57.53371", "longitude": "39.7789", "bright_ti4": "299.92", "scan": "0.52", "track": "0.42", "acq_date": "2026-09-30", "acq_time": "13", "satellite": "N21", "instrument": "VIIRS", "confidence": "n", "version": "2.0NRT", "bright_ti5": "279.05", "frp": "0.91", "daynight": "N"}}, {"type": "Feature", "geometry": {"type": "Point", "coordinates": [39.75533, 57.55176]}, "properties": {"latitude": "57.55176", "longitude": "39.75533", "bright_ti4": "299.41", "scan": "0.52", "track": "0.42", "acq_date": "2026-09-30", "acq_time": "13", "satellite": "N21", "instrument": "VIIRS", "confidence": "n", "version": "2.0NRT", "bright_ti5": "279.28", "frp": "1.11", "daynight": "N"}}, {"type": "Feature", "geometry": {"type": "Point", "coordinates": [37.80781, 59.13728]}, "properties": {"latitude": "59.13728", "longitude": "37.80781", "bright_ti4": "298.34", "scan": "0.43", "track": "0.38", "acq_date": "2026-09-30", "acq_time": "13", "satellite": "N21", "instrument": "VIIRS", "confidence": "n", "version": "2.0NRT", "bright_ti5": "274.53", "frp": "0.92", "daynight": "N"}}, {"type": "Feature", "geometry": {"type": "Point", "coordinates": [37.85361, 59.14319]}, "properties": {"latitude": "59.14319", "longitude": "37.85361", "bright_ti4": "300.06", "scan": "0.44", "track": "0.38", "acq_date": "2026-09-30", "acq_time": "13", "satellite": "N21", "instrument": "VIIRS", "confidence": "n", "version": "2.0NRT", "bright_ti5": "280.5", "frp": "1.09", "daynight": "N"}}, {"type": "Feature", "geometry": {"type": "Point", "coordinates": [37.84646, 59.14464]}, "properties": {"latitude": "59.14464", "longitude": "37.84646", "bright_ti4": "304.06", "scan": "0.44", "track": "0.38", "acq_date": "2026-09-30", "acq_time": "13", "satellite": "N21", "instrument": "VIIRS", "confidence": "n", "version": "2.0NRT", "bright_ti5": "282.72", "frp": "1.09", "daynight": "N"}}, {"type": "Feature", "geometry": {"type": "Point", "coordinates": [37.84901, 59.14793]}, "properties": {"latitude": "59.14793", "longitude": "37.84901", "bright_ti4": "301.05", "scan": "0.44", "track": "0.38", "acq_date": "2026-09-30", "acq_time": "13", "satellite": "N21", "instrument": "VIIRS", "confidence": "n", "version": "2.0NRT", "bright_ti5": "280.79", "frp": "1.09", "daynight": "N"}}, {"type": "Feature", "geometry": {"type": "Point", "coordinates": [37.86585, 59.14831]}, "properties": {"latitude": "59.14831", "longitude": "37.86585", "bright_ti4": "341.15", "scan": "0.44", "track": "0.38", "acq_date": "2026-09-30", "acq_time": "13", "satellite": "N21", "instrument": "VIIRS", "confidence": "n", "version": "2.0NRT", "bright_ti5": "284.62", "frp": "7.48", "daynight": "N"}}, {"type": "Feature", "geometry": {"type": "Point", "coordinates": [37.88274, 59.14869]}, "properties": {"latitude": "59.14869", "longitude": "37.88274", "bright_ti4": "298.08", "scan": "0.44", "track": "0.38", "acq_date": "2026-09-30", "acq_time": "13", "satellite": "N21", "instrument": "VIIRS", "confidence": "n", "version": "2.0NRT", "bright_ti5": "282.38", "frp": "1.35", "daynight": "N"}}, {"type": "Feature", "geometry": {"type": "Point", "coordinates": [25.52142, 60.29839]}, "properties": {"latitude": "60.29839", "longitude": "25.52142", "bright_ti4": "297.22", "scan": "0.5", "track": "0.41", "acq_date": "2026-09-30", "acq_time": "13", "satellite": "N21", "instrument": "VIIRS", "confidence": "n", "version": "2.0NRT", "bright_ti5": "282.09", "frp": "0.48", "daynight": "N"}}, {"type": "Feature", "geometry": {"type": "Point", "coordinates": [16.78929, 60.61186]}, "properties": {"latitude": "60.61186", "longitude": "16.78929", "bright_ti4": "298.2", "scan": "0.32", "track": "0.55", "acq_date": "2026-09-30", "acq_time": "13", "satellite": "N21", "instrument": "VIIRS", "confidence": "n", "version": "2.0NRT", "bright_ti5": "277.59", "frp": "1.04", "daynight": "N"}}, {"type": "Feature", "geometry": {"type": "Point", "coordinates": [37.80708, 44.73215]}, "properties": {"latitude": "44.73215", "longitude": "37.80708", "bright_ti4": "307.89", "scan": "0.33", "track": "0.56", "acq_date": "2026-09-30", "acq_time": "16", "satellite": "N21", "instrument": "VIIRS", "confidence": "n", "version": "2.0NRT", "bright_ti5": "285.99", "frp": "1.27", "daynight": "N"}}, {"type": "Feature", "geometry": {"type": "Point", "coordinates": [37.80998, 44.73555]}, "properties": {"latitude": "44.73555", "longitude": "37.80998", "bright_ti4": "301.7", "scan": "0.33", "track": "0.56", "acq_date": "2026-09-30", "acq_time": "16", "satellite": "N21", "instrument": "VIIRS", "confidence": "n", "version": "2.0NRT", "bright_ti5": "285.03", "frp": "1.35", "daynight": "N"}}, {"type": "Feature", "geometry": {"type": "Point", "coordinates": [37.66882, 44.8454]}, "properties": {"latitude": "44.8454", "longitude": "37.66882", "bright_ti4": "296.83", "scan": "0.33", "track": "0.55", "acq_date": "2026-09-30", "acq_time": "16", "satellite": "N21", "instrument": "VIIRS", "confidence": "n", "version": "2.0NRT", "bright_ti5": "284.64", "frp": "0.59", "daynight": "N"}}, {"type": "Feature", "geometry": {"type": "Point", "coordinates": [33.74922, 45.97565]}, "properties": {"latitude": "45.97565", "longitude": "33.74922", "bright_ti4": "296.56", "scan": "0.41", "track": "0.45", "acq_date": "2026-09-30", "acq_time": "16", "satellite": "N21", "instrument": "VIIRS", "confidence": "n", "version": "2.0NRT", "bright_ti5": "282.69", "frp": "0.54", "daynight": "N"}}, {"type": "Feature", "geometry": {"type": "Point", "coordinates": [29.12864, 46.02798]}, "properties": {"latitude": "46.02798", "longitude": "29.12864", "bright_ti4": "307.69", "scan": "0.42", "track": "0.38", "acq_date": "2026-09-30", "acq_time": "16", "satellite": "N21", "instrument": "VIIRS", "confidence": "n", "version": "2.0NRT", "bright_ti5": "281", "frp": "0.87", "daynight": "N"}}, {"type": "Feature", "geometry": {"type": "Point", "coordinates": [29.88383, 46.05346]}, "properties": {"latitude": "46.05346", "longitude": "29.88383", "bright_ti4": "328.54", "scan": "0.44", "track": "0.38", "acq_date": "2026-09-30", "acq_time": "16", "satellite": "N21", "instrument": "VIIRS", "confidence": "n", "version": "2.0NRT", "bright_ti5": "282.6", "frp": "4.74", "daynight": "N"}}, {"type": "Feature", "geometry": {"type": "Point", "coordinates": [34.82597, 46.09164]}, "properties": {"latitude": "46.09164", "longitude": "34.82597", "bright_ti4": "295.95", "scan": "0.45", "track": "0.47", "acq_date": "2026-09-30", "acq_time": "16", "satellite": "N21", "instrument": "VIIRS", "confidence": "n", "version": "2.0NRT", "bright_ti5": "283.8", "frp": "9.02", "daynight": "N"}}, {"type": "Feature", "geometry": {"type": "Point", "coordinates": [34.82803, 46.09571]}, "properties": {"latitude": "46.09571", "longitude": "34.82803", "bright_ti4": "341.34", "scan": "0.45", "track": "0.47", "acq_date": "2026-09-30", "acq_time": "16", "satellite": "N21", "instrument": "VIIRS", "confidence": "n", "version": "2.0NRT", "bright_ti5": "288.22", "frp": "9.02", "daynight": "N"}}, {"type": "Feature", "geometry": {"type": "Point", "coordinates": [34.83009, 46.09978]}, "properties": {"latitude": "46.09978", "longitude": "34.83009", "bright_ti4": "328.82", "scan": "0.45", "track": "0.47", "acq_date": "2026-09-30", "acq_time": "16", "satellite": "N21", "instrument": "VIIRS", "confidence": "n", "version": "2.0NRT", "bright_ti5": "307.67", "frp": "125.49", "daynight": "N"}}, {"type": "Feature", "geometry": {"type": "Point", "coordinates": [34.82454, 46.10112]}, "properties": {"latitude": "46.10112", "longitude": "34.82454", "bright_ti4": "336.95", "scan": "0.45", "track": "0.47", "acq_date": "2026-09-30", "acq_time": "16", "satellite": "N21", "instrument": "VIIRS", "confidence": "n", "version": "2.0NRT", "bright_ti5": "285.56", "frp": "16.46", "daynight": "N"}}, {"type": "Feature", "geometry": {"type": "Point", "coordinates": [34.82661, 46.10519]}, "properties": {"latitude": "46.10519", "longitude": "34.82661", "bright_ti4": "338.92", "scan": "0.45", "track": "0.47", "acq_date": "2026-09-30", "acq_time": "16", "satellite": "N21", "instrument": "VIIRS", "confidence": "n", "version": "2.0NRT", "bright_ti5": "285.56", "frp": "16.46", "daynight": "N"}}, {"type": "Feature", "geometry": {"type": "Point", "coordinates": [34.82866, 46.10926]}, "properties": {"latitude": "46.10926", "longitude": "34.82866", "bright_ti4": "325.26", "scan": "0.45", "track": "0.47", "acq_date": "2026-09-30", "acq_time": "16", "satellite": "N21", "instrument": "VIIRS", "confidence": "n", "version": "2.0NRT", "bright_ti5": "284.38", "frp": "3.43", "daynight": "N"}}, {"type": "Feature", "geometry": {"type": "Point", "coordinates": [35.0897, 46.55936]}, "properties": {"latitude": "46.55936", "longitude": "35.0897", "bright_ti4": "304.98", "scan": "0.45", "track": "0.47", "acq_date": "2026-09-30", "acq_time": "16", "satellite": "N21", "instrument": "VIIRS", "confidence": "n", "version": "2.0NRT", "bright_ti5": "281.59", "frp": "1.19", "daynight": "N"}}, {"type": "Feature", "geometry": {"type": "Point", "coordinates": [33.35863, 46.8003]}, "properties": {"latitude": "46.8003", "longitude": "33.35863", "bright_ti4": "308.01", "scan": "0.56", "track": "0.43", "acq_date": "2026-09-30", "acq_time": "16", "satellite": "N21", "instrument": "VIIRS", "confidence": "n", "version": "2.0NRT", "bright_ti5": "282.47", "frp": "1.72", "daynight": "N"}}, {"type": "Feature", "geometry": {"type": "Point", "coordinates": [26.03096, 46.89521]}, "properties": {"latitude": "46.89521", "longitude": "26.03096", "bright_ti4": "303.76", "scan": "0.38", "track": "0.36", "acq_date": "2026-09-30", "acq_time": "16", "satellite": "N21", "instrument": "VIIRS", "confidence": "n", "version": "2.0NRT", "bright_ti5": "279.95", "frp": "0.75", "daynight": "N"}}, {"type": "Feature", "geometry": {"type": "Point", "coordinates": [22.33412, 47.03741]}, "properties": {"latitude": "47.03741", "longitude": "22.33412", "bright_ti4": "295.35", "scan": "0.45", "track": "0.39", "acq_date": "2026-09-30", "acq_time": "16", "satellite": "N21", "instrument": "VIIRS", "confidence": "n", "version": "2.0NRT", "bright_ti5": "283.62", "frp": "0.42", "daynight": "N"}}, {"type": "Feature", "geometry": {"type": "Point", "coordinates": [31.75873, 47.1733]}, "properties": {"latitude": "47.1733", "longitude": "31.75873", "bright_ti4": "298.31", "scan": "0.48", "track": "0.4", "acq_date": "2026-09-30", "acq_time": "16", "satellite": "N21", "instrument": "VIIRS", "confidence": "n", "version": "2.0NRT", "bright_ti5": "283.37", "frp": "1.08", "daynight": "N"}}, {"type": "Feature", "geometry": {"type": "Point", "coordinates": [33.58639, 47.23384]}, "properties": {"latitude": "47.23384", "longitude": "33.58639", "bright_ti4": "299.42", "scan": "0.56", "track": "0.43", "acq_date": "2026-09-30", "acq_time": "16", "satellite": "N21", "instrument": "VIIRS", "confidence": "n", "version": "2.0NRT", "bright_ti5": "280.93", "frp": "0.74", "daynight": "N"}}, {"type": "Feature", "geometry": {"type": "Point", "coordinates": [36.65325, 47.35097]}, "properties": {"latitude": "47.35097", "longitude": "36.65325", "bright_ti4": "327.55", "scan": "0.5", "track": "0.49", "acq_date": "2026-09-30", "acq_time": "16", "satellite": "N21", "instrument": "VIIRS", "confidence": "n", "version": "2.0NRT", "bright_ti5": "280.97", "frp": "4.64", "daynight": "N"}}, {"type": "Feature", "geometry": {"type": "Point", "coordinates": [34.88496, 47.57764]}, "properties": {"latitude": "47.57764", "longitude": "34.88496", "bright_ti4": "315.17", "scan": "0.42", "track": "0.45", "acq_date": "2026-09-30", "acq_time": "16", "satellite": "N21", "instrument": "VIIRS", "confidence": "n", "version": "2.0NRT", "bright_ti5": "282.01", "frp": "2.37", "daynight": "N"}}, {"type": "Feature", "geometry": {"type": "Point", "coordinates": [29.01786, 47.78572]}, "properties": {"latitude": "47.78572", "longitude": "29.01786", "bright_ti4": "304.48", "scan": "0.4", "track": "0.37", "acq_date": "2026-09-30", "acq_time": "16", "satellite": "N21", "instrument": "VIIRS", "confidence": "n", "version": "2.0NRT", "bright_ti5": "281.5", "frp": "1.58", "daynight": "N"}}, {"type": "Feature", "geometry": {"type": "Point", "coordinates": [33.41212, 47.87395]}, "properties": {"latitude": "47.87395", "longitude": "33.41212", "bright_ti4": "299.2", "scan": "0.54", "track": "0.42", "acq_date": "2026-09-30", "acq_time": "16", "satellite": "N21", "instrument": "VIIRS", "confidence": "n", "version": "2.0NRT", "bright_ti5": "283.67", "frp": "1.74", "daynight": "N"}}, {"type": "Feature", "geometry": {"type": "Point", "coordinates": [37.59996, 48.248]}, "properties": {"latitude": "48.248", "longitude": "37.59996", "bright_ti4": "297.86", "scan": "0.52", "track": "0.5", "acq_date": "2026-09-30", "acq_time": "16", "satellite": "N21", "instrument": "VIIRS", "confidence": "n", "version": "2.0NRT", "bright_ti5": "279.23", "frp": "1.21", "daynight": "N"}}, {"type": "Feature", "geometry": {"type": "Point", "coordinates": [14.33744, 48.26846]}, "properties": {"latitude": "48.26846", "longitude": "14.33744", "bright_ti4": "312.1", "scan": "0.33", "track": "0.55", "acq_date": "2026-09-30", "acq_time": "16", "satellite": "N21", "instrument": "VIIRS", "confidence": "n", "version": "2.0NRT", "bright_ti5": "284.42", "frp": "2.46", "daynight": "N"}}, {"type": "Feature", "geometry": {"type": "Point", "coordinates": [14.33969, 48.271]}, "properties": {"latitude": "48.271", "longitude": "14.33969", "bright_ti4": "315.7", "scan": "0.33", "track": "0.55", "acq_date": "2026-09-30", "acq_time": "16", "satellite": "N21", "instrument": "VIIRS", "confidence": "n", "version": "2.0NRT", "bright_ti5": "285.28", "frp": "3.06", "daynight": "N"}}, {"type": "Feature", "geometry": {"type": "Point", "coordinates": [14.33519, 48.2712]}, "properties": {"latitude": "48.2712", "longitude": "14.33519", "bright_ti4": "298.1", "scan": "0.33", "track": "0.55", "acq_date": "2026-09-30", "acq_time": "16", "satellite": "N21", "instrument": "VIIRS", "confidence": "n", "version": "2.0NRT", "bright_ti5": "286.03", "frp": "3.27", "daynight": "N"}}, {"type": "Feature", "geometry": {"type": "Point", "coordinates": [14.32614, 48.27159]}, "properties": {"latitude": "48.27159", "longitude": "14.32614", "bright_ti4": "296.77", "scan": "0.33", "track": "0.56", "acq_date": "2026-09-30", "acq_time": "16", "satellite": "N21", "instrument": "VIIRS", "confidence": "n", "version": "2.0NRT", "bright_ti5": "286.64", "frp": "1.08", "daynight": "N"}}, {"type": "Feature", "geometry": {"type": "Point", "coordinates": [14.34689, 48.27314]}, "properties": {"latitude": "48.27314", "longitude": "14.34689", "bright_ti4": "297.94", "scan": "0.33", "track": "0.55", "acq_date": "2026-09-30", "acq_time": "16", "satellite": "N21", "instrument": "VIIRS", "confidence": "n", "version": "2.0NRT", "bright_ti5": "284.6", "frp": "3.13", "daynight": "N"}}, {"type": "Feature", "geometry": {"type": "Point", "coordinates": [14.33793, 48.27357]}, "properties": {"latitude": "48.27357", "longitude": "14.33793", "bright_ti4": "345.6", "scan": "0.33", "track": "0.55", "acq_date": "2026-09-30", "acq_time": "16", "satellite": "N21", "instrument": "VIIRS", "confidence": "n", "version": "2.0NRT", "bright_ti5": "290.41", "frp": "2.46", "daynight": "N"}}, {"type": "Feature", "geometry": {"type": "Point", "coordinates": [14.33343, 48.27379]}, "properties": {"latitude": "48.27379", "longitude": "14.33343", "bright_ti4": "303.53", "scan": "0.33", "track": "0.55", "acq_date": "2026-09-30", "acq_time": "16", "satellite": "N21", "instrument": "VIIRS", "confidence": "n", "version": "2.0NRT", "bright_ti5": "287.16", "frp": "2.46", "daynight": "N"}}, {"type": "Feature", "geometry": {"type": "Point", "coordinates": [14.32891, 48.27401]}, "properties": {"latitude": "48.27401", "longitude": "14.32891", "bright_ti4": "298.03", "scan": "0.33", "track": "0.55", "acq_date": "2026-09-30", "acq_time": "16", "satellite": "N21", "instrument": "VIIRS", "confidence": "n", "version": "2.0NRT", "bright_ti5": "287.42", "frp": "0.75", "daynight": "N"}}, {"type": "Feature", "geometry": {"type": "Point", "coordinates": [14.32438, 48.27423]}, "properties": {"latitude": "48.27423", "longitude": "14.32438", "bright_ti4": "301.9", "scan": "0.33", "track": "0.55", "acq_date": "2026-09-30", "acq_time": "16", "satellite": "N21", "instrument": "VIIRS", "confidence": "n", "version": "2.0NRT", "bright_ti5": "289.27", "frp": "0.75", "daynight": "N"}}, {"type": "Feature", "geometry": {"type": "Point", "coordinates": [14.34916, 48.27573]}, "properties": {"latitude": "48.27573", "longitude": "14.34916", "bright_ti4": "303.78", "scan": "0.33", "track": "0.55", "acq_date": "2026-09-30", "acq_time": "16", "satellite": "N21", "instrument": "VIIRS", "confidence": "n", "version": "2.0NRT", "bright_ti5": "287", "frp": "0.61", "daynight": "N"}}, {"type": "Feature", "geometry": {"type": "Point", "coordinates": [14.34017, 48.27612]}, "properties": {"latitude": "48.27612", "longitude": "14.34017", "bright_ti4": "327.07", "scan": "0.33", "track": "0.55", "acq_date": "2026-09-30", "acq_time": "16", "satellite": "N21", "instrument": "VIIRS", "confidence": "n", "version": "2.0NRT", "bright_ti5": "288.14", "frp": "3.06", "daynight": "N"}}, {"type": "Feature", "geometry": {"type": "Point", "coordinates": [14.33567, 48.27631]}, "properties": {"latitude": "48.27631", "longitude": "14.33567", "bright_ti4": "331.57", "scan": "0.33", "track": "0.55", "acq_date": "2026-09-30", "acq_time": "16", "satellite": "N21", "instrument": "VIIRS", "confidence": "n", "version": "2.0NRT", "bright_ti5": "289.34", "frp": "3.27", "daynight": "N"}}, {"type": "Feature", "geometry": {"type": "Point", "coordinates": [14.32714, 48.28183]}, "properties": {"latitude": "48.28183", "longitude": "14.32714", "bright_ti4": "303.84", "scan": "0.33", "track": "0.56", "acq_date": "2026-09-30", "acq_time": "16", "satellite": "N21", "instrument": "VIIRS", "confidence": "n", "version": "2.0NRT", "bright_ti5": "288.44", "frp": "0.95", "daynight": "N"}}, {"type": "Feature", "geometry": {"type": "Point", "coordinates": [37.25594, 48.35609]}, "properties": {"latitude": "48.35609", "longitude": "37.25594", "bright_ti4": "298.73", "scan": "0.5", "track": "0.49", "acq_date": "2026-09-30", "acq_time": "16", "satellite": "N21", "instrument": "VIIRS", "confidence": "n", "version": "2.0NRT", "bright_ti5": "279.7", "frp": "1.31", "daynight": "N"}}, {"type": "Feature", "geometry": {"type": "Point", "coordinates": [17.19563, 48.4572]}, "properties": {"latitude": "48.4572", "longitude": "17.19563", "bright_ti4": "301.56", "scan": "0.49", "track": "0.49", "acq_date": "2026-09-30", "acq_time": "16", "satellite": "N21", "instrument": "VIIRS", "confidence": "n", "version": "2.0NRT", "bright_ti5": "286.73", "frp": "0.84", "daynight": "N"}}, {"type": "Feature", "geometry": {"type": "Point", "coordinates": [17.1886, 48.45768]}, "properties": {"latitude": "48.45768", "longitude": "17.1886", "bright_ti4": "296.46", "scan": "0.49", "track": "0.49", "acq_date": "2026-09-30", "acq_time": "16", "satellite": "N21", "instrument": "VIIRS", "confidence": "n", "version": "2.0NRT", "bright_ti5": "285.9", "frp": "1", "daynight": "N"}}, {"type": "Feature", "geometry": {"type": "Point", "coordinates": [34.63262, 48.47169]}, "properties": {"latitude": "48.47169", "longitude": "34.63262", "bright_ti4": "305.21", "scan": "0.39", "track": "0.44", "acq_date": "2026-09-30", "acq_time": "16", "satellite": "N21", "instrument": "VIIRS", "confidence": "n", "version": "2.0NRT", "bright_ti5": "282.71", "frp": "0.94", "daynight": "N"}}, {"type": "Feature", "geometry": {"type": "Point", "coordinates": [34.62766, 48.47282]}, "properties": {"latitude": "48.47282", "longitude": "34.62766", "bright_ti4": "298.06", "scan": "0.39", "track": "0.44", "acq_date": "2026-09-30", "acq_time": "16", "satellite": "N21", "instrument": "VIIRS", "confidence": "n", "version": "2.0NRT", "bright_ti5": "281.42", "frp": "0.94", "daynight": "N"}}, {"type": "Feature", "geometry": {"type": "Point", "coordinates": [34.63367, 48.52065]}, "properties": {"latitude": "48.52065", "longitude": "34.63367", "bright_ti4": "300.95", "scan": "0.39", "track": "0.44", "acq_date": "2026-09-30", "acq_time": "16", "satellite": "N21", "instrument": "VIIRS", "confidence": "n", "version": "2.0NRT", "bright_ti5": "280.98", "frp": "1.12", "daynight": "N"}}, {"type": "Feature", "geometry": {"type": "Point", "coordinates": [34.61868, 48.52407]}, "properties": {"latitude": "48.52407", "longitude": "34.61868", "bright_ti4": "298.87", "scan": "0.39", "track": "0.44", "acq_date": "2026-09-30", "acq_time": "16", "satellite": "N21", "instrument": "VIIRS", "confidence": "n", "version": "2.0NRT", "bright_ti5": "281.21", "frp": "0.65", "daynight": "N"}}, {"type": "Feature", "geometry": {"type": "Point", "coordinates": [21.17942, 48.60298]}, "properties": {"latitude": "48.60298", "longitude": "21.17942", "bright_ti4": "295.76", "scan": "0.51", "track": "0.41", "acq_date": "2026-09-30", "acq_time": "16", "satellite": "N21", "instrument": "VIIRS", "confidence": "n", "version": "2.0NRT", "bright_ti5": "283.12", "frp": "1.74", "daynight": "N"}}, {"type": "Feature", "geometry": {"type": "Point", "coordinates": [21.18714, 48.60603]}, "properties": {"latitude": "48.60603", "longitude": "21.18714", "bright_ti4": "295.16", "scan": "0.5", "track": "0.41", "acq_date": "2026-09-30", "acq_time": "16", "satellite": "N21", "instrument": "VIIRS", "confidence": "n", "version": "2.0NRT", "bright_ti5": "284.84", "frp": "1.74", "daynight": "N"}}, {"type": "Feature", "geometry": {"type": "Point", "coordinates": [21.17927, 48.60645]}, "properties": {"latitude": "48.60645", "longitude": "21.17927", "bright_ti4": "326.12", "scan": "0.5", "track": "0.41", "acq_date": "2026-09-30", "acq_time": "16", "satellite": "N21", "instrument": "VIIRS", "confidence": "n", "version": "2.0NRT", "bright_ti5": "285.82", "frp": "4.91", "daynight": "N"}}, {"type": "Feature", "geometry": {"type": "Point", "coordinates": [21.18032, 48.60672]}, "properties": {"latitude": "48.60672", "longitude": "21.18032", "bright_ti4": "325.72", "scan": "0.51", "track": "0.41", "acq_date": "2026-09-30", "acq_time": "16", "satellite": "N21", "instrument": "VIIRS", "confidence": "n", "version": "2.0NRT", "bright_ti5": "286.33", "frp": "1.74", "daynight": "N"}}, {"type": "Feature", "geometry": {"type": "Point", "coordinates": [21.19485, 48.60907]}, "properties": {"latitude": "48.60907", "longitude": "21.19485", "bright_ti4": "300.26", "scan": "0.5", "track": "0.41", "acq_date": "2026-09-30", "acq_time": "16", "satellite": "N21", "instrument": "VIIRS", "confidence": "n", "version": "2.0NRT", "bright_ti5": "285.51", "frp": "1.81", "daynight": "N"}}, {"type": "Feature", "geometry": {"type": "Point", "coordinates": [21.18788, 48.6132]}, "properties": {"latitude": "48.6132", "longitude": "21.18788", "bright_ti4": "301.32", "scan": "0.5", "track": "0.41", "acq_date": "2026-09-30", "acq_time": "16", "satellite": "N21", "instrument": "VIIRS", "confidence": "n", "version": "2.0NRT", "bright_ti5": "285.43", "frp": "2.78", "daynight": "N"}}, {"type": "Feature", "geometry": {"type": "Point", "coordinates": [21.18894, 48.61351]}, "properties": {"latitude": "48.61351", "longitude": "21.18894", "bright_ti4": "308.6", "scan": "0.5", "track": "0.41", "acq_date": "2026-09-30", "acq_time": "16", "satellite": "N21", "instrument": "VIIRS", "confidence": "n", "version": "2.0NRT", "bright_ti5": "285.5", "frp": "1.88", "daynight": "N"}}, {"type": "Feature", "geometry": {"type": "Point", "coordinates": [21.18211, 48.6142]}, "properties": {"latitude": "48.6142", "longitude": "21.18211", "bright_ti4": "299.81", "scan": "0.51", "track": "0.41", "acq_date": "2026-09-30", "acq_time": "16", "satellite": "N21", "instrument": "VIIRS", "confidence": "n", "version": "2.0NRT", "bright_ti5": "282.25", "frp": "1.88", "daynight": "N"}}, {"type": "Feature", "geometry": {"type": "Point", "coordinates": [21.18983, 48.61725]}, "properties": {"latitude": "48.61725", "longitude": "21.18983", "bright_ti4": "316.31", "scan": "0.5", "track": "0.41", "acq_date": "2026-09-30", "acq_time": "16", "satellite": "N21", "instrument": "VIIRS", "confidence": "n", "version": "2.0NRT", "bright_ti5": "284.19", "frp": "3.06", "daynight": "N"}}, {"type": "Feature", "geometry": {"type": "Point", "coordinates": [24.70875, 48.97468]}, "properties": {"latitude": "48.97468", "longitude": "24.70875", "bright_ti4": "317.24", "scan": "0.41", "track": "0.37", "acq_date": "2026-09-30", "acq_time": "16", "satellite": "N21", "instrument": "VIIRS", "confidence": "n", "version": "2.0NRT", "bright_ti5": "283.49", "frp": "2.68", "daynight": "N"}}, {"type": "Feature", "geometry": {"type": "Point", "coordinates": [35.03857, 49.28999]}, "properties": {"latitude": "49.28999", "longitude": "35.03857", "bright_ti4": "297.68", "scan": "0.38", "track": "0.43", "acq_date": "2026-09-30", "acq_time": "16", "satellite": "N21", "instrument": "VIIRS", "confidence": "n", "version": "2.0NRT", "bright_ti5": "279.97", "frp": "0.6", "daynight": "N"}}, {"type": "Feature", "geometry": {"type": "Point", "coordinates": [6.74563, 49.35636]}, "properties": {"latitude": "49.35636", "longitude": "6.74563", "bright_ti4": "295.84", "scan": "0.76", "track": "0.77", "acq_date": "2026-09-30", "acq_time": "16", "satellite": "N21", "instrument": "VIIRS", "confidence": "n", "version": "2.0NRT", "bright_ti5": "279.66", "frp": "2.29", "daynight": "N"}}, {"type": "Feature", "geometry": {"type": "Point", "coordinates": [6.75022, 49.35976]}, "properties": {"latitude": "49.35976", "longitude": "6.75022", "bright_ti4": "295.88", "scan": "0.76", "track": "0.77", "acq_date": "2026-09-30", "acq_time": "16", "satellite": "N21", "instrument": "VIIRS", "confidence": "n", "version": "2.0NRT", "bright_ti5": "282.23", "frp": "2.73", "daynight": "N"}}, {"type": "Feature", "geometry": {"type": "Point", "coordinates": [34.40753, 49.41836]}, "properties": {"latitude": "49.41836", "longitude": "34.40753", "bright_ti4": "312.26", "scan": "0.54", "track": "0.42", "acq_date": "2026-09-30", "acq_time": "16", "satellite": "N21", "instrument": "VIIRS", "confidence": "n", "version": "2.0NRT", "bright_ti5": "280.47", "frp": "2.24", "daynight": "N"}}, {"type": "Feature", "geometry": {"type": "Point", "coordinates": [18.66181, 49.67883]}, "properties": {"latitude": "49.67883", "longitude": "18.66181", "bright_ti4": "317.99", "scan": "0.44", "track": "0.46", "acq_date": "2026-09-30", "acq_time": "16", "satellite": "N21", "instrument": "VIIRS", "confidence": "n", "version": "2.0NRT", "bright_ti5": "283.08", "frp": "2.67", "daynight": "N"}}, {"type": "Feature", "geometry": {"type": "Point", "coordinates": [36.06248, 49.80992]}, "properties": {"latitude": "49.80992", "longitude": "36.06248", "bright_ti4": "299.7", "scan": "0.41", "track": "0.45", "acq_date": "2026-09-30", "acq_time": "16", "satellite": "N21", "instrument": "VIIRS", "confidence": "n", "version": "2.0NRT", "bright_ti5": "279.63", "frp": "0.73", "daynight": "N"}}, {"type": "Feature", "geometry": {"type": "Point", "coordinates": [37.3969, 50.04038]}, "properties": {"latitude": "50.04038", "longitude": "37.3969", "bright_ti4": "296.97", "scan": "0.45", "track": "0.47", "acq_date": "2026-09-30", "acq_time": "16", "satellite": "N21", "instrument": "VIIRS", "confidence": "n", "version": "2.0NRT", "bright_ti5": "279.4", "frp": "0.53", "daynight": "N"}}, {"type": "Feature", "geometry": {"type": "Point", "coordinates": [37.38829, 50.07043]}, "properties": {"latitude": "50.07043", "longitude": "37.38829", "bright_ti4": "296.46", "scan": "0.45", "track": "0.47", "acq_date": "2026-09-30", "acq_time": "16", "satellite": "N21", "instrument": "VIIRS", "confidence": "n", "version": "2.0NRT", "bright_ti5": "279.76", "frp": "0.85", "daynight": "N"}}, {"type": "Feature", "geometry": {"type": "Point", "coordinates": [30.74492, 50.13614]}, "properties": {"latitude": "50.13614", "longitude": "30.74492", "bright_ti4": "299.49", "scan": "0.41", "track": "0.37", "acq_date": "2026-09-30", "acq_time": "16", "satellite": "N21", "instrument": "VIIRS", "confidence": "n", "version": "2.0NRT", "bright_ti5": "281.85", "frp": "0.75", "daynight": "N"}}, {"type": "Feature", "geometry": {"type": "Point", "coordinates": [18.83215, 50.33079]}, "properties": {"latitude": "50.33079", "longitude": "18.83215", "bright_ti4": "304.34", "scan": "0.44", "track": "0.46", "acq_date": "2026-09-30", "acq_time": "16", "satellite": "N21", "instrument": "VIIRS", "confidence": "n", "version": "2.0NRT", "bright_ti5": "283.04", "frp": "0.85", "daynight": "N"}}, {"type": "Feature", "geometry": {"type": "Point", "coordinates": [19.29066, 50.33308]}, "properties": {"latitude": "50.33308", "longitude": "19.29066", "bright_ti4": "296.48", "scan": "0.42", "track": "0.45", "acq_date": "2026-09-30", "acq_time": "16", "satellite": "N21", "instrument": "VIIRS", "confidence": "n", "version": "2.0NRT", "bright_ti5": "282.86", "frp": "2.03", "daynight": "N"}}, {"type": "Feature", "geometry": {"type": "Point", "coordinates": [19.28479, 50.33356]}, "properties": {"latitude": "50.33356", "longitude": "19.28479", "bright_ti4": "299.92", "scan": "0.42", "track": "0.45", "acq_date": "2026-09-30", "acq_time": "16", "satellite": "N21", "instrument": "VIIRS", "confidence": "n", "version": "2.0NRT", "bright_ti5": "284.95", "frp": "2.03", "daynight": "N"}}, {"type": "Feature", "geometry": {"type": "Point", "coordinates": [19.29152, 50.33722]}, "properties": {"latitude": "50.33722", "longitude": "19.29152", "bright_ti4": "311.2", "scan": "0.42", "track": "0.45", "acq_date": "2026-09-30", "acq_time": "16", "satellite": "N21", "instrument": "VIIRS", "confidence": "n", "version": "2.0NRT", "bright_ti5": "283.69", "frp": "2.03", "daynight": "N"}}, {"type": "Feature", "geometry": {"type": "Point", "coordinates": [19.28565, 50.3377]}, "properties": {"latitude": "50.3377", "longitude": "19.28565", "bright_ti4": "327.73", "scan": "0.42", "track": "0.45", "acq_date": "2026-09-30", "acq_time": "16", "satellite": "N21", "instrument": "VIIRS", "confidence": "n", "version": "2.0NRT", "bright_ti5": "286.09", "frp": "2.03", "daynight": "N"}}, {"type": "Feature", "geometry": {"type": "Point", "coordinates": [19.34048, 50.34163]}, "properties": {"latitude": "50.34163", "longitude": "19.34048", "bright_ti4": "296.69", "scan": "0.42", "track": "0.45", "acq_date": "2026-09-30", "acq_time": "16", "satellite": "N21", "instrument": "VIIRS", "confidence": "n", "version": "2.0NRT", "bright_ti5": "284.7", "frp": "1.02", "daynight": "N"}}, {"type": "Feature", "geometry": {"type": "Point", "coordinates": [19.33463, 50.34211]}, "properties": {"latitude": "50.34211", "longitude": "19.33463", "bright_ti4": "301.96", "scan": "0.42", "track": "0.45", "acq_date": "2026-09-30", "acq_time": "16", "satellite": "N21", "instrument": "VIIRS", "confidence": "n", "version": "2.0NRT", "bright_ti5": "285.22", "frp": "1.02", "daynight": "N"}}, {"type": "Feature", "geometry": {"type": "Point", "coordinates": [19.29324, 50.34551]}, "properties": {"latitude": "50.34551", "longitude": "19.29324", "bright_ti4": "308.81", "scan": "0.42", "track": "0.45", "acq_date": "2026-09-30", "acq_time": "16", "satellite": "N21", "instrument": "VIIRS", "confidence": "n", "version": "2.0NRT", "bright_ti5": "284.42", "frp": "1.45", "daynight": "N"}}, {"type": "Feature", "geometry": {"type": "Point", "coordinates": [30.57821, 50.37875]}, "properties": {"latitude": "50.37875", "longitude": "30.57821", "bright_ti4": "302.35", "scan": "0.41", "track": "0.37", "acq_date": "2026-09-30", "acq_time": "16", "satellite": "N21", "instrument": "VIIRS", "confidence": "n", "version": "2.0NRT", "bright_ti5": "283.67", "frp": "1.22", "daynight": "N"}}, {"type": "Feature", "geometry": {"type": "Point", "coordinates": [18.14264, 50.41618]}, "properties": {"latitude": "50.41618", "longitude": "18.14264", "bright_ti4": "307.04", "scan": "0.47", "track": "0.48", "acq_date": "2026-09-30", "acq_time": "16", "satellite": "N21", "instrument": "VIIRS", "confidence": "n", "version": "2.0NRT", "bright_ti5": "287.51", "frp": "2.23", "daynight": "N"}}, {"type": "Feature", "geometry": {"type": "Point", "coordinates": [18.15007, 50.42008]}, "properties": {"latitude": "50.42008", "longitude": "18.15007", "bright_ti4": "298.64", "scan": "0.47", "track": "0.48", "acq_date": "2026-09-30", "acq_time": "16", "satellite": "N21", "instrument": "VIIRS", "confidence": "n", "version": "2.0NRT", "bright_ti5": "282.7", "frp": "0.65", "daynight": "N"}}, {"type": "Feature", "geometry": {"type": "Point", "coordinates": [30.3651, 50.43857]}, "properties": {"latitude": "50.43857", "longitude": "30.3651", "bright_ti4": "335.17", "scan": "0.4", "track": "0.37", "acq_date": "2026-09-30", "acq_time": "16", "satellite": "N21", "instrument": "VIIRS", "confidence": "n", "version": "2.0NRT", "bright_ti5": "279.23", "frp": "4.59", "daynight": "N"}}, {"type": "Feature", "geometry": {"type": "Point", "coordinates": [30.4814, 50.48266]}, "properties": {"latitude": "50.48266", "longitude": "30.4814", "bright_ti4": "310.78", "scan": "0.4", "track": "0.37", "acq_date": "2026-09-30", "acq_time": "16", "satellite": "N21", "instrument": "VIIRS", "confidence": "n", "version": "2.0NRT", "bright_ti5": "280.18", "frp": "1.76", "daynight": "N"}}, {"type": "Feature", "geometry": {"type": "Point", "coordinates": [19.46857, 50.49032]}, "properties": {"latitude": "50.49032", "longitude": "19.46857", "bright_ti4": "301.08", "scan": "0.41", "track": "0.45", "acq_date": "2026-09-30", "acq_time": "16", "satellite": "N21", "instrument": "VIIRS", "confidence": "n", "version": "2.0NRT", "bright_ti5": "282.84", "frp": "0.83", "daynight": "N"}}, {"type": "Feature", "geometry": {"type": "Point", "coordinates": [26.25836, 50.54319]}, "properties": {"latitude": "50.54319", "longitude": "26.25836", "bright_ti4": "313.73", "scan": "0.39", "track": "0.36", "acq_date": "2026-09-30", "acq_time": "16", "satellite": "N21", "instrument": "VIIRS", "confidence": "n", "version": "2.0NRT", "bright_ti5": "283.84", "frp": "1.5", "daynight": "N"}}, {"type": "Feature", "geometry": {"type": "Point", "coordinates": [13.59365, 50.5752]}, "properties": {"latitude": "50.5752", "longitude": "13.59365", "bright_ti4": "295.84", "scan": "0.37", "track": "0.58", "acq_date": "2026-09-30", "acq_time": "16", "satellite": "N21", "instrument": "VIIRS", "confidence": "n", "version": "2.0NRT", "bright_ti5": "278.14", "frp": "1.26", "daynight": "N"}}, {"type": "Feature", "geometry": {"type": "Point", "coordinates": [13.58845, 50.57537]}, "properties": {"latitude": "50.57537", "longitude": "13.58845", "bright_ti4": "309.1", "scan": "0.37", "track": "0.58", "acq_date": "2026-09-30", "acq_time": "16", "satellite": "N21", "instrument": "VIIRS", "confidence": "n", "version": "2.0NRT", "bright_ti5": "277.31", "frp": "1.54", "daynight": "N"}}, {"type": "Feature", "geometry": {"type": "Point", "coordinates": [30.53062, 50.57806]}, "properties": {"latitude": "50.57806", "longitude": "30.53062", "bright_ti4": "329.23", "scan": "0.4", "track": "0.37", "acq_date": "2026-09-30", "acq_time": "16", "satellite": "N21", "instrument": "VIIRS", "confidence": "n", "version": "2.0NRT", "bright_ti5": "280.58", "frp": "5.28", "daynight": "N"}}, {"type": "Feature", "geometry": {"type": "Point", "coordinates": [30.48639, 50.60027]}, "properties": {"latitude": "50.60027", "longitude": "30.48639", "bright_ti4": "314.06", "scan": "0.4", "track": "0.37", "acq_date": "2026-09-30", "acq_time": "16", "satellite": "N21", "instrument": "VIIRS", "confidence": "n", "version": "2.0NRT", "bright_ti5": "280.04", "frp": "1.04", "daynight": "N"}}, {"type": "Feature", "geometry": {"type": "Point", "coordinates": [20.27187, 50.82535]}, "properties": {"latitude": "50.82535", "longitude": "20.27187", "bright_ti4": "295.92", "scan": "0.39", "track": "0.44", "acq_date": "2026-09-30", "acq_time": "16", "satellite": "N21", "instrument": "VIIRS", "confidence": "n", "version": "2.0NRT", "bright_ti5": "283.81", "frp": "0.75", "daynight": "N"}}, {"type": "Feature", "geometry": {"type": "Point", "coordinates": [21.67623, 50.9282]}, "properties": {"latitude": "50.9282", "longitude": "21.67623", "bright_ti4": "299.29", "scan": "0.51", "track": "0.41", "acq_date": "2026-09-30", "acq_time": "16", "satellite": "N21", "instrument": "VIIRS", "confidence": "n", "version": "2.0NRT", "bright_ti5": "283.77", "frp": "1.26", "daynight": "N"}}, {"type": "Feature", "geometry": {"type": "Point", "coordinates": [21.67589, 50.9289]}, "properties": {"latitude": "50.9289", "longitude": "21.67589", "bright_ti4": "301.95", "scan": "0.51", "track": "0.41", "acq_date": "2026-09-30", "acq_time": "16", "satellite": "N21", "instrument": "VIIRS", "confidence": "n", "version": "2.0NRT", "bright_ti5": "284.39", "frp": "1.15", "daynight": "N"}}, {"type": "Feature", "geometry": {"type": "Point", "coordinates": [37.93138, 51.13511]}, "properties": {"latitude": "51.13511", "longitude": "37.93138", "bright_ti4": "295.83", "scan": "0.45", "track": "0.47", "acq_date": "2026-09-30", "acq_time": "16", "satellite": "N21", "instrument": "VIIRS", "confidence": "n", "version": "2.0NRT", "bright_ti5": "279.8", "frp": "0.83", "daynight": "N"}}, {"type": "Feature", "geometry": {"type": "Point", "coordinates": [37.93478, 51.13811]}, "properties": {"latitude": "51.13811", "longitude": "37.93478", "bright_ti4": "299.91", "scan": "0.45", "track": "0.47", "acq_date": "2026-09-30", "acq_time": "16", "satellite": "N21", "instrument": "VIIRS", "confidence": "n", "version": "2.0NRT", "bright_ti5": "279.62", "frp": "2.29", "daynight": "N"}}, {"type": "Feature", "geometry": {"type": "Point", "coordinates": [37.7638, 51.25869]}, "properties": {"latitude": "51.25869", "longitude": "37.7638", "bright_ti4": "308.71", "scan": "0.44", "track": "0.46", "acq_date": "2026-09-30", "acq_time": "16", "satellite": "N21", "instrument": "VIIRS", "confidence": "n", "version": "2.0NRT", "bright_ti5": "282.65", "frp": "1.83", "daynight": "N"}}, {"type": "Feature", "geometry": {"type": "Point", "coordinates": [6.70403, 51.3625]}, "properties": {"latitude": "51.3625", "longitude": "6.70403", "bright_ti4": "304.98", "scan": "0.76", "track": "0.77", "acq_date": "2026-09-30", "acq_time": "16", "satellite": "N21", "instrument": "VIIRS", "confidence": "n", "version": "2.0NRT", "bright_ti5": "286.57", "frp": "2.91", "daynight": "N"}}, {"type": "Feature", "geometry": {"type": "Point", "coordinates": [6.70948, 51.36703]}, "properties": {"latitude": "51.36703", "longitude": "6.70948", "bright_ti4": "306.03", "scan": "0.76", "track": "0.77", "acq_date": "2026-09-30", "acq_time": "16", "satellite": "N21", "instrument": "VIIRS", "confidence": "n", "version": "2.0NRT", "bright_ti5": "287.35", "frp": "4.57", "daynight": "N"}}, {"type": "Feature", "geometry": {"type": "Point", "coordinates": [6.70463, 51.47975]}, "properties": {"latitude": "51.47975", "longitude": "6.70463", "bright_ti4": "300.38", "scan": "0.76", "track": "0.77", "acq_date": "2026-09-30", "acq_time": "16", "satellite": "N21", "instrument": "VIIRS", "confidence": "n", "version": "2.0NRT", "bright_ti5": "286.96", "frp": "1.81", "daynight": "N"}}, {"type": "Feature", "geometry": {"type": "Point", "coordinates": [6.71567, 51.48008]}, "properties": {"latitude": "51.48008", "longitude": "6.71567", "bright_ti4": "304.35", "scan": "0.76", "track": "0.77", "acq_date": "2026-09-30", "acq_time": "16", "satellite": "N21", "instrument": "VIIRS", "confidence": "n", "version": "2.0NRT", "bright_ti5": "286.67", "frp": "1.81", "daynight": "N"}}, {"type": "Feature", "geometry": {"type": "Point", "coordinates": [6.70404, 51.48687]}, "properties": {"latitude": "51.48687", "longitude": "6.70404", "bright_ti4": "298.88", "scan": "0.76", "track": "0.77", "acq_date": "2026-09-30", "acq_time": "16", "satellite": "N21", "instrument": "VIIRS", "confidence": "n", "version": "2.0NRT", "bright_ti5": "287.35", "frp": "2.88", "daynight": "N"}}, {"type": "Feature", "geometry": {"type": "Point", "coordinates": [34.28598, 51.59647]}, "properties": {"latitude": "51.59647", "longitude": "34.28598", "bright_ti4": "299.75", "scan": "0.48", "track": "0.4", "acq_date": "2026-09-30", "acq_time": "16", "satellite": "N21", "instrument": "VIIRS", "confidence": "n", "version": "2.0NRT", "bright_ti5": "274.42", "frp": "1.27", "daynight": "N"}}, {"type": "Feature", "geometry": {"type": "Point", "coordinates": [15.97661, 51.68377]}, "properties": {"latitude": "51.68377", "longitude": "15.97661", "bright_ti4": "296.74", "scan": "0.6", "track": "0.53", "acq_date": "2026-09-30", "acq_time": "16", "satellite": "N21", "instrument": "VIIRS", "confidence": "n", "version": "2.0NRT", "bright_ti5": "283.72", "frp": "1.58", "daynight": "N"}}, {"type": "Feature", "geometry": {"type": "Point", "coordinates": [15.97752, 51.68603]}, "properties": {"latitude": "51.68603", "longitude": "15.97752", "bright_ti4": "317.55", "scan": "0.6", "track": "0.53", "acq_date": "2026-09-30", "acq_time": "16", "satellite": "N21", "instrument": "VIIRS", "confidence": "n", "version": "2.0NRT", "bright_ti5": "285.51", "frp": "4.34", "daynight": "N"}}, {"type": "Feature", "geometry": {"type": "Point", "coordinates": [29.34169, 51.89048]}, "properties": {"latitude": "51.89048", "longitude": "29.34169", "bright_ti4": "296.33", "scan": "0.39", "track": "0.36", "acq_date": "2026-09-30", "acq_time": "16", "satellite": "N21", "instrument": "VIIRS", "confidence": "n", "version": "2.0NRT", "bright_ti5": "278.11", "frp": "0.98", "daynight": "N"}}, {"type": "Feature", "geometry": {"type": "Point", "coordinates": [29.34308, 51.89371]}, "properties": {"latitude": "51.89371", "longitude": "29.34308", "bright_ti4": "296.4", "scan": "0.39", "track": "0.36", "acq_date": "2026-09-30", "acq_time": "16", "satellite": "N21", "instrument": "VIIRS", "confidence": "n", "version": "2.0NRT", "bright_ti5": "277.57", "frp": "0.81", "daynight": "N"}}, {"type": "Feature", "geometry": {"type": "Point", "coordinates": [34.14492, 52.14834]}, "properties": {"latitude": "52.14834", "longitude": "34.14492", "bright_ti4": "311.87", "scan": "0.47", "track": "0.4", "acq_date": "2026-09-30", "acq_time": "16", "satellite": "N21", "instrument": "VIIRS", "confidence": "n", "version": "2.0NRT", "bright_ti5": "275.44", "frp": "1.15", "daynight": "N"}}, {"type": "Feature", "geometry": {"type": "Point", "coordinates": [8.04594, 52.20678]}, "properties": {"latitude": "52.20678", "longitude": "8.04594", "bright_ti4": "299.98", "scan": "0.66", "track": "0.73", "acq_date": "2026-09-30", "acq_time": "16", "satellite": "N21", "instrument": "VIIRS", "confidence": "n", "version": "2.0NRT", "bright_ti5": "285.59", "frp": "1.55", "daynight": "N"}}, {"type": "Feature", "geometry": {"type": "Point", "coordinates": [8.04256, 52.20791]}, "properties": {"latitude": "52.20791", "longitude": "8.04256", "bright_ti4": "296.72", "scan": "0.67", "track": "0.73", "acq_date": "2026-09-30", "acq_time": "16", "satellite": "N21", "instrument": "VIIRS", "confidence": "n", "version": "2.0NRT", "bright_ti5": "285.75", "frp": "1.64", "daynight": "N"}}, {"type": "Feature", "geometry": {"type": "Point", "coordinates": [32.56644, 52.3544]}, "properties": {"latitude": "52.3544", "longitude": "32.56644", "bright_ti4": "295.72", "scan": "0.42", "track": "0.38", "acq_date": "2026-09-30", "acq_time": "16", "satellite": "N21", "instrument": "VIIRS", "confidence": "n", "version": "2.0NRT", "bright_ti5": "274.14", "frp": "0.61", "daynight": "N"}}, {"type": "Feature", "geometry": {"type": "Point", "coordinates": [32.65923, 52.35494]}, "properties": {"latitude": "52.35494", "longitude": "32.65923", "bright_ti4": "308.82", "scan": "0.43", "track": "0.38", "acq_date": "2026-09-30", "acq_time": "16", "satellite": "N21", "instrument": "VIIRS", "confidence": "n", "version": "2.0NRT", "bright_ti5": "274.95", "frp": "1.49", "daynight": "N"}}, {"type": "Feature", "geometry": {"type": "Point", "coordinates": [7.3156, 52.46384]}, "properties": {"latitude": "52.46384", "longitude": "7.3156", "bright_ti4": "298.9", "scan": "0.71", "track": "0.75", "acq_date": "2026-09-30", "acq_time": "16", "satellite": "N21", "instrument": "VIIRS", "confidence": "n", "version": "2.0NRT", "bright_ti5": "285.25", "frp": "0.9", "daynight": "N"}}, {"type": "Feature", "geometry": {"type": "Point", "coordinates": [19.66489, 52.584]}, "properties": {"latitude": "52.584", "longitude": "19.66489", "bright_ti4": "302.34", "scan": "0.43", "track": "0.46", "acq_date": "2026-09-30", "acq_time": "16", "satellite": "N21", "instrument": "VIIRS", "confidence": "n", "version": "2.0NRT", "bright_ti5": "282.59", "frp": "0.96", "daynight": "N"}}, {"type": "Feature", "geometry": {"type": "Point", "coordinates": [32.22443, 52.80612]}, "properties": {"latitude": "52.80612", "longitude": "32.22443", "bright_ti4": "295.71", "scan": "0.41", "track": "0.37", "acq_date": "2026-09-30", "acq_time": "16", "satellite": "N21", "instrument": "VIIRS", "confidence": "n", "version": "2.0NRT", "bright_ti5": "276.41", "frp": "1.06", "daynight": "N"}}, {"type": "Feature", "geometry": {"type": "Point", "coordinates": [19.48993, 52.89621]}, "properties": {"latitude": "52.89621", "longitude": "19.48993", "bright_ti4": "308.03", "scan": "0.44", "track": "0.46", "acq_date": "2026-09-30", "acq_time": "16", "satellite": "N21", "instrument": "VIIRS", "confidence": "n", "version": "2.0NRT", "bright_ti5": "280.24", "frp": "1.16", "daynight": "N"}}, {"type": "Feature", "geometry": {"type": "Point", "coordinates": [8.67088, 53.13669]}, "properties": {"latitude": "53.13669", "longitude": "8.67088", "bright_ti4": "299.78", "scan": "0.63", "track": "0.72", "acq_date": "2026-09-30", "acq_time": "16", "satellite": "N21", "instrument": "VIIRS", "confidence": "n", "version": "2.0NRT", "bright_ti5": "286.07", "frp": "3.05", "daynight": "N"}}, {"type": "Feature", "geometry": {"type": "Point", "coordinates": [8.67482, 53.13951]}, "properties": {"latitude": "53.13951", "longitude": "8.67482", "bright_ti4": "307.97", "scan": "0.63", "track": "0.72", "acq_date": "2026-09-30", "acq_time": "16", "satellite": "N21", "instrument": "VIIRS", "confidence": "n", "version": "2.0NRT", "bright_ti5": "286.38", "frp": "2.55", "daynight": "N"}}, {"type": "Feature", "geometry": {"type": "Point", "coordinates": [24.44509, 53.26191]}, "properties": {"latitude": "53.26191", "longitude": "24.44509", "bright_ti4": "298.21", "scan": "0.45", "track": "0.39", "acq_date": "2026-09-30", "acq_time": "16", "satellite": "N21", "instrument": "VIIRS", "confidence": "n", "version": "2.0NRT", "bright_ti5": "280.28", "frp": "0.67", "daynight": "N"}}, {"type": "Feature", "geometry": {"type": "Point", "coordinates": [9.89776, 53.522]}, "properties": {"latitude": "53.522", "longitude": "9.89776", "bright_ti4": "317.47", "scan": "0.56", "track": "0.69", "acq_date": "2026-09-30", "acq_time": "16", "satellite": "N21", "instrument": "VIIRS", "confidence": "n", "version": "2.0NRT", "bright_ti5": "285.27", "frp": "4.58", "daynight": "N"}}, {"type": "Feature", "geometry": {"type": "Point", "coordinates": [23.903, 53.6775]}, "properties": {"latitude": "53.6775", "longitude": "23.903", "bright_ti4": "322.15", "scan": "0.47", "track": "0.4", "acq_date": "2026-09-30", "acq_time": "16", "satellite": "N21", "instrument": "VIIRS", "confidence": "n", "version": "2.0NRT", "bright_ti5": "284.67", "frp": "2.39", "daynight": "N"}}, {"type": "Feature", "geometry": {"type": "Point", "coordinates": [40.12201, 38.06837]}, "properties": {"latitude": "38.06837", "longitude": "40.12201", "bright_ti4": "297.06", "scan": "0.68", "track": "0.74", "acq_date": "2026-09-30", "acq_time": "18", "satellite": "N21", "instrument": "VIIRS", "confidence": "n", "version": "2.0NRT", "bright_ti5": "281.88", "frp": "1.21", "daynight": "N"}}, {"type": "Feature", "geometry": {"type": "Point", "coordinates": [40.32965, 38.07942]}, "properties": {"latitude": "38.07942", "longitude": "40.32965", "bright_ti4": "297.38", "scan": "0.7", "track": "0.75", "acq_date": "2026-09-30", "acq_time": "18", "satellite": "N21", "instrument": "VIIRS", "confidence": "n", "version": "2.0NRT", "bright_ti5": "282", "frp": "2.05", "daynight": "N"}}, {"type": "Feature", "geometry": {"type": "Point", "coordinates": [40.81778, 38.08218]}, "properties": {"latitude": "38.08218", "longitude": "40.81778", "bright_ti4": "299.88", "scan": "0.74", "track": "0.76", "acq_date": "2026-09-30", "acq_time": "18", "satellite": "N21", "instrument": "VIIRS", "confidence": "n", "version": "2.0NRT", "bright_ti5": "282.66", "frp": "1.66", "daynight": "N"}}, {"type": "Feature", "geometry": {"type": "Point", "coordinates": [40.2333, 38.16167]}, "properties": {"latitude": "38.16167", "longitude": "40.2333", "bright_ti4": "301.84", "scan": "0.69", "track": "0.74", "acq_date": "2026-09-30", "acq_time": "18", "satellite": "N21", "instrument": "VIIRS", "confidence": "n", "version": "2.0NRT", "bright_ti5": "283.33", "frp": "2.32", "daynight": "N"}}, {"type": "Feature", "geometry": {"type": "Point", "coordinates": [40.22782, 38.16702]}, "properties": {"latitude": "38.16702", "longitude": "40.22782", "bright_ti4": "296.55", "scan": "0.68", "track": "0.74", "acq_date": "2026-09-30", "acq_time": "18", "satellite": "N21", "instrument": "VIIRS", "confidence": "n", "version": "2.0NRT", "bright_ti5": "283.13", "frp": "1.81", "daynight": "N"}}, {"type": "Feature", "geometry": {"type": "Point", "coordinates": [40.57446, 38.24406]}, "properties": {"latitude": "38.24406", "longitude": "40.57446", "bright_ti4": "297.67", "scan": "0.71", "track": "0.75", "acq_date": "2026-09-30", "acq_time": "18", "satellite": "N21", "instrument": "VIIRS", "confidence": "n", "version": "2.0NRT", "bright_ti5": "280.37", "frp": "3.42", "daynight": "N"}}, {"type": "Feature", "geometry": {"type": "Point", "coordinates": [40.55968, 38.24879]}, "properties": {"latitude": "38.24879", "longitude": "40.55968", "bright_ti4": "302.5", "scan": "0.71", "track": "0.75", "acq_date": "2026-09-30", "acq_time": "18", "satellite": "N21", "instrument": "VIIRS", "confidence": "n", "version": "2.0NRT", "bright_ti5": "281.62", "frp": "1.43", "daynight": "N"}}, {"type": "Feature", "geometry": {"type": "Point", "coordinates": [38.72596, 38.45622]}, "properties": {"latitude": "38.45622", "longitude": "38.72596", "bright_ti4": "300.38", "scan": "0.56", "track": "0.69", "acq_date": "2026-09-30", "acq_time": "18", "satellite": "N21", "instrument": "VIIRS", "confidence": "n", "version": "2.0NRT", "bright_ti5": "285.37", "frp": "1.51", "daynight": "N"}}, {"type": "Feature", "geometry": {"type": "Point", "coordinates": [39.23539, 38.6631]}, "properties": {"latitude": "38.6631", "longitude": "39.23539", "bright_ti4": "296.07", "scan": "0.59", "track": "0.7", "acq_date": "2026-09-30", "acq_time": "18", "satellite": "N21", "instrument": "VIIRS", "confidence": "n", "version": "2.0NRT", "bright_ti5": "283.03", "frp": "1.52", "daynight": "N"}}, {"type": "Feature", "geometry": {"type": "Point", "coordinates": [19.72235, 41.54787]}, "properties": {"latitude": "41.54787", "longitude": "19.72235", "bright_ti4": "297.04", "scan": "0.48", "track": "0.4", "acq_date": "2026-09-30", "acq_time": "18", "satellite": "N21", "instrument": "VIIRS", "confidence": "n", "version": "2.0NRT", "bright_ti5": "286.73", "frp": "0.6", "daynight": "N"}}, {"type": "Feature", "geometry": {"type": "Point", "coordinates": [19.39376, 41.93433]}, "properties": {"latitude": "41.93433", "longitude": "19.39376", "bright_ti4": "323.17", "scan": "0.5", "track": "0.41", "acq_date": "2026-09-30", "acq_time": "18", "satellite": "N21", "instrument": "VIIRS", "confidence": "n", "version": "2.0NRT", "bright_ti5": "287.06", "frp": "2.12", "daynight": "N"}}, {"type": "Feature", "geometry": {"type": "Point", "coordinates": [19.38774, 41.93499]}, "properties": {"latitude": "41.93499", "longitude": "19.38774", "bright_ti4": "303.42", "scan": "0.5", "track": "0.41", "acq_date": "2026-09-30", "acq_time": "18", "satellite": "N21", "instrument": "VIIRS", "confidence": "n", "version": "2.0NRT", "bright_ti5": "286.61", "frp": "2.12", "daynight": "N"}}, {"type": "Feature", "geometry": {"type": "Point", "coordinates": [12.71451, 42.00894]}, "properties": {"latitude": "42.00894", "longitude": "12.71451", "bright_ti4": "304.72", "scan": "0.36", "track": "0.57", "acq_date": "2026-09-30", "acq_time": "18", "satellite": "N21", "instrument": "VIIRS", "confidence": "n", "version": "2.0NRT", "bright_ti5": "287.85", "frp": "0.94", "daynight": "N"}}, {"type": "Feature", "geometry": {"type": "Point", "coordinates": [11.83515, 42.23043]}, "properties": {"latitude": "42.23043", "longitude": "11.83515", "bright_ti4": "302.98", "scan": "0.4", "track": "0.6", "acq_date": "2026-09-30", "acq_time": "18", "satellite": "N21", "instrument": "VIIRS", "confidence": "n", "version": "2.0NRT", "bright_ti5": "286.56", "frp": "2.14", "daynight": "N"}}, {"type": "Feature", "geometry": {"type": "Point", "coordinates": [11.83053, 42.23064]}, "properties": {"latitude": "42.23064", "longitude": "11.83053", "bright_ti4": "321.96", "scan": "0.4", "track": "0.6", "acq_date": "2026-09-30", "acq_time": "18", "satellite": "N21", "instrument": "VIIRS", "confidence": "n", "version": "2.0NRT", "bright_ti5": "287.05", "frp": "3.05", "daynight": "N"}}, {"type": "Feature", "geometry": {"type": "Point", "coordinates": [16.44112, 43.54168]}, "properties": {"latitude": "43.54168", "longitude": "16.44112", "bright_ti4": "299.11", "scan": "0.47", "track": "0.48", "acq_date": "2026-09-30", "acq_time": "18", "satellite": "N21", "instrument": "VIIRS", "confidence": "n", "version": "2.0NRT", "bright_ti5": "288.64", "frp": "0.99", "daynight": "N"}}, {"type": "Feature", "geometry": {"type": "Point", "coordinates": [11.83661, 43.6562]}, "properties": {"latitude": "43.6562", "longitude": "11.83661", "bright_ti4": "303.62", "scan": "0.41", "track": "0.6", "acq_date": "2026-09-30", "acq_time": "18", "satellite": "N21", "instrument": "VIIRS", "confidence": "n", "version": "2.0NRT", "bright_ti5": "285.95", "frp": "1.02", "daynight": "N"}}, {"type": "Feature", "geometry": {"type": "Point", "coordinates": [24.30961, 43.94974]}, "properties": {"latitude": "43.94974", "longitude": "24.30961", "bright_ti4": "305.09", "scan": "0.39", "track": "0.36", "acq_date": "2026-09-30", "acq_time": "18", "satellite": "N21", "instrument": "VIIRS", "confidence": "n", "version": "2.0NRT", "bright_ti5": "284.59", "frp": "1.21", "daynight": "N"}}, {"type": "Feature", "geometry": {"type": "Point", "coordinates": [28.30679, 44.23845]}, "properties": {"latitude": "44.23845", "longitude": "28.30679", "bright_ti4": "298.93", "scan": "0.42", "track": "0.38", "acq_date": "2026-09-30", "acq_time": "18", "satellite": "N21", "instrument": "VIIRS", "confidence": "n", "version": "2.0NRT", "bright_ti5": "284.39", "frp": "0.55", "daynight": "N"}}, {"type": "Feature", "geometry": {"type": "Point", "coordinates": [11.91027, 44.2734]}, "properties": {"latitude": "44.2734", "longitude": "11.91027", "bright_ti4": "295.84", "scan": "0.41", "track": "0.6", "acq_date": "2026-09-30", "acq_time": "18", "satellite": "N21", "instrument": "VIIRS", "confidence": "n", "version": "2.0NRT", "bright_ti5": "284.7", "frp": "0.44", "daynight": "N"}}, {"type": "Feature", "geometry": {"type": "Point", "coordinates": [20.96998, 44.60261]}, "properties": {"latitude": "44.60261", "longitude": "20.96998", "bright_ti4": "303.09", "scan": "0.47", "track": "0.39", "acq_date": "2026-09-30", "acq_time": "18", "satellite": "N21", "instrument": "VIIRS", "confidence": "n", "version": "2.0NRT", "bright_ti5": "283.82", "frp": "1.35", "daynight": "N"}}, {"type": "Feature", "geometry": {"type": "Point", "coordinates": [33.85774, 44.77085]}, "properties": {"latitude": "44.77085", "longitude": "33.85774", "bright_ti4": "299.18", "scan": "0.44", "track": "0.46", "acq_date": "2026-09-30", "acq_time": "18", "satellite": "N21", "instrument": "VIIRS", "confidence": "n", "version": "2.0NRT", "bright_ti5": "282.91", "frp": "1.34", "daynight": "N"}}, {"type": "Feature", "geometry": {"type": "Point", "coordinates": [22.4493, 44.87187]}, "properties": {"latitude": "44.87187", "longitude": "22.4493", "bright_ti4": "297.09", "scan": "0.42", "track": "0.38", "acq_date": "2026-09-30", "acq_time": "18", "satellite": "N21", "instrument": "VIIRS", "confidence": "n", "version": "2.0NRT", "bright_ti5": "281.16", "frp": "0.64", "daynight": "N"}}, {"type": "Feature", "geometry": {"type": "Point", "coordinates": [22.47706, 44.90248]}, "properties": {"latitude": "44.90248", "longitude": "22.47706", "bright_ti4": "296.18", "scan": "0.42", "track": "0.38", "acq_date": "2026-09-30", "acq_time": "18", "satellite": "N21", "instrument": "VIIRS", "confidence": "n", "version": "2.0NRT", "bright_ti5": "281.36", "frp": "1.05", "daynight": "N"}}, {"type": "Feature", "geometry": {"type": "Point", "coordinates": [20.00982, 44.90276]}, "properties": {"latitude": "44.90276", "longitude": "20.00982", "bright_ti4": "299.82", "scan": "0.51", "track": "0.41", "acq_date": "2026-09-30", "acq_time": "18", "satellite": "N21", "instrument": "VIIRS", "confidence": "n", "version": "2.0NRT", "bright_ti5": "280.64", "frp": "0.72", "daynight": "N"}}, {"type": "Feature", "geometry": {"type": "Point", "coordinates": [21.20088, 44.96371]}, "properties": {"latitude": "44.96371", "longitude": "21.20088", "bright_ti4": "303.55", "scan": "0.46", "track": "0.39", "acq_date": "2026-09-30", "acq_time": "18", "satellite": "N21", "instrument": "VIIRS", "confidence": "n", "version": "2.0NRT", "bright_ti5": "282.79", "frp": "0.85", "daynight": "N"}}, {"type": "Feature", "geometry": {"type": "Point", "coordinates": [21.20168, 44.9673]}, "properties": {"latitude": "44.9673", "longitude": "21.20168", "bright_ti4": "298.46", "scan": "0.46", "track": "0.39", "acq_date": "2026-09-30", "acq_time": "18", "satellite": "N21", "instrument": "VIIRS", "confidence": "n", "version": "2.0NRT", "bright_ti5": "282.65", "frp": "0.85", "daynight": "N"}}, {"type": "Feature", "geometry": {"type": "Point", "coordinates": [21.20328, 44.97448]}, "properties": {"latitude": "44.97448", "longitude": "21.20328", "bright_ti4": "297.69", "scan": "0.46", "track": "0.39", "acq_date": "2026-09-30", "acq_time": "18", "satellite": "N21", "instrument": "VIIRS", "confidence": "n", "version": "2.0NRT", "bright_ti5": "281.59", "frp": "1.33", "daynight": "N"}}, {"type": "Feature", "geometry": {"type": "Point", "coordinates": [19.41473, 45.00377]}, "properties": {"latitude": "45.00377", "longitude": "19.41473", "bright_ti4": "305.32", "scan": "0.54", "track": "0.42", "acq_date": "2026-09-30", "acq_time": "18", "satellite": "N21", "instrument": "VIIRS", "confidence": "n", "version": "2.0NRT", "bright_ti5": "279.96", "frp": "1.64", "daynight": "N"}}, {"type": "Feature", "geometry": {"type": "Point", "coordinates": [19.73915, 45.01143]}, "properties": {"latitude": "45.01143", "longitude": "19.73915", "bright_ti4": "320.27", "scan": "0.52", "track": "0.42", "acq_date": "2026-09-30", "acq_time": "18", "satellite": "N21", "instrument": "VIIRS", "confidence": "n", "version": "2.0NRT", "bright_ti5": "281.94", "frp": "3.33", "daynight": "N"}}, {"type": "Feature", "geometry": {"type": "Point", "coordinates": [20.61853, 45.0145]}, "properties": {"latitude": "45.0145", "longitude": "20.61853", "bright_ti4": "303.17", "scan": "0.48", "track": "0.4", "acq_date": "2026-09-30", "acq_time": "18", "satellite": "N21", "instrument": "VIIRS", "confidence": "n", "version": "2.0NRT", "bright_ti5": "283.72", "frp": "1.45", "daynight": "N"}}, {"type": "Feature", "geometry": {"type": "Point", "coordinates": [20.61241, 45.01517]}, "properties": {"latitude": "45.01517", "longitude": "20.61241", "bright_ti4": "304.85", "scan": "0.48", "track": "0.4", "acq_date": "2026-09-30", "acq_time": "18", "satellite": "N21", "instrument": "VIIRS", "confidence": "n", "version": "2.0NRT", "bright_ti5": "283.64", "frp": "1.31", "daynight": "N"}}, {"type": "Feature", "geometry": {"type": "Point", "coordinates": [21.35871, 45.02957]}, "properties": {"latitude": "45.02957", "longitude": "21.35871", "bright_ti4": "295.25", "scan": "0.46", "track": "0.39", "acq_date": "2026-09-30", "acq_time": "18", "satellite": "N21", "instrument": "VIIRS", "confidence": "n", "version": "2.0NRT", "bright_ti5": "283.2", "frp": "0.59", "daynight": "N"}}, {"type": "Feature", "geometry": {"type": "Point", "coordinates": [21.36158, 45.03107]}, "properties": {"latitude": "45.03107", "longitude": "21.36158", "bright_ti4": "302.39", "scan": "0.46", "track": "0.39", "acq_date": "2026-09-30", "acq_time": "18", "satellite": "N21", "instrument": "VIIRS", "confidence": "n", "version": "2.0NRT", "bright_ti5": "283.05", "frp": "1.07", "daynight": "N"}}, {"type": "Feature", "geometry": {"type": "Point", "coordinates": [19.54298, 45.05484]}, "properties": {"latitude": "45.05484", "longitude": "19.54298", "bright_ti4": "304.03", "scan": "0.53", "track": "0.42", "acq_date": "2026-09-30", "acq_time": "18", "satellite": "N21", "instrument": "VIIRS", "confidence": "n", "version": "2.0NRT", "bright_ti5": "283.19", "frp": "1.68", "daynight": "N"}}, {"type": "Feature", "geometry": {"type": "Point", "coordinates": [19.76201, 45.05576]}, "properties": {"latitude": "45.05576", "longitude": "19.76201", "bright_ti4": "298.88", "scan": "0.52", "track": "0.42", "acq_date": "2026-09-30", "acq_time": "18", "satellite": "N21", "instrument": "VIIRS", "confidence": "n", "version": "2.0NRT", "bright_ti5": "282.52", "frp": "0.87", "daynight": "N"}}, {"type": "Feature", "geometry": {"type": "Point", "coordinates": [19.75618, 45.06025]}, "properties": {"latitude": "45.06025", "longitude": "19.75618", "bright_ti4": "319.79", "scan": "0.52", "track": "0.42", "acq_date": "2026-09-30", "acq_time": "18", "satellite": "N21", "instrument": "VIIRS", "confidence": "n", "version": "2.0NRT", "bright_ti5": "282.38", "frp": "2.66", "daynight": "N"}}, {"type": "Feature", "geometry": {"type": "Point", "coordinates": [19.77775, 45.06577]}, "properties": {"latitude": "45.06577", "longitude": "19.77775", "bright_ti4": "304.23", "scan": "0.52", "track": "0.42", "acq_date": "2026-09-30", "acq_time": "18", "satellite": "N21", "instrument": "VIIRS", "confidence": "n", "version": "2.0NRT", "bright_ti5": "282.13", "frp": "1.22", "daynight": "N"}}, {"type": "Feature", "geometry": {"type": "Point", "coordinates": [19.77111, 45.06647]}, "properties": {"latitude": "45.06647", "longitude": "19.77111", "bright_ti4": "299.04", "scan": "0.52", "track": "0.42", "acq_date": "2026-09-30", "acq_time": "18", "satellite": "N21", "instrument": "VIIRS", "confidence": "n", "version": "2.0NRT", "bright_ti5": "281.62", "frp": "0.78", "daynight": "N"}}, {"type": "Feature", "geometry": {"type": "Point", "coordinates": [19.47812, 45.07714]}, "properties": {"latitude": "45.07714", "longitude": "19.47812", "bright_ti4": "309.67", "scan": "0.54", "track": "0.42", "acq_date": "2026-09-30", "acq_time": "18", "satellite": "N21", "instrument": "VIIRS", "confidence": "n", "version": "2.0NRT", "bright_ti5": "284.67", "frp": "1.83", "daynight": "N"}}, {"type": "Feature", "geometry": {"type": "Point", "coordinates": [19.59232, 45.09293]}, "properties": {"latitude": "45.09293", "longitude": "19.59232", "bright_ti4": "297.76", "scan": "0.53", "track": "0.42", "acq_date": "2026-09-30", "acq_time": "18", "satellite": "N21", "instrument": "VIIRS", "confidence": "n", "version": "2.0NRT", "bright_ti5": "283.1", "frp": "0.55", "daynight": "N"}}, {"type": "Feature", "geometry": {"type": "Point", "coordinates": [19.52544, 45.10377]}, "properties": {"latitude": "45.10377", "longitude": "19.52544", "bright_ti4": "299.67", "scan": "0.54", "track": "0.42", "acq_date": "2026-09-30", "acq_time": "18", "satellite": "N21", "instrument": "VIIRS", "confidence": "n", "version": "2.0NRT", "bright_ti5": "283.42", "frp": "1.37", "daynight": "N"}}, {"type": "Feature", "geometry": {"type": "Point", "coordinates": [19.56032, 45.10409]}, "properties": {"latitude": "45.10409", "longitude": "19.56032", "bright_ti4": "307.48", "scan": "0.53", "track": "0.42", "acq_date": "2026-09-30", "acq_time": "18", "satellite": "N21", "instrument": "VIIRS", "confidence": "n", "version": "2.0NRT", "bright_ti5": "283.94", "frp": "0.91", "daynight": "N"}}, {"type": "Feature", "geometry": {"type": "Point", "coordinates": [19.56115, 45.10793]}, "properties": {"latitude": "45.10793", "longitude": "19.56115", "bright_ti4": "301.13", "scan": "0.53", "track": "0.42", "acq_date": "2026-09-30", "acq_time": "18", "satellite": "N21", "instrument": "VIIRS", "confidence": "n", "version": "2.0NRT", "bright_ti5": "283.43", "frp": "0.91", "daynight": "N"}}, {"type": "Feature", "geometry": {"type": "Point", "coordinates": [25.41786, 45.12247]}, "properties": {"latitude": "45.12247", "longitude": "25.41786", "bright_ti4": "311.05", "scan": "0.38", "track": "0.36", "acq_date": "2026-09-30", "acq_time": "18", "satellite": "N21", "instrument": "VIIRS", "confidence": "n", "version": "2.0NRT", "bright_ti5": "282.53", "frp": "1.2", "daynight": "N"}}, {"type": "Feature", "geometry": {"type": "Point", "coordinates": [20.54801, 45.12408]}, "properties": {"latitude": "45.12408", "longitude": "20.54801", "bright_ti4": "298.75", "scan": "0.49", "track": "0.4", "acq_date": "2026-09-30", "acq_time": "18", "satellite": "N21", "instrument": "VIIRS", "confidence": "n", "version": "2.0NRT", "bright_ti5": "282.28", "frp": "0.93", "daynight": "N"}}, {"type": "Feature", "geometry": {"type": "Point", "coordinates": [9.94022, 45.14491]}, "properties": {"latitude": "45.14491", "longitude": "9.94022", "bright_ti4": "319.53", "scan": "0.52", "track": "0.67", "acq_date": "2026-09-30", "acq_time": "18", "satellite": "N21", "instrument": "VIIRS", "confidence": "n", "version": "2.0NRT", "bright_ti5": "287.06", "frp": "3.66", "daynight": "N"}}, {"type": "Feature", "geometry": {"type": "Point", "coordinates": [9.94337, 45.14553]}, "properties": {"latitude": "45.14553", "longitude": "9.94337", "bright_ti4": "315.02", "scan": "0.52", "track": "0.67", "acq_date": "2026-09-30", "acq_time": "18", "satellite": "N21", "instrument": "VIIRS", "confidence": "n", "version": "2.0NRT", "bright_ti5": "286.91", "frp": "3.6", "daynight": "N"}}, {"type": "Feature", "geometry": {"type": "Point", "coordinates": [20.63276, 45.15459]}, "properties": {"latitude": "45.15459", "longitude": "20.63276", "bright_ti4": "297.12", "scan": "0.49", "track": "0.4", "acq_date": "2026-09-30", "acq_time": "18", "satellite": "N21", "instrument": "VIIRS", "confidence": "n", "version": "2.0NRT", "bright_ti5": "282.58", "frp": "0.61", "daynight": "N"}}, {"type": "Feature", "geometry": {"type": "Point", "coordinates": [20.63357, 45.15826]}, "properties": {"latitude": "45.15826", "longitude": "20.63357", "bright_ti4": "302.12", "scan": "0.49", "track": "0.4", "acq_date": "2026-09-30", "acq_time": "18", "satellite": "N21", "instrument": "VIIRS", "confidence": "n", "version": "2.0NRT", "bright_ti5": "283.07", "frp": "0.95", "daynight": "N"}}, {"type": "Feature", "geometry": {"type": "Point", "coordinates": [20.62983, 45.16998]}, "properties": {"latitude": "45.16998", "longitude": "20.62983", "bright_ti4": "301.83", "scan": "0.49", "track": "0.4", "acq_date": "2026-09-30", "acq_time": "18", "satellite": "N21", "instrument": "VIIRS", "confidence": "n", "version": "2.0NRT", "bright_ti5": "282.71", "frp": "1.03", "daynight": "N"}}, {"type": "Feature", "geometry": {"type": "Point", "coordinates": [20.62525, 45.17802]}, "properties": {"latitude": "45.17802", "longitude": "20.62525", "bright_ti4": "297.26", "scan": "0.49", "track": "0.4", "acq_date": "2026-09-30", "acq_time": "18", "satellite": "N21", "instrument": "VIIRS", "confidence": "n", "version": "2.0NRT", "bright_ti5": "283.08", "frp": "1.18", "daynight": "N"}}, {"type": "Feature", "geometry": {"type": "Point", "coordinates": [20.43812, 45.19494]}, "properties": {"latitude": "45.19494", "longitude": "20.43812", "bright_ti4": "299.13", "scan": "0.49", "track": "0.41", "acq_date": "2026-09-30", "acq_time": "18", "satellite": "N21", "instrument": "VIIRS", "confidence": "n", "version": "2.0NRT", "bright_ti5": "281.61", "frp": "0.88", "daynight": "N"}}, {"type": "Feature", "geometry": {"type": "Point", "coordinates": [19.70586, 45.20639]}, "properties": {"latitude": "45.20639", "longitude": "19.70586", "bright_ti4": "299.14", "scan": "0.53", "track": "0.42", "acq_date": "2026-09-30", "acq_time": "18", "satellite": "N21", "instrument": "VIIRS", "confidence": "n", "version": "2.0NRT", "bright_ti5": "285.95", "frp": "1.36", "daynight": "N"}}, {"type": "Feature", "geometry": {"type": "Point", "coordinates": [21.32859, 45.22016]}, "properties": {"latitude": "45.22016", "longitude": "21.32859", "bright_ti4": "313.76", "scan": "0.46", "track": "0.39", "acq_date": "2026-09-30", "acq_time": "18", "satellite": "N21", "instrument": "VIIRS", "confidence": "n", "version": "2.0NRT", "bright_ti5": "284.45", "frp": "1.74", "daynight": "N"}}, {"type": "Feature", "geometry": {"type": "Point", "coordinates": [21.32277, 45.22084]}, "properties": {"latitude": "45.22084", "longitude": "21.32277", "bright_ti4": "309.15", "scan": "0.46", "track": "0.39", "acq_date": "2026-09-30", "acq_time": "18", "satellite": "N21", "instrument": "VIIRS", "confidence": "n", "version": "2.0NRT", "bright_ti5": "284.92", "frp": "1.22", "daynight": "N"}}, {"type": "Feature", "geometry": {"type": "Point", "coordinates": [31.6713, 45.25783]}, "properties": {"latitude": "45.25783", "longitude": "31.6713", "bright_ti4": "326.83", "scan": "0.52", "track": "0.42", "acq_date": "2026-09-30", "acq_time": "18", "satellite": "N21", "instrument": "VIIRS", "confidence": "n", "version": "2.0NRT", "bright_ti5": "293.64", "frp": "11.01", "daynight": "N"}}, {"type": "Feature", "geometry": {"type": "Point", "coordinates": [20.21842, 45.28829]}, "properties": {"latitude": "45.28829", "longitude": "20.21842", "bright_ti4": "298.17", "scan": "0.5", "track": "0.41", "acq_date": "2026-09-30", "acq_time": "18", "satellite": "N21", "instrument": "VIIRS", "confidence": "n", "version": "2.0NRT", "bright_ti5": "283.36", "frp": "0.86", "daynight": "N"}}, {"type": "Feature", "geometry": {"type": "Point", "coordinates": [20.2191, 45.29204]}, "properties": {"latitude": "45.29204", "longitude": "20.2191", "bright_ti4": "297.15", "scan": "0.5", "track": "0.41", "acq_date": "2026-09-30", "acq_time": "18", "satellite": "N21", "instrument": "VIIRS", "confidence": "n", "version": "2.0NRT", "bright_ti5": "285.08", "frp": "0.86", "daynight": "N"}}, {"type": "Feature", "geometry": {"type": "Point", "coordinates": [20.65715, 45.29369]}, "properties": {"latitude": "45.29369", "longitude": "20.65715", "bright_ti4": "326.85", "scan": "0.49", "track": "0.4", "acq_date": "2026-09-30", "acq_time": "18", "satellite": "N21", "instrument": "VIIRS", "confidence": "n", "version": "2.0NRT", "bright_ti5": "283.04", "frp": "7.21", "daynight": "N"}}, {"type": "Feature", "geometry": {"type": "Point", "coordinates": [20.65097, 45.29438]}, "properties": {"latitude": "45.29438", "longitude": "20.65097", "bright_ti4": "343.86", "scan": "0.49", "track": "0.4", "acq_date": "2026-09-30", "acq_time": "18", "satellite": "N21", "instrument": "VIIRS", "confidence": "n", "version": "2.0NRT", "bright_ti5": "282.91", "frp": "15.84", "daynight": "N"}}, {"type": "Feature", "geometry": {"type": "Point", "coordinates": [20.65795, 45.29737]}, "properties": {"latitude": "45.29737", "longitude": "20.65795", "bright_ti4": "327.13", "scan": "0.49", "track": "0.4", "acq_date": "2026-09-30", "acq_time": "18", "satellite": "N21", "instrument": "VIIRS", "confidence": "n", "version": "2.0NRT", "bright_ti5": "284.24", "frp": "7.21", "daynight": "N"}}, {"type": "Feature", "geometry": {"type": "Point", "coordinates": [20.65178, 45.29806]}, "properties": {"latitude": "45.29806", "longitude": "20.65178", "bright_ti4": "334.44", "scan": "0.49", "track": "0.4", "acq_date": "2026-09-30", "acq_time": "18", "satellite": "N21", "instrument": "VIIRS", "confidence": "n", "version": "2.0NRT", "bright_ti5": "291.6", "frp": "15.84", "daynight": "N"}}, {"type": "Feature", "geometry": {"type": "Point", "coordinates": [20.06955, 45.30393]}, "properties": {"latitude": "45.30393", "longitude": "20.06955", "bright_ti4": "310.14", "scan": "0.51", "track": "0.41", "acq_date": "2026-09-30", "acq_time": "18", "satellite": "N21", "instrument": "VIIRS", "confidence": "n", "version": "2.0NRT", "bright_ti5": "281.95", "frp": "1.9", "daynight": "N"}}, {"type": "Feature", "geometry": {"type": "Point", "coordinates": [30.90476, 45.35561]}, "properties": {"latitude": "45.35561", "longitude": "30.90476", "bright_ti4": "328.38", "scan": "0.49", "track": "0.4", "acq_date": "2026-09-30", "acq_time": "18", "satellite": "N21", "instrument": "VIIRS", "confidence": "n", "version": "2.0NRT", "bright_ti5": "291.39", "frp": "2.27", "daynight": "N"}}, {"type": "Feature", "geometry": {"type": "Point", "coordinates": [30.93144, 45.37277]}, "properties": {"latitude": "45.37277", "longitude": "30.93144", "bright_ti4": "307.3", "scan": "0.49", "track": "0.4", "acq_date": "2026-09-30", "acq_time": "18", "satellite": "N21", "instrument": "VIIRS", "confidence": "n", "version": "2.0NRT", "bright_ti5": "290.82", "frp": "1.05", "daynight": "N"}}, {"type": "Feature", "geometry": {"type": "Point", "coordinates": [30.92544, 45.374]}, "properties": {"latitude": "45.374", "longitude": "30.92544", "bright_ti4": "306.51", "scan": "0.49", "track": "0.4", "acq_date": "2026-09-30", "acq_time": "18", "satellite": "N21", "instrument": "VIIRS", "confidence": "n", "version": "2.0NRT", "bright_ti5": "290.91", "frp": "1.1", "daynight": "N"}}, {"type": "Feature", "geometry": {"type": "Point", "coordinates": [20.6172, 45.4249]}, "properties": {"latitude": "45.4249", "longitude": "20.6172", "bright_ti4": "304.36", "scan": "0.49", "track": "0.4", "acq_date": "2026-09-30", "acq_time": "18", "satellite": "N21", "instrument": "VIIRS", "confidence": "n", "version": "2.0NRT", "bright_ti5": "281.43", "frp": "0.93", "daynight": "N"}}, {"type": "Feature", "geometry": {"type": "Point", "coordinates": [20.63397, 45.43654]}, "properties": {"latitude": "45.43654", "longitude": "20.63397", "bright_ti4": "297.98", "scan": "0.49", "track": "0.4", "acq_date": "2026-09-30", "acq_time": "18", "satellite": "N21", "instrument": "VIIRS", "confidence": "n", "version": "2.0NRT", "bright_ti5": "281.01", "frp": "1.25", "daynight": "N"}}, {"type": "Feature", "geometry": {"type": "Point", "coordinates": [20.63288, 45.43825]}, "properties": {"latitude": "45.43825", "longitude": "20.63288", "bright_ti4": "296.89", "scan": "0.49", "track": "0.4", "acq_date": "2026-09-30", "acq_time": "18", "satellite": "N21", "instrument": "VIIRS", "confidence": "n", "version": "2.0NRT", "bright_ti5": "281.16", "frp": "0.91", "daynight": "N"}}, {"type": "Feature", "geometry": {"type": "Point", "coordinates": [10.45862, 45.4593]}, "properties": {"latitude": "45.4593", "longitude": "10.45862", "bright_ti4": "313.4", "scan": "0.49", "track": "0.65", "acq_date": "2026-09-30", "acq_time": "18", "satellite": "N21", "instrument": "VIIRS", "confidence": "n", "version": "2.0NRT", "bright_ti5": "285.45", "frp": "4.84", "daynight": "N"}}, {"type": "Feature", "geometry": {"type": "Point", "coordinates": [10.45219, 45.45945]}, "properties": {"latitude": "45.45945", "longitude": "10.45219", "bright_ti4": "323.75", "scan": "0.49", "track": "0.65", "acq_date": "2026-09-30", "acq_time": "18", "satellite": "N21", "instrument": "VIIRS", "confidence": "n", "version": "2.0NRT", "bright_ti5": "284.72", "frp": "5.21", "daynight": "N"}}, {"type": "Feature", "geometry": {"type": "Point", "coordinates": [10.45617, 45.4613]}, "properties": {"latitude": "45.4613", "longitude": "10.45617", "bright_ti4": "336.05", "scan": "0.49", "track": "0.65", "acq_date": "2026-09-30", "acq_time": "18", "satellite": "N21", "instrument": "VIIRS", "confidence": "n", "version": "2.0NRT", "bright_ti5": "285.16", "frp": "6.14", "daynight": "N"}}, {"type": "Feature", "geometry": {"type": "Point", "coordinates": [10.21178, 45.47773]}, "properties": {"latitude": "45.47773", "longitude": "10.21178", "bright_ti4": "300.26", "scan": "0.51", "track": "0.66", "acq_date": "2026-09-30", "acq_time": "18", "satellite": "N21", "instrument": "VIIRS", "confidence": "n", "version": "2.0NRT", "bright_ti5": "283.89", "frp": "0.91", "daynight": "N"}}, {"type": "Feature", "geometry": {"type": "Point", "coordinates": [11.49535, 45.5179]}, "properties": {"latitude": "45.5179", "longitude": "11.49535", "bright_ti4": "296.99", "scan": "0.44", "track": "0.62", "acq_date": "2026-09-30", "acq_time": "18", "satellite": "N21", "instrument": "VIIRS", "confidence": "n", "version": "2.0NRT", "bright_ti5": "285.51", "frp": "1.04", "daynight": "N"}}, {"type": "Feature", "geometry": {"type": "Point", "coordinates": [20.96608, 45.77618]}, "properties": {"latitude": "45.77618", "longitude": "20.96608", "bright_ti4": "299.27", "scan": "0.48", "track": "0.4", "acq_date": "2026-09-30", "acq_time": "18", "satellite": "N21", "instrument": "VIIRS", "confidence": "n", "version": "2.0NRT", "bright_ti5": "281.04", "frp": "0.73", "daynight": "N"}}, {"type": "Feature", "geometry": {"type": "Point", "coordinates": [25.28352, 45.95087]}, "properties": {"latitude": "45.95087", "longitude": "25.28352", "bright_ti4": "309.56", "scan": "0.39", "track": "0.36", "acq_date": "2026-09-30", "acq_time": "18", "satellite": "N21", "instrument": "VIIRS", "confidence": "n", "version": "2.0NRT", "bright_ti5": "280.82", "frp": "0.93", "daynight": "N"}}, {"type": "Feature", "geometry": {"type": "Point", "coordinates": [33.85112, 30.69942]}, "properties": {"latitude": "30.69942", "longitude": "33.85112", "bright_ti4": "321.31", "scan": "0.49", "track": "0.65", "acq_date": "2026-09-30", "acq_time": "20", "satellite": "N21", "instrument": "VIIRS", "confidence": "n", "version": "2.0NRT", "bright_ti5": "289.45", "frp": "4.74", "daynight": "N"}}, {"type": "Feature", "geometry": {"type": "Point", "coordinates": [33.85324, 30.70278]}, "properties": {"latitude": "30.70278", "longitude": "33.85324", "bright_ti4": "314.21", "scan": "0.49", "track": "0.65", "acq_date": "2026-09-30", "acq_time": "20", "satellite": "N21", "instrument": "VIIRS", "confidence": "n", "version": "2.0NRT", "bright_ti5": "288.23", "frp": "3.75", "daynight": "N"}}, {"type": "Feature", "geometry": {"type": "Point", "coordinates": [33.84821, 30.70411]}, "properties": {"latitude": "30.70411", "longitude": "33.84821", "bright_ti4": "300.85", "scan": "0.49", "track": "0.65", "acq_date": "2026-09-30", "acq_time": "20", "satellite": "N21", "instrument": "VIIRS", "confidence": "n", "version": "2.0NRT", "bright_ti5": "287.05", "frp": "2.72", "daynight": "N"}}, {"type": "Feature", "geometry": {"type": "Point", "coordinates": [33.7761, 30.72321]}, "properties": {"latitude": "30.72321", "longitude": "33.7761", "bright_ti4": "304.81", "scan": "0.49", "track": "0.65", "acq_date": "2026-09-30", "acq_time": "20", "satellite": "N21", "instrument": "VIIRS", "confidence": "n", "version": "2.0NRT", "bright_ti5": "288.01", "frp": "1.58", "daynight": "N"}}, {"type": "Feature", "geometry": {"type": "Point", "coordinates": [33.77583, 30.72513]}, "properties": {"latitude": "30.72513", "longitude": "33.77583", "bright_ti4": "310.58", "scan": "0.49", "track": "0.65", "acq_date": "2026-09-30", "acq_time": "20", "satellite": "N21", "instrument": "VIIRS", "confidence": "n", "version": "2.0NRT", "bright_ti5": "288.4", "frp": "3.15", "daynight": "N"}}, {"type": "Feature", "geometry": {"type": "Point", "coordinates": [32.14063, 31.32815]}, "properties": {"latitude": "31.32815", "longitude": "32.14063", "bright_ti4": "302.85", "scan": "0.38", "track": "0.59", "acq_date": "2026-09-30", "acq_time": "20", "satellite": "N21", "instrument": "VIIRS", "confidence": "n", "version": "2.0NRT", "bright_ti5": "290.7", "frp": "0.96", "daynight": "N"}}, {"type": "Feature", "geometry": {"type": "Point", "coordinates": [30.31537, 31.35242]}, "properties": {"latitude": "31.35242", "longitude": "30.31537", "bright_ti4": "306.32", "scan": "0.59", "track": "0.53", "acq_date": "2026-09-30", "acq_time": "20", "satellite": "N21", "instrument": "VIIRS", "confidence": "n", "version": "2.0NRT", "bright_ti5": "289.77", "frp": "1.22", "daynight": "N"}}, {"type": "Feature", "geometry": {"type": "Point", "coordinates": [30.314, 31.35314]}, "properties": {"latitude": "31.35314", "longitude": "30.314", "bright_ti4": "303.05", "scan": "0.59", "track": "0.53", "acq_date": "2026-09-30", "acq_time": "20", "satellite": "N21", "instrument": "VIIRS", "confidence": "n", "version": "2.0NRT", "bright_ti5": "289.88", "frp": "1.29", "daynight": "N"}}, {"type": "Feature", "geometry": {"type": "Point", "coordinates": [31.77913, 31.46552]}, "properties": {"latitude": "31.46552", "longitude": "31.77913", "bright_ti4": "302.09", "scan": "0.36", "track": "0.57", "acq_date": "2026-09-30", "acq_time": "20", "satellite": "N21", "instrument": "VIIRS", "confidence": "n", "version": "2.0NRT", "bright_ti5": "289.79", "frp": "1.11", "daynight": "N"}}, {"type": "Feature", "geometry": {"type": "Point", "coordinates": [31.7755, 31.46639]}, "properties": {"latitude": "31.46639", "longitude": "31.7755", "bright_ti4": "308.25", "scan": "0.36", "track": "0.57", "acq_date": "2026-09-30", "acq_time": "20", "satellite": "N21", "instrument": "VIIRS", "confidence": "n", "version": "2.0NRT", "bright_ti5": "289.63", "frp": "1.11", "daynight": "N"}}, {"type": "Feature", "geometry": {"type": "Point", "coordinates": [31.77814, 31.46673]}, "properties": {"latitude": "31.46673", "longitude": "31.77814", "bright_ti4": "313.64", "scan": "0.36", "track": "0.57", "acq_date": "2026-09-30", "acq_time": "20", "satellite": "N21", "instrument": "VIIRS", "confidence": "n", "version": "2.0NRT", "bright_ti5": "290.54", "frp": "2.74", "daynight": "N"}}, {"type": "Feature", "geometry": {"type": "Point", "coordinates": [37.01307, 33.71576]}, "properties": {"latitude": "33.71576", "longitude": "37.01307", "bright_ti4": "296.41", "scan": "0.62", "track": "0.72", "acq_date": "2026-09-30", "acq_time": "20", "satellite": "N21", "instrument": "VIIRS", "confidence": "n", "version": "2.0NRT", "bright_ti5": "284.59", "frp": "1.64", "daynight": "N"}}, {"type": "Feature", "geometry": {"type": "Point", "coordinates": [33.3166, 34.72327]}, "properties": {"latitude": "34.72327", "longitude": "33.3166", "bright_ti4": "300.85", "scan": "0.37", "track": "0.58", "acq_date": "2026-09-30", "acq_time": "20", "satellite": "N21", "instrument": "VIIRS", "confidence": "n", "version": "2.0NRT", "bright_ti5": "289.24", "frp": "1.11", "daynight": "N"}}, {"type": "Feature", "geometry": {"type": "Point", "coordinates": [10.67305, 34.84342]}, "properties": {"latitude": "34.84342", "longitude": "10.67305", "bright_ti4": "300.74", "scan": "0.4", "track": "0.6", "acq_date": "2026-09-30", "acq_time": "20", "satellite": "N21", "instrument": "VIIRS", "confidence": "n", "version": "2.0NRT", "bright_ti5": "289.55", "frp": "0.4", "daynight": "N"}}, {"type": "Feature", "geometry": {"type": "Point", "coordinates": [8.1705, 35.2305]}, "properties": {"latitude": "35.2305", "longitude": "8.1705", "bright_ti4": "298.22", "scan": "0.56", "track": "0.69", "acq_date": "2026-09-30", "acq_time": "20", "satellite": "N21", "instrument": "VIIRS", "confidence": "n", "version": "2.0NRT", "bright_ti5": "284.39", "frp": "1.31", "daynight": "N"}}, {"type": "Feature", "geometry": {"type": "Point", "coordinates": [33.34491, 36.1674]}, "properties": {"latitude": "36.1674", "longitude": "33.34491", "bright_ti4": "304.01", "scan": "0.34", "track": "0.56", "acq_date": "2026-09-30", "acq_time": "20", "satellite": "N21", "instrument": "VIIRS", "confidence": "n", "version": "2.0NRT", "bright_ti5": "288.04", "frp": "0.47", "daynight": "N"}}, {"type": "Feature", "geometry": {"type": "Point", "coordinates": [33.72778, 36.26191]}, "properties": {"latitude": "36.26191", "longitude": "33.72778", "bright_ti4": "305.78", "scan": "0.35", "track": "0.57", "acq_date": "2026-09-30", "acq_time": "20", "satellite": "N21", "instrument": "VIIRS", "confidence": "n", "version": "2.0NRT", "bright_ti5": "289.49", "frp": "1.57", "daynight": "N"}}, {"type": "Feature", "geometry": {"type": "Point", "coordinates": [6.62233, 36.42686]}, "properties": {"latitude": "36.42686", "longitude": "6.62233", "bright_ti4": "302.38", "scan": "0.7", "track": "0.75", "acq_date": "2026-09-30", "acq_time": "20", "satellite": "N21", "instrument": "VIIRS", "confidence": "n", "version": "2.0NRT", "bright_ti5": "285.05", "frp": "1.86", "daynight": "N"}}, {"type": "Feature", "geometry": {"type": "Point", "coordinates": [10.02493, 36.5007]}, "properties": {"latitude": "36.5007", "longitude": "10.02493", "bright_ti4": "302.16", "scan": "0.45", "track": "0.63", "acq_date": "2026-09-30", "acq_time": "20", "satellite": "N21", "instrument": "VIIRS", "confidence": "n", "version": "2.0NRT", "bright_ti5": "291.01", "frp": "0.57", "daynight": "N"}}, {"type": "Feature", "geometry": {"type": "Point", "coordinates": [36.20787, 36.69314]}, "properties": {"latitude": "36.69314", "longitude": "36.20787", "bright_ti4": "301.4", "scan": "0.47", "track": "0.64", "acq_date": "2026-09-30", "acq_time": "20", "satellite": "N21", "instrument": "VIIRS", "confidence": "n", "version": "2.0NRT", "bright_ti5": "289.18", "frp": "1.43", "daynight": "N"}}, {"type": "Feature", "geometry": {"type": "Point", "coordinates": [36.20042, 36.71393]}, "properties": {"latitude": "36.71393", "longitude": "36.20042", "bright_ti4": "303.65", "scan": "0.47", "track": "0.64", "acq_date": "2026-09-30", "acq_time": "20", "satellite": "N21", "instrument": "VIIRS", "confidence": "n", "version": "2.0NRT", "bright_ti5": "287.91", "frp": "1.69", "daynight": "N"}}, {"type": "Feature", "geometry": {"type": "Point", "coordinates": [36.20293, 36.71946]}, "properties": {"latitude": "36.71946", "longitude": "36.20293", "bright_ti4": "313.21", "scan": "0.47", "track": "0.64", "acq_date": "2026-09-30", "acq_time": "20", "satellite": "N21", "instrument": "VIIRS", "confidence": "n", "version": "2.0NRT", "bright_ti5": "288.48", "frp": "3.23", "daynight": "N"}}, {"type": "Feature", "geometry": {"type": "Point", "coordinates": [36.21265, 36.72921]}, "properties": {"latitude": "36.72921", "longitude": "36.21265", "bright_ti4": "308.9", "scan": "0.47", "track": "0.64", "acq_date": "2026-09-30", "acq_time": "20", "satellite": "N21", "instrument": "VIIRS", "confidence": "n", "version": "2.0NRT", "bright_ti5": "289.65", "frp": "2.42", "daynight": "N"}}, {"type": "Feature", "geometry": {"type": "Point", "coordinates": [10.2016, 36.77742]}, "properties": {"latitude": "36.77742", "longitude": "10.2016", "bright_ti4": "303.69", "scan": "0.44", "track": "0.62", "acq_date": "2026-09-30", "acq_time": "20", "satellite": "N21", "instrument": "VIIRS", "confidence": "n", "version": "2.0NRT", "bright_ti5": "291.87", "frp": "0.56", "daynight": "N"}}, {"type": "Feature", "geometry": {"type": "Point", "coordinates": [10.20057, 36.77833]}, "properties": {"latitude": "36.77833", "longitude": "10.20057", "bright_ti4": "304.69", "scan": "0.44", "track": "0.63", "acq_date": "2026-09-30", "acq_time": "20", "satellite": "N21", "instrument": "VIIRS", "confidence": "n", "version": "2.0NRT", "bright_ti5": "291.69", "frp": "0.59", "daynight": "N"}}, {"type": "Feature", "geometry": {"type": "Point", "coordinates": [6.95127, 36.86203]}, "properties": {"latitude": "36.86203", "longitude": "6.95127", "bright_ti4": "313.29", "scan": "0.68", "track": "0.74", "acq_date": "2026-09-30", "acq_time": "20", "satellite": "N21", "instrument": "VIIRS", "confidence": "n", "version": "2.0NRT", "bright_ti5": "288.19", "frp": "3.09", "daynight": "N"}}, {"type": "Feature", "geometry": {"type": "Point", "coordinates": [34.76328, 36.86731]}, "properties": {"latitude": "36.86731", "longitude": "34.76328", "bright_ti4": "303.39", "scan": "0.39", "track": "0.59", "acq_date": "2026-09-30", "acq_time": "20", "satellite": "N21", "instrument": "VIIRS", "confidence": "n", "version": "2.0NRT", "bright_ti5": "289.41", "frp": "0.76", "daynight": "N"}}, {"type": "Feature", "geometry": {"type": "Point", "coordinates": [6.98285, 36.8681]}, "properties": {"latitude": "36.8681", "longitude": "6.98285", "bright_ti4": "304.19", "scan": "0.67", "track": "0.74", "acq_date": "2026-09-30", "acq_time": "20", "satellite": "N21", "instrument": "VIIRS", "confidence": "n", "version": "2.0NRT", "bright_ti5": "288.5", "frp": "4.16", "daynight": "N"}}, {"type": "Feature", "geometry": {"type": "Point", "coordinates": [6.97457, 36.8683]}, "properties": {"latitude": "36.8683", "longitude": "6.97457", "bright_ti4": "320.33", "scan": "0.67", "track": "0.74", "acq_date": "2026-09-30", "acq_time": "20", "satellite": "N21", "instrument": "VIIRS", "confidence": "n", "version": "2.0NRT", "bright_ti5": "289.53", "frp": "5.54", "daynight": "N"}}, {"type": "Feature", "geometry": {"type": "Point", "coordinates": [34.75899, 36.86844]}, "properties": {"latitude": "36.86844", "longitude": "34.75899", "bright_ti4": "300.72", "scan": "0.39", "track": "0.59", "acq_date": "2026-09-30", "acq_time": "20", "satellite": "N21", "instrument": "VIIRS", "confidence": "n", "version": "2.0NRT", "bright_ti5": "288.9", "frp": "0.76", "daynight": "N"}}, {"type": "Feature", "geometry": {"type": "Point", "coordinates": [6.97656, 36.86976]}, "properties": {"latitude": "36.86976", "longitude": "6.97656", "bright_ti4": "321.71", "scan": "0.67", "track": "0.74", "acq_date": "2026-09-30", "acq_time": "20", "satellite": "N21", "instrument": "VIIRS", "confidence": "n", "version": "2.0NRT", "bright_ti5": "289.92", "frp": "3.67", "daynight": "N"}}, {"type": "Feature", "geometry": {"type": "Point", "coordinates": [6.94402, 36.87583]}, "properties": {"latitude": "36.87583", "longitude": "6.94402", "bright_ti4": "346.43", "scan": "0.68", "track": "0.74", "acq_date": "2026-09-30", "acq_time": "20", "satellite": "N21", "instrument": "VIIRS", "confidence": "n", "version": "2.0NRT", "bright_ti5": "289.53", "frp": "9.83", "daynight": "N"}}, {"type": "Feature", "geometry": {"type": "Point", "coordinates": [6.93654, 36.87601]}, "properties": {"latitude": "36.87601", "longitude": "6.93654", "bright_ti4": "316.79", "scan": "0.68", "track": "0.74", "acq_date": "2026-09-30", "acq_time": "20", "satellite": "N21", "instrument": "VIIRS", "confidence": "n", "version": "2.0NRT", "bright_ti5": "288.85", "frp": "9.83", "daynight": "N"}}, {"type": "Feature", "geometry": {"type": "Point", "coordinates": [6.94582, 36.87713]}, "properties": {"latitude": "36.87713", "longitude": "6.94582", "bright_ti4": "312.47", "scan": "0.68", "track": "0.74", "acq_date": "2026-09-30", "acq_time": "20", "satellite": "N21", "instrument": "VIIRS", "confidence": "n", "version": "2.0NRT", "bright_ti5": "288.87", "frp": "8.6", "daynight": "N"}}, {"type": "Feature", "geometry": {"type": "Point", "coordinates": [6.93838, 36.87726]}, "properties": {"latitude": "36.87726", "longitude": "6.93838", "bright_ti4": "341.11", "scan": "0.68", "track": "0.74", "acq_date": "2026-09-30", "acq_time": "20", "satellite": "N21", "instrument": "VIIRS", "confidence": "n", "version": "2.0NRT", "bright_ti5": "289.15", "frp": "11.69", "daynight": "N"}}, {"type": "Feature", "geometry": {"type": "Point", "coordinates": [15.16822, 37.2111]}, "properties": {"latitude": "37.2111", "longitude": "15.16822", "bright_ti4": "304.25", "scan": "0.47", "track": "0.48", "acq_date": "2026-09-30", "acq_time": "20", "satellite": "N21", "instrument": "VIIRS", "confidence": "n", "version": "2.0NRT", "bright_ti5": "291.7", "frp": "1.39", "daynight": "N"}}, {"type": "Feature", "geometry": {"type": "Point", "coordinates": [30.443, 37.25438]}, "properties": {"latitude": "37.25438", "longitude": "30.443", "bright_ti4": "300.62", "scan": "0.45", "track": "0.47", "acq_date": "2026-09-30", "acq_time": "20", "satellite": "N21", "instrument": "VIIRS", "confidence": "n", "version": "2.0NRT", "bright_ti5": "284.67", "frp": "1.02", "daynight": "N"}}, {"type": "Feature", "geometry": {"type": "Point", "coordinates": [37.16222, 37.35032]}, "properties": {"latitude": "37.35032", "longitude": "37.16222", "bright_ti4": "296.37", "scan": "0.5", "track": "0.66", "acq_date": "2026-09-30", "acq_time": "20", "satellite": "N21", "instrument": "VIIRS", "confidence": "n", "version": "2.0NRT", "bright_ti5": "277.34", "frp": "0.68", "daynight": "N"}}, {"type": "Feature", "geometry": {"type": "Point", "coordinates": [14.14867, 37.60183]}, "properties": {"latitude": "37.60183", "longitude": "14.14867", "bright_ti4": "332.62", "scan": "0.54", "track": "0.51", "acq_date": "2026-09-30", "acq_time": "20", "satellite": "N21", "instrument": "VIIRS", "confidence": "n", "version": "2.0NRT", "bright_ti5": "286.73", "frp": "3.57", "daynight": "N"}}, {"type": "Feature", "geometry": {"type": "Point", "coordinates": [14.17117, 37.62827]}, "properties": {"latitude": "37.62827", "longitude": "14.17117", "bright_ti4": "295.67", "scan": "0.54", "track": "0.51", "acq_date": "2026-09-30", "acq_time": "20", "satellite": "N21", "instrument": "VIIRS", "confidence": "n", "version": "2.0NRT", "bright_ti5": "285.66", "frp": "0.63", "daynight": "N"}}, {"type": "Feature", "geometry": {"type": "Point", "coordinates": [15.82878, 37.92999]}, "properties": {"latitude": "37.92999", "longitude": "15.82878", "bright_ti4": "306.3", "scan": "0.44", "track": "0.46", "acq_date": "2026-09-30", "acq_time": "20", "satellite": "N21", "instrument": "VIIRS", "confidence": "n", "version": "2.0NRT", "bright_ti5": "289.4", "frp": "1.75", "daynight": "N"}}, {"type": "Feature", "geometry": {"type": "Point", "coordinates": [15.26782, 38.20354]}, "properties": {"latitude": "38.20354", "longitude": "15.26782", "bright_ti4": "305.18", "scan": "0.48", "track": "0.48", "acq_date": "2026-09-30", "acq_time": "20", "satellite": "N21", "instrument": "VIIRS", "confidence": "n", "version": "2.0NRT", "bright_ti5": "294.53", "frp": "2.5", "daynight": "N"}}, {"type": "Feature", "geometry": {"type": "Point", "coordinates": [24.05984, 38.3741]}, "properties": {"latitude": "38.3741", "longitude": "24.05984", "bright_ti4": "306.3", "scan": "0.39", "track": "0.36", "acq_date": "2026-09-30", "acq_time": "20", "satellite": "N21", "instrument": "VIIRS", "confidence": "n", "version": "2.0NRT", "bright_ti5": "287.17", "frp": "1", "daynight": "N"}}, {"type": "Feature", "geometry": {"type": "Point", "coordinates": [27.21747, 38.42508]}, "properties": {"latitude": "38.42508", "longitude": "27.21747", "bright_ti4": "301.11", "scan": "0.46", "track": "0.39", "acq_date": "2026-09-30", "acq_time": "20", "satellite": "N21", "instrument": "VIIRS", "confidence": "n", "version": "2.0NRT", "bright_ti5": "281.86", "frp": "0.96", "daynight": "N"}}, {"type": "Feature", "geometry": {"type": "Point", "coordinates": [15.20947, 38.79492]}, "properties": {"latitude": "38.79492", "longitude": "15.20947", "bright_ti4": "349.95", "scan": "0.49", "track": "0.48", "acq_date": "2026-09-30", "acq_time": "20", "satellite": "N21", "instrument": "VIIRS", "confidence": "n", "version": "2.0NRT", "bright_ti5": "291.71", "frp": "13.36", "daynight": "N"}}, {"type": "Feature", "geometry": {"type": "Point", "coordinates": [15.20704, 38.79962]}, "properties": {"latitude": "38.79962", "longitude": "15.20704", "bright_ti4": "304.41", "scan": "0.49", "track": "0.48", "acq_date": "2026-09-30", "acq_time": "20", "satellite": "N21", "instrument": "VIIRS", "confidence": "n", "version": "2.0NRT", "bright_ti5": "288.86", "frp": "13.36", "daynight": "N"}}, {"type": "Feature", "geometry": {"type": "Point", "coordinates": [17.37122, 40.39383]}, "properties": {"latitude": "40.39383", "longitude": "17.37122", "bright_ti4": "295.31", "scan": "0.39", "track": "0.44", "acq_date": "2026-09-30", "acq_time": "20", "satellite": "N21", "instrument": "VIIRS", "confidence": "n", "version": "2.0NRT", "bright_ti5": "284.03", "frp": "1.4", "daynight": "N"}}, {"type": "Feature", "geometry": {"type": "Point", "coordinates": [17.37321, 40.39431]}, "properties": {"latitude": "40.39431", "longitude": "17.37321", "bright_ti4": "328.67", "scan": "0.39", "track": "0.44", "acq_date": "2026-09-30", "acq_time": "20", "satellite": "N21", "instrument": "VIIRS", "confidence": "n", "version": "2.0NRT", "bright_ti5": "286.42", "frp": "2.22", "daynight": "N"}}, {"type": "Feature", "geometry": {"type": "Point", "coordinates": [17.37187, 40.39787]}, "properties": {"latitude": "40.39787", "longitude": "17.37187", "bright_ti4": "320.01", "scan": "0.39", "track": "0.44", "acq_date": "2026-09-30", "acq_time": "20", "satellite": "N21", "instrument": "VIIRS", "confidence": "n", "version": "2.0NRT", "bright_ti5": "284.59", "frp": "1.4", "daynight": "N"}}, {"type": "Feature", "geometry": {"type": "Point", "coordinates": [17.21959, 40.50394]}, "properties": {"latitude": "40.50394", "longitude": "17.21959", "bright_ti4": "300.58", "scan": "0.4", "track": "0.44", "acq_date": "2026-09-30", "acq_time": "20", "satellite": "N21", "instrument": "VIIRS", "confidence": "n", "version": "2.0NRT", "bright_ti5": "288.85", "frp": "0.97", "daynight": "N"}}, {"type": "Feature", "geometry": {"type": "Point", "coordinates": [17.21014, 40.50487]}, "properties": {"latitude": "40.50487", "longitude": "17.21014", "bright_ti4": "304.11", "scan": "0.4", "track": "0.44", "acq_date": "2026-09-30", "acq_time": "20", "satellite": "N21", "instrument": "VIIRS", "confidence": "n", "version": "2.0NRT", "bright_ti5": "287.96", "frp": "2.31", "daynight": "N"}}, {"type": "Feature", "geometry": {"type": "Point", "coordinates": [17.21147, 40.51302]}, "properties": {"latitude": "40.51302", "longitude": "17.21147", "bright_ti4": "312.23", "scan": "0.4", "track": "0.44", "acq_date": "2026-09-30", "acq_time": "20", "satellite": "N21", "instrument": "VIIRS", "confidence": "n", "version": "2.0NRT", "bright_ti5": "288.25", "frp": "2.35", "daynight": "N"}}, {"type": "Feature", "geometry": {"type": "Point", "coordinates": [17.21079, 40.5167]}, "properties": {"latitude": "40.5167", "longitude": "17.21079", "bright_ti4": "299.36", "scan": "0.4", "track": "0.44", "acq_date": "2026-09-30", "acq_time": "20", "satellite": "N21", "instrument": "VIIRS", "confidence": "n", "version": "2.0NRT", "bright_ti5": "288.17", "frp": "1.33", "daynight": "N"}}, {"type": "Feature", "geometry": {"type": "Point", "coordinates": [17.21219, 40.51709]}, "properties": {"latitude": "40.51709", "longitude": "17.21219", "bright_ti4": "301.36", "scan": "0.4", "track": "0.44", "acq_date": "2026-09-30", "acq_time": "20", "satellite": "N21", "instrument": "VIIRS", "confidence": "n", "version": "2.0NRT", "bright_ti5": "287.61", "frp": "0.75", "daynight": "N"}}, {"type": "Feature", "geometry": {"type": "Point", "coordinates": [17.20602, 40.51714]}, "properties": {"latitude": "40.51714", "longitude": "17.20602", "bright_ti4": "305.98", "scan": "0.4", "track": "0.44", "acq_date": "2026-09-30", "acq_time": "20", "satellite": "N21", "instrument": "VIIRS", "confidence": "n", "version": "2.0NRT", "bright_ti5": "288.69", "frp": "1.41", "daynight": "N"}}, {"type": "Feature", "geometry": {"type": "Point", "coordinates": [17.20743, 40.51757]}, "properties": {"latitude": "40.51757", "longitude": "17.20743", "bright_ti4": "303.48", "scan": "0.4", "track": "0.44", "acq_date": "2026-09-30", "acq_time": "20", "satellite": "N21", "instrument": "VIIRS", "confidence": "n", "version": "2.0NRT", "bright_ti5": "288.98", "frp": "1.46", "daynight": "N"}}, {"type": "Feature", "geometry": {"type": "Point", "coordinates": [17.99918, 40.62751]}, "properties": {"latitude": "40.62751", "longitude": "17.99918", "bright_ti4": "301.55", "scan": "0.56", "track": "0.43", "acq_date": "2026-09-30", "acq_time": "20", "satellite": "N21", "instrument": "VIIRS", "confidence": "n", "version": "2.0NRT", "bright_ti5": "289.04", "frp": "0.82", "daynight": "N"}}, {"type": "Feature", "geometry": {"type": "Point", "coordinates": [13.52635, 41.38243]}, "properties": {"latitude": "41.38243", "longitude": "13.52635", "bright_ti4": "297.94", "scan": "0.32", "track": "0.54", "acq_date": "2026-09-30", "acq_time": "20", "satellite": "N21", "instrument": "VIIRS", "confidence": "n", "version": "2.0NRT", "bright_ti5": "283.81", "frp": "0.82", "daynight": "N"}}, {"type": "Feature", "geometry": {"type": "Point", "coordinates": [11.84781, 26.43402]}, "properties": {"latitude": "26.43402", "longitude": "11.84781", "bright_ti4": "317.83", "scan": "0.55", "track": "0.51", "acq_date": "2026-09-30", "acq_time": "22", "satellite": "N21", "instrument": "VIIRS", "confidence": "n", "version": "2.0NRT", "bright_ti5": "292.24", "frp": "1.78", "daynight": "N"}}, {"type": "Feature", "geometry": {"type": "Point", "coordinates": [12.67855, 26.56316]}, "properties": {"latitude": "26.56316", "longitude": "12.67855", "bright_ti4": "301.44", "scan": "0.49", "track": "0.49", "acq_date": "2026-09-30", "acq_time": "22", "satellite": "N21", "instrument": "VIIRS", "confidence": "n", "version": "2.0NRT", "bright_ti5": "291.35", "frp": "1.05", "daynight": "N"}}, {"type": "Feature", "geometry": {"type": "Point", "coordinates": [12.21179, 26.57875]}, "properties": {"latitude": "26.57875", "longitude": "12.21179", "bright_ti4": "336.81", "scan": "0.53", "track": "0.5", "acq_date": "2026-09-30", "acq_time": "22", "satellite": "N21", "instrument": "VIIRS", "confidence": "n", "version": "2.0NRT", "bright_ti5": "292.12", "frp": "4.36", "daynight": "N"}}, {"type": "Feature", "geometry": {"type": "Point", "coordinates": [12.45051, 26.69843]}, "properties": {"latitude": "26.69843", "longitude": "12.45051", "bright_ti4": "313.62", "scan": "0.51", "track": "0.49", "acq_date": "2026-09-30", "acq_time": "22", "satellite": "N21", "instrument": "VIIRS", "confidence": "n", "version": "2.0NRT", "bright_ti5": "289.42", "frp": "1.28", "daynight": "N"}}, {"type": "Feature", "geometry": {"type": "Point", "coordinates": [12.45106, 26.70296]}, "properties": {"latitude": "26.70296", "longitude": "12.45106", "bright_ti4": "336.85", "scan": "0.51", "track": "0.49", "acq_date": "2026-09-30", "acq_time": "22", "satellite": "N21", "instrument": "VIIRS", "confidence": "n", "version": "2.0NRT", "bright_ti5": "290.91", "frp": "9.12", "daynight": "N"}}, {"type": "Feature", "geometry": {"type": "Point", "coordinates": [12.41044, 26.75321]}, "properties": {"latitude": "26.75321", "longitude": "12.41044", "bright_ti4": "300.59", "scan": "0.51", "track": "0.5", "acq_date": "2026-09-30", "acq_time": "22", "satellite": "N21", "instrument": "VIIRS", "confidence": "n", "version": "2.0NRT", "bright_ti5": "289.57", "frp": "12.17", "daynight": "N"}}, {"type": "Feature", "geometry": {"type": "Point", "coordinates": [12.4122, 26.75418]}, "properties": {"latitude": "26.75418", "longitude": "12.4122", "bright_ti4": "341.81", "scan": "0.51", "track": "0.5", "acq_date": "2026-09-30", "acq_time": "22", "satellite": "N21", "instrument": "VIIRS", "confidence": "n", "version": "2.0NRT", "bright_ti5": "293.6", "frp": "18.92", "daynight": "N"}}, {"type": "Feature", "geometry": {"type": "Point", "coordinates": [12.41098, 26.75776]}, "properties": {"latitude": "26.75776", "longitude": "12.41098", "bright_ti4": "337.64", "scan": "0.51", "track": "0.5", "acq_date": "2026-09-30", "acq_time": "22", "satellite": "N21", "instrument": "VIIRS", "confidence": "n", "version": "2.0NRT", "bright_ti5": "294.68", "frp": "12.17", "daynight": "N"}}, {"type": "Feature", "geometry": {"type": "Point", "coordinates": [12.41284, 26.75872]}, "properties": {"latitude": "26.75872", "longitude": "12.41284", "bright_ti4": "308.86", "scan": "0.51", "track": "0.5", "acq_date": "2026-09-30", "acq_time": "22", "satellite": "N21", "instrument": "VIIRS", "confidence": "n", "version": "2.0NRT", "bright_ti5": "289.96", "frp": "2.29", "daynight": "N"}}, {"type": "Feature", "geometry": {"type": "Point", "coordinates": [14.38564, 27.11862]}, "properties": {"latitude": "27.11862", "longitude": "14.38564", "bright_ti4": "305.47", "scan": "0.4", "track": "0.44", "acq_date": "2026-09-30", "acq_time": "22", "satellite": "N21", "instrument": "VIIRS", "confidence": "n", "version": "2.0NRT", "bright_ti5": "290.26", "frp": "1.23", "daynight": "N"}}, {"type": "Feature", "geometry": {"type": "Point", "coordinates": [8.83613, 27.41179]}, "properties": {"latitude": "27.41179", "longitude": "8.83613", "bright_ti4": "303.22", "scan": "0.44", "track": "0.62", "acq_date": "2026-09-30", "acq_time": "22", "satellite": "N21", "instrument": "VIIRS", "confidence": "n", "version": "2.0NRT", "bright_ti5": "287.86", "frp": "1.18", "daynight": "N"}}, {"type": "Feature", "geometry": {"type": "Point", "coordinates": [30.81158, 27.57781]}, "properties": {"latitude": "27.57781", "longitude": "30.81158", "bright_ti4": "313.15", "scan": "0.39", "track": "0.59", "acq_date": "2026-09-30", "acq_time": "22", "satellite": "N21", "instrument": "VIIRS", "confidence": "n", "version": "2.0NRT", "bright_ti5": "289", "frp": "1.44", "daynight": "N"}}, {"type": "Feature", "geometry": {"type": "Point", "coordinates": [22.40433, 27.58093]}, "properties": {"latitude": "27.58093", "longitude": "22.40433", "bright_ti4": "320.69", "scan": "0.42", "track": "0.37", "acq_date": "2026-09-30", "acq_time": "22", "satellite": "N21", "instrument": "VIIRS", "confidence": "n", "version": "2.0NRT", "bright_ti5": "284.02", "frp": "1.86", "daynight": "N"}}, {"type": "Feature", "geometry": {"type": "Point", "coordinates": [18.46953, 27.58258]}, "properties": {"latitude": "27.58258", "longitude": "18.46953", "bright_ti4": "313.17", "scan": "0.4", "track": "0.37", "acq_date": "2026-09-30", "acq_time": "22", "satellite": "N21", "instrument": "VIIRS", "confidence": "n", "version": "2.0NRT", "bright_ti5": "290.06", "frp": "1.4", "daynight": "N"}}, {"type": "Feature", "geometry": {"type": "Point", "coordinates": [21.61882, 27.59469]}, "properties": {"latitude": "27.59469", "longitude": "21.61882", "bright_ti4": "326.88", "scan": "0.4", "track": "0.37", "acq_date": "2026-09-30", "acq_time": "22", "satellite": "N21", "instrument": "VIIRS", "confidence": "n", "version": "2.0NRT", "bright_ti5": "293.58", "frp": "2.92", "daynight": "N"}}, {"type": "Feature", "geometry": {"type": "Point", "coordinates": [9.86999, 27.61473]}, "properties": {"latitude": "27.61473", "longitude": "9.86999", "bright_ti4": "302.85", "scan": "0.38", "track": "0.59", "acq_date": "2026-09-30", "acq_time": "22", "satellite": "N21", "instrument": "VIIRS", "confidence": "n", "version": "2.0NRT", "bright_ti5": "290.25", "frp": "0.7", "daynight": "N"}}, {"type": "Feature", "geometry": {"type": "Point", "coordinates": [9.87334, 27.61732]}, "properties": {"latitude": "27.61732", "longitude": "9.87334", "bright_ti4": "300.86", "scan": "0.38", "track": "0.59", "acq_date": "2026-09-30", "acq_time": "22", "satellite": "N21", "instrument": "VIIRS", "confidence": "n", "version": "2.0NRT", "bright_ti5": "290.42", "frp": "0.56", "daynight": "N"}}, {"type": "Feature", "geometry": {"type": "Point", "coordinates": [22.5038, 27.64132]}, "properties": {"latitude": "27.64132", "longitude": "22.5038", "bright_ti4": "308.8", "scan": "0.42", "track": "0.37", "acq_date": "2026-09-30", "acq_time": "22", "satellite": "N21", "instrument": "VIIRS", "confidence": "n", "version": "2.0NRT", "bright_ti5": "291.66", "frp": "4.73", "daynight": "N"}}, {"type": "Feature", "geometry": {"type": "Point", "coordinates": [22.50231, 27.64161]}, "properties": {"latitude": "27.64161", "longitude": "22.50231", "bright_ti4": "333.13", "scan": "0.42", "track": "0.37", "acq_date": "2026-09-30", "acq_time": "22", "satellite": "N21", "instrument": "VIIRS", "confidence": "n", "version": "2.0NRT", "bright_ti5": "293.62", "frp": "4.71", "daynight": "N"}}, {"type": "Feature", "geometry": {"type": "Point", "coordinates": [22.49963, 27.64203]}, "properties": {"latitude": "27.64203", "longitude": "22.49963", "bright_ti4": "329.65", "scan": "0.42", "track": "0.37", "acq_date": "2026-09-30", "acq_time": "22", "satellite": "N21", "instrument": "VIIRS", "confidence": "n", "version": "2.0NRT", "bright_ti5": "293.15", "frp": "4.73", "daynight": "N"}}, {"type": "Feature", "geometry": {"type": "Point", "coordinates": [22.48297, 27.64488]}, "properties": {"latitude": "27.64488", "longitude": "22.48297", "bright_ti4": "302.5", "scan": "0.42", "track": "0.37", "acq_date": "2026-09-30", "acq_time": "22", "satellite": "N21", "instrument": "VIIRS", "confidence": "n", "version": "2.0NRT", "bright_ti5": "288.96", "frp": "0.64", "daynight": "N"}}, {"type": "Feature", "geometry": {"type": "Point", "coordinates": [22.50305, 27.64501]}, "properties": {"latitude": "27.64501", "longitude": "22.50305", "bright_ti4": "320.11", "scan": "0.42", "track": "0.37", "acq_date": "2026-09-30", "acq_time": "22", "satellite": "N21", "instrument": "VIIRS", "confidence": "n", "version": "2.0NRT", "bright_ti5": "291.17", "frp": "4.71", "daynight": "N"}}, {"type": "Feature", "geometry": {"type": "Point", "coordinates": [22.47881, 27.6456]}, "properties": {"latitude": "27.6456", "longitude": "22.47881", "bright_ti4": "301.31", "scan": "0.42", "track": "0.37", "acq_date": "2026-09-30", "acq_time": "22", "satellite": "N21", "instrument": "VIIRS", "confidence": "n", "version": "2.0NRT", "bright_ti5": "288.14", "frp": "0.65", "daynight": "N"}}, {"type": "Feature", "geometry": {"type": "Point", "coordinates": [22.50379, 27.64841]}, "properties": {"latitude": "27.64841", "longitude": "22.50379", "bright_ti4": "313.92", "scan": "0.42", "track": "0.37", "acq_date": "2026-09-30", "acq_time": "22", "satellite": "N21", "instrument": "VIIRS", "confidence": "n", "version": "2.0NRT", "bright_ti5": "291.68", "frp": "2.17", "daynight": "N"}}, {"type": "Feature", "geometry": {"type": "Point", "coordinates": [9.17341, 27.70387]}, "properties": {"latitude": "27.70387", "longitude": "9.17341", "bright_ti4": "332.33", "scan": "0.42", "track": "0.61", "acq_date": "2026-09-30", "acq_time": "22", "satellite": "N21", "instrument": "VIIRS", "confidence": "n", "version": "2.0NRT", "bright_ti5": "289.61", "frp": "3.8", "daynight": "N"}}, {"type": "Feature", "geometry": {"type": "Point", "coordinates": [9.87996, 27.72546]}, "properties": {"latitude": "27.72546", "longitude": "9.87996", "bright_ti4": "305.91", "scan": "0.38", "track": "0.59", "acq_date": "2026-09-30", "acq_time": "22", "satellite": "N21", "instrument": "VIIRS", "confidence": "n", "version": "2.0NRT", "bright_ti5": "290.67", "frp": "1.31", "daynight": "N"}}, {"type": "Feature", "geometry": {"type": "Point", "coordinates": [9.87954, 27.72813]}, "properties": {"latitude": "27.72813", "longitude": "9.87954", "bright_ti4": "305.63", "scan": "0.38", "track": "0.59", "acq_date": "2026-09-30", "acq_time": "22", "satellite": "N21", "instrument": "VIIRS", "confidence": "n", "version": "2.0NRT", "bright_ti5": "290.57", "frp": "1.29", "daynight": "N"}}, {"type": "Feature", "geometry": {"type": "Point", "coordinates": [9.18011, 27.73737]}, "properties": {"latitude": "27.73737", "longitude": "9.18011", "bright_ti4": "338.4", "scan": "0.42", "track": "0.61", "acq_date": "2026-09-30", "acq_time": "22", "satellite": "N21", "instrument": "VIIRS", "confidence": "n", "version": "2.0NRT", "bright_ti5": "289.68", "frp": "4.04", "daynight": "N"}}, {"type": "Feature", "geometry": {"type": "Point", "coordinates": [9.1816, 27.75425]}, "properties": {"latitude": "27.75425", "longitude": "9.1816", "bright_ti4": "305.38", "scan": "0.42", "track": "0.61", "acq_date": "2026-09-30", "acq_time": "22", "satellite": "N21", "instrument": "VIIRS", "confidence": "n", "version": "2.0NRT", "bright_ti5": "288.04", "frp": "6.71", "daynight": "N"}}, {"type": "Feature", "geometry": {"type": "Point", "coordinates": [9.17734, 27.75458]}, "properties": {"latitude": "27.75458", "longitude": "9.17734", "bright_ti4": "367", "scan": "0.42", "track": "0.61", "acq_date": "2026-09-30", "acq_time": "22", "satellite": "N21", "instrument": "VIIRS", "confidence": "h", "version": "2.0NRT", "bright_ti5": "290.4", "frp": "6.71", "daynight": "N"}}, {"type": "Feature", "geometry": {"type": "Point", "coordinates": [9.18213, 27.75988]}, "properties": {"latitude": "27.75988", "longitude": "9.18213", "bright_ti4": "347.18", "scan": "0.42", "track": "0.61", "acq_date": "2026-09-30", "acq_time": "22", "satellite": "N21", "instrument": "VIIRS", "confidence": "n", "version": "2.0NRT", "bright_ti5": "289.55", "frp": "6.71", "daynight": "N"}}, {"type": "Feature", "geometry": {"type": "Point", "coordinates": [22.38526, 27.94417]}, "properties": {"latitude": "27.94417", "longitude": "22.38526", "bright_ti4": "305.7", "scan": "0.41", "track": "0.37", "acq_date": "2026-09-30", "acq_time": "22", "satellite": "N21", "instrument": "VIIRS", "confidence": "n", "version": "2.0NRT", "bright_ti5": "291.51", "frp": "0.89", "daynight": "N"}}, {"type": "Feature", "geometry": {"type": "Point", "coordinates": [22.38113, 27.94488]}, "properties": {"latitude": "27.94488", "longitude": "22.38113", "bright_ti4": "308.44", "scan": "0.41", "track": "0.37", "acq_date": "2026-09-30", "acq_time": "22", "satellite": "N21", "instrument": "VIIRS", "confidence": "n", "version": "2.0NRT", "bright_ti5": "291.55", "frp": "0.89", "daynight": "N"}}, {"type": "Feature", "geometry": {"type": "Point", "coordinates": [19.90371, 27.9854]}, "properties": {"latitude": "27.9854", "longitude": "19.90371", "bright_ti4": "337.14", "scan": "0.38", "track": "0.36", "acq_date": "2026-09-30", "acq_time": "22", "satellite": "N21", "instrument": "VIIRS", "confidence": "n", "version": "2.0NRT", "bright_ti5": "296.34", "frp": "10.05", "daynight": "N"}}, {"type": "Feature", "geometry": {"type": "Point", "coordinates": [19.91321, 28.055]}, "properties": {"latitude": "28.055", "longitude": "19.91321", "bright_ti4": "328.55", "scan": "0.38", "track": "0.36", "acq_date": "2026-09-30", "acq_time": "22", "satellite": "N21", "instrument": "VIIRS", "confidence": "n", "version": "2.0NRT", "bright_ti5": "293.94", "frp": "6.19", "daynight": "N"}}, {"type": "Feature", "geometry": {"type": "Point", "coordinates": [9.78831, 28.08025]}, "properties": {"latitude": "28.08025", "longitude": "9.78831", "bright_ti4": "367", "scan": "0.39", "track": "0.59", "acq_date": "2026-09-30", "acq_time": "22", "satellite": "N21", "instrument": "VIIRS", "confidence": "h", "version": "2.0NRT", "bright_ti5": "291.9", "frp": "6.25", "daynight": "N"}}, {"type": "Feature", "geometry": {"type": "Point", "coordinates": [9.78439, 28.08055]}, "properties": {"latitude": "28.08055", "longitude": "9.78439", "bright_ti4": "309.86", "scan": "0.39", "track": "0.59", "acq_date": "2026-09-30", "acq_time": "22", "satellite": "N21", "instrument": "VIIRS", "confidence": "n", "version": "2.0NRT", "bright_ti5": "288.85", "frp": "6.25", "daynight": "N"}}, {"type": "Feature", "geometry": {"type": "Point", "coordinates": [19.2512, 28.10057]}, "properties": {"latitude": "28.10057", "longitude": "19.2512", "bright_ti4": "312.57", "scan": "0.39", "track": "0.36", "acq_date": "2026-09-30", "acq_time": "22", "satellite": "N21", "instrument": "VIIRS", "confidence": "n", "version": "2.0NRT", "bright_ti5": "292.36", "frp": "1.11", "daynight": "N"}}, {"type": "Feature", "geometry": {"type": "Point", "coordinates": [18.79069, 28.13013]}, "properties": {"latitude": "28.13013", "longitude": "18.79069", "bright_ti4": "329.67", "scan": "0.4", "track": "0.37", "acq_date": "2026-09-30", "acq_time": "22", "satellite": "N21", "instrument": "VIIRS", "confidence": "n", "version": "2.0NRT", "bright_ti5": "292.24", "frp": "2.83", "daynight": "N"}}, {"type": "Feature", "geometry": {"type": "Point", "coordinates": [9.80442, 28.19033]}, "properties": {"latitude": "28.19033", "longitude": "9.80442", "bright_ti4": "321.88", "scan": "0.39", "track": "0.59", "acq_date": "2026-09-30", "acq_time": "22", "satellite": "N21", "instrument": "VIIRS", "confidence": "n", "version": "2.0NRT", "bright_ti5": "289.54", "frp": "1.56", "daynight": "N"}}, {"type": "Feature", "geometry": {"type": "Point", "coordinates": [19.91336, 28.20862]}, "properties": {"latitude": "28.20862", "longitude": "19.91336", "bright_ti4": "325.61", "scan": "0.39", "track": "0.36", "acq_date": "2026-09-30", "acq_time": "22", "satellite": "N21", "instrument": "VIIRS", "confidence": "n", "version": "2.0NRT", "bright_ti5": "292.39", "frp": "2.19", "daynight": "N"}}, {"type": "Feature", "geometry": {"type": "Point", "coordinates": [18.09791, 28.23457]}, "properties": {"latitude": "28.23457", "longitude": "18.09791", "bright_ti4": "304.08", "scan": "0.42", "track": "0.37", "acq_date": "2026-09-30", "acq_time": "22", "satellite": "N21", "instrument": "VIIRS", "confidence": "n", "version": "2.0NRT", "bright_ti5": "289.07", "frp": "0.96", "daynight": "N"}}, {"type": "Feature", "geometry": {"type": "Point", "coordinates": [19.924, 28.28545]}, "properties": {"latitude": "28.28545", "longitude": "19.924", "bright_ti4": "306.56", "scan": "0.39", "track": "0.36", "acq_date": "2026-09-30", "acq_time": "22", "satellite": "N21", "instrument": "VIIRS", "confidence": "n", "version": "2.0NRT", "bright_ti5": "291.81", "frp": "1.04", "daynight": "N"}}, {"type": "Feature", "geometry": {"type": "Point", "coordinates": [19.58715, 28.43475]}, "properties": {"latitude": "28.43475", "longitude": "19.58715", "bright_ti4": "337.98", "scan": "0.39", "track": "0.36", "acq_date": "2026-09-30", "acq_time": "22", "satellite": "N21", "instrument": "VIIRS", "confidence": "n", "version": "2.0NRT", "bright_ti5": "292.06", "frp": "12.07", "daynight": "N"}}, {"type": "Feature", "geometry": {"type": "Point", "coordinates": [9.13436, 28.45175]}, "properties": {"latitude": "28.45175", "longitude": "9.13436", "bright_ti4": "308.13", "scan": "0.43", "track": "0.62", "acq_date": "2026-09-30", "acq_time": "22", "satellite": "N21", "instrument": "VIIRS", "confidence": "n", "version": "2.0NRT", "bright_ti5": "264.11", "frp": "1.4", "daynight": "N"}}, {"type": "Feature", "geometry": {"type": "Point", "coordinates": [19.52138, 28.45502]}, "properties": {"latitude": "28.45502", "longitude": "19.52138", "bright_ti4": "306.43", "scan": "0.39", "track": "0.36", "acq_date": "2026-09-30", "acq_time": "22", "satellite": "N21", "instrument": "VIIRS", "confidence": "n", "version": "2.0NRT", "bright_ti5": "291.53", "frp": "0.64", "daynight": "N"}}, {"type": "Feature", "geometry": {"type": "Point", "coordinates": [9.12115, 28.52713]}, "properties": {"latitude": "28.52713", "longitude": "9.12115", "bright_ti4": "318.39", "scan": "0.43", "track": "0.62", "acq_date": "2026-09-30", "acq_time": "22", "satellite": "N21", "instrument": "VIIRS", "confidence": "n", "version": "2.0NRT", "bright_ti5": "265.98", "frp": "1.82", "daynight": "N"}}, {"type": "Feature", "geometry": {"type": "Point", "coordinates": [9.12102, 28.52968]}, "properties": {"latitude": "28.52968", "longitude": "9.12102", "bright_ti4": "307.14", "scan": "0.43", "track": "0.62", "acq_date": "2026-09-30", "acq_time": "22", "satellite": "N21", "instrument": "VIIRS", "confidence": "n", "version": "2.0NRT", "bright_ti5": "265.95", "frp": "1.91", "daynight": "N"}}, {"type": "Feature", "geometry": {"type": "Point", "coordinates": [17.33151, 28.57962]}, "properties": {"latitude": "28.57962", "longitude": "17.33151", "bright_ti4": "329.8", "scan": "0.44", "track": "0.39", "acq_date": "2026-09-30", "acq_time": "22", "satellite": "N21", "instrument": "VIIRS", "confidence": "n", "version": "2.0NRT", "bright_ti5": "290.29", "frp": "3.84", "daynight": "N"}}, {"type": "Feature", "geometry": {"type": "Point", "coordinates": [17.33209, 28.58315]}, "properties": {"latitude": "28.58315", "longitude": "17.33209", "bright_ti4": "330.95", "scan": "0.44", "track": "0.39", "acq_date": "2026-09-30", "acq_time": "22", "satellite": "N21", "instrument": "VIIRS", "confidence": "n", "version": "2.0NRT", "bright_ti5": "289.95", "frp": "8.45", "daynight": "N"}}, {"type": "Feature", "geometry": {"type": "Point", "coordinates": [9.78602, 28.63168]}, "properties": {"latitude": "28.63168", "longitude": "9.78602", "bright_ti4": "310.44", "scan": "0.39", "track": "0.6", "acq_date": "2026-09-30", "acq_time": "22", "satellite": "N21", "instrument": "VIIRS", "confidence": "n", "version": "2.0NRT", "bright_ti5": "283.36", "frp": "1.59", "daynight": "N"}}, {"type": "Feature", "geometry": {"type": "Point", "coordinates": [9.78254, 28.63746]}, "properties": {"latitude": "28.63746", "longitude": "9.78254", "bright_ti4": "314.03", "scan": "0.39", "track": "0.6", "acq_date": "2026-09-30", "acq_time": "22", "satellite": "N21", "instrument": "VIIRS", "confidence": "n", "version": "2.0NRT", "bright_ti5": "283.09", "frp": "2.08", "daynight": "N"}}, {"type": "Feature", "geometry": {"type": "Point", "coordinates": [21.46231, 28.67966]}, "properties": {"latitude": "28.67966", "longitude": "21.46231", "bright_ti4": "328.5", "scan": "0.39", "track": "0.36", "acq_date": "2026-09-30", "acq_time": "22", "satellite": "N21", "instrument": "VIIRS", "confidence": "n", "version": "2.0NRT", "bright_ti5": "293.58", "frp": "3.77", "daynight": "N"}}, {"type": "Feature", "geometry": {"type": "Point", "coordinates": [21.45234, 28.71202]}, "properties": {"latitude": "28.71202", "longitude": "21.45234", "bright_ti4": "328.16", "scan": "0.39", "track": "0.36", "acq_date": "2026-09-30", "acq_time": "22", "satellite": "N21", "instrument": "VIIRS", "confidence": "n", "version": "2.0NRT", "bright_ti5": "294.56", "frp": "3.37", "daynight": "N"}}, {"type": "Feature", "geometry": {"type": "Point", "coordinates": [21.38332, 28.71308]}, "properties": {"latitude": "28.71308", "longitude": "21.38332", "bright_ti4": "330.44", "scan": "0.39", "track": "0.36", "acq_date": "2026-09-30", "acq_time": "22", "satellite": "N21", "instrument": "VIIRS", "confidence": "n", "version": "2.0NRT", "bright_ti5": "294.17", "frp": "2.88", "daynight": "N"}}, {"type": "Feature", "geometry": {"type": "Point", "coordinates": [9.79075, 28.73732]}, "properties": {"latitude": "28.73732", "longitude": "9.79075", "bright_ti4": "298.48", "scan": "0.39", "track": "0.6", "acq_date": "2026-09-30", "acq_time": "22", "satellite": "N21", "instrument": "VIIRS", "confidence": "n", "version": "2.0NRT", "bright_ti5": "281.18", "frp": "1.96", "daynight": "N"}}, {"type": "Feature", "geometry": {"type": "Point", "coordinates": [9.78673, 28.73763]}, "properties": {"latitude": "28.73763", "longitude": "9.78673", "bright_ti4": "327.45", "scan": "0.39", "track": "0.6", "acq_date": "2026-09-30", "acq_time": "22", "satellite": "N21", "instrument": "VIIRS", "confidence": "n", "version": "2.0NRT", "bright_ti5": "282.24", "frp": "2.98", "daynight": "N"}}, {"type": "Feature", "geometry": {"type": "Point", "coordinates": [22.79537, 28.75645]}, "properties": {"latitude": "28.75645", "longitude": "22.79537", "bright_ti4": "302.93", "scan": "0.42", "track": "0.37", "acq_date": "2026-09-30", "acq_time": "22", "satellite": "N21", "instrument": "VIIRS", "confidence": "n", "version": "2.0NRT", "bright_ti5": "291.69", "frp": "0.65", "daynight": "N"}}, {"type": "Feature", "geometry": {"type": "Point", "coordinates": [22.46005, 28.78258]}, "properties": {"latitude": "28.78258", "longitude": "22.46005", "bright_ti4": "304.55", "scan": "0.41", "track": "0.37", "acq_date": "2026-09-30", "acq_time": "22", "satellite": "N21", "instrument": "VIIRS", "confidence": "n", "version": "2.0NRT", "bright_ti5": "292.03", "frp": "0.47", "daynight": "N"}}, {"type": "Feature", "geometry": {"type": "Point", "coordinates": [22.26029, 28.82009]}, "properties": {"latitude": "28.82009", "longitude": "22.26029", "bright_ti4": "325.11", "scan": "0.4", "track": "0.37", "acq_date": "2026-09-30", "acq_time": "22", "satellite": "N21", "instrument": "VIIRS", "confidence": "n", "version": "2.0NRT", "bright_ti5": "292.41", "frp": "2.67", "daynight": "N"}}, {"type": "Feature", "geometry": {"type": "Point", "coordinates": [9.90835, 28.8231]}, "properties": {"latitude": "28.8231", "longitude": "9.90835", "bright_ti4": "300.65", "scan": "0.39", "track": "0.59", "acq_date": "2026-09-30", "acq_time": "22", "satellite": "N21", "instrument": "VIIRS", "confidence": "n", "version": "2.0NRT", "bright_ti5": "275.45", "frp": "0.71", "daynight": "N"}}, {"type": "Feature", "geometry": {"type": "Point", "coordinates": [22.12832, 28.83203]}, "properties": {"latitude": "28.83203", "longitude": "22.12832", "bright_ti4": "303.73", "scan": "0.4", "track": "0.37", "acq_date": "2026-09-30", "acq_time": "22", "satellite": "N21", "instrument": "VIIRS", "confidence": "n", "version": "2.0NRT", "bright_ti5": "291.7", "frp": "0.62", "daynight": "N"}}, {"type": "Feature", "geometry": {"type": "Point", "coordinates": [22.12024, 28.83338]}, "properties": {"latitude": "28.83338", "longitude": "22.12024", "bright_ti4": "305.5", "scan": "0.4", "track": "0.37", "acq_date": "2026-09-30", "acq_time": "22", "satellite": "N21", "instrument": "VIIRS", "confidence": "n", "version": "2.0NRT", "bright_ti5": "291.83", "frp": "0.59", "daynight": "N"}}, {"type": "Feature", "geometry": {"type": "Point", "coordinates": [22.12097, 28.83672]}, "properties": {"latitude": "28.83672", "longitude": "22.12097", "bright_ti4": "319.35", "scan": "0.4", "track": "0.37", "acq_date": "2026-09-30", "acq_time": "22", "satellite": "N21", "instrument": "VIIRS", "confidence": "n", "version": "2.0NRT", "bright_ti5": "292.23", "frp": "1.85", "daynight": "N"}}, {"type": "Feature", "geometry": {"type": "Point", "coordinates": [9.93602, 28.86481]}, "properties": {"latitude": "28.86481", "longitude": "9.93602", "bright_ti4": "300.84", "scan": "0.39", "track": "0.59", "acq_date": "2026-09-30", "acq_time": "22", "satellite": "N21", "instrument": "VIIRS", "confidence": "n", "version": "2.0NRT", "bright_ti5": "274.97", "frp": "0.64", "daynight": "N"}}, {"type": "Feature", "geometry": {"type": "Point", "coordinates": [21.22007, 28.86935]}, "properties": {"latitude": "28.86935", "longitude": "21.22007", "bright_ti4": "327.32", "scan": "0.39", "track": "0.36", "acq_date": "2026-09-30", "acq_time": "22", "satellite": "N21", "instrument": "VIIRS", "confidence": "n", "version": "2.0NRT", "bright_ti5": "287.26", "frp": "3.01", "daynight": "N"}}, {"type": "Feature", "geometry": {"type": "Point", "coordinates": [20.96182, 28.89046]}, "properties": {"latitude": "28.89046", "longitude": "20.96182", "bright_ti4": "326.85", "scan": "0.39", "track": "0.36", "acq_date": "2026-09-30", "acq_time": "22", "satellite": "N21", "instrument": "VIIRS", "confidence": "n", "version": "2.0NRT", "bright_ti5": "288.6", "frp": "2.34", "daynight": "N"}}, {"type": "Feature", "geometry": {"type": "Point", "coordinates": [20.9528, 28.90546]}, "properties": {"latitude": "28.90546", "longitude": "20.9528", "bright_ti4": "325.37", "scan": "0.39", "track": "0.36", "acq_date": "2026-09-30", "acq_time": "22", "satellite": "N21", "instrument": "VIIRS", "confidence": "n", "version": "2.0NRT", "bright_ti5": "292.06", "frp": "2.62", "daynight": "N"}}, {"type": "Feature", "geometry": {"type": "Point", "coordinates": [19.77863, 28.90639]}, "properties": {"latitude": "28.90639", "longitude": "19.77863", "bright_ti4": "307.34", "scan": "0.39", "track": "0.36", "acq_date": "2026-09-30", "acq_time": "22", "satellite": "N21", "instrument": "VIIRS", "confidence": "n", "version": "2.0NRT", "bright_ti5": "292.12", "frp": "1.81", "daynight": "N"}}, {"type": "Feature", "geometry": {"type": "Point", "coordinates": [19.7747, 28.90698]}, "properties": {"latitude": "28.90698", "longitude": "19.7747", "bright_ti4": "344.7", "scan": "0.39", "track": "0.36", "acq_date": "2026-09-30", "acq_time": "22", "satellite": "N21", "instrument": "VIIRS", "confidence": "n", "version": "2.0NRT", "bright_ti5": "294.99", "frp": "4.92", "daynight": "N"}}, {"type": "Feature", "geometry": {"type": "Point", "coordinates": [19.77077, 28.90757]}, "properties": {"latitude": "28.90757", "longitude": "19.77077", "bright_ti4": "316.24", "scan": "0.39", "track": "0.36", "acq_date": "2026-09-30", "acq_time": "22", "satellite": "N21", "instrument": "VIIRS", "confidence": "n", "version": "2.0NRT", "bright_ti5": "291.47", "frp": "4.92", "daynight": "N"}}, {"type": "Feature", "geometry": {"type": "Point", "coordinates": [20.98149, 28.90766]}, "properties": {"latitude": "28.90766", "longitude": "20.98149", "bright_ti4": "341.6", "scan": "0.39", "track": "0.36", "acq_date": "2026-09-30", "acq_time": "22", "satellite": "N21", "instrument": "VIIRS", "confidence": "n", "version": "2.0NRT", "bright_ti5": "297.49", "frp": "14.09", "daynight": "N"}}, {"type": "Feature", "geometry": {"type": "Point", "coordinates": [19.76687, 28.90815]}, "properties": {"latitude": "28.90815", "longitude": "19.76687", "bright_ti4": "330.77", "scan": "0.39", "track": "0.36", "acq_date": "2026-09-30", "acq_time": "22", "satellite": "N21", "instrument": "VIIRS", "confidence": "n", "version": "2.0NRT", "bright_ti5": "293.48", "frp": "3", "daynight": "N"}}, {"type": "Feature", "geometry": {"type": "Point", "coordinates": [19.76296, 28.90874]}, "properties": {"latitude": "28.90874", "longitude": "19.76296", "bright_ti4": "297.02", "scan": "0.39", "track": "0.36", "acq_date": "2026-09-30", "acq_time": "22", "satellite": "N21", "instrument": "VIIRS", "confidence": "n", "version": "2.0NRT", "bright_ti5": "285.98", "frp": "3", "daynight": "N"}}, {"type": "Feature", "geometry": {"type": "Point", "coordinates": [19.7832, 28.90909]}, "properties": {"latitude": "28.90909", "longitude": "19.7832", "bright_ti4": "299.52", "scan": "0.39", "track": "0.36", "acq_date": "2026-09-30", "acq_time": "22", "satellite": "N21", "instrument": "VIIRS", "confidence": "n", "version": "2.0NRT", "bright_ti5": "288.78", "frp": "0.55", "daynight": "N"}}, {"type": "Feature", "geometry": {"type": "Point", "coordinates": [20.96977, 28.90953]}, "properties": {"latitude": "28.90953", "longitude": "20.96977", "bright_ti4": "323.43", "scan": "0.39", "track": "0.36", "acq_date": "2026-09-30", "acq_time": "22", "satellite": "N21", "instrument": "VIIRS", "confidence": "n", "version": "2.0NRT", "bright_ti5": "291.94", "frp": "2.35", "daynight": "N"}}, {"type": "Feature", "geometry": {"type": "Point", "coordinates": [19.77926, 28.90968]}, "properties": {"latitude": "28.90968", "longitude": "19.77926", "bright_ti4": "313.08", "scan": "0.39", "track": "0.36", "acq_date": "2026-09-30", "acq_time": "22", "satellite": "N21", "instrument": "VIIRS", "confidence": "n", "version": "2.0NRT", "bright_ti5": "286.45", "frp": "0.55", "daynight": "N"}}, {"type": "Feature", "geometry": {"type": "Point", "coordinates": [20.96587, 28.91016]}, "properties": {"latitude": "28.91016", "longitude": "20.96587", "bright_ti4": "304.27", "scan": "0.39", "track": "0.36", "acq_date": "2026-09-30", "acq_time": "22", "satellite": "N21", "instrument": "VIIRS", "confidence": "n", "version": "2.0NRT", "bright_ti5": "291.47", "frp": "1.29", "daynight": "N"}}, {"type": "Feature", "geometry": {"type": "Point", "coordinates": [19.77533, 28.91027]}, "properties": {"latitude": "28.91027", "longitude": "19.77533", "bright_ti4": "329.76", "scan": "0.39", "track": "0.36", "acq_date": "2026-09-30", "acq_time": "22", "satellite": "N21", "instrument": "VIIRS", "confidence": "n", "version": "2.0NRT", "bright_ti5": "297.49", "frp": "13", "daynight": "N"}}, {"type": "Feature", "geometry": {"type": "Point", "coordinates": [19.77141, 28.91087]}, "properties": {"latitude": "28.91087", "longitude": "19.77141", "bright_ti4": "317.36", "scan": "0.39", "track": "0.36", "acq_date": "2026-09-30", "acq_time": "22", "satellite": "N21", "instrument": "VIIRS", "confidence": "n", "version": "2.0NRT", "bright_ti5": "286.68", "frp": "13", "daynight": "N"}}, {"type": "Feature", "geometry": {"type": "Point", "coordinates": [19.76749, 28.91145]}, "properties": {"latitude": "28.91145", "longitude": "19.76749", "bright_ti4": "309.22", "scan": "0.39", "track": "0.36", "acq_date": "2026-09-30", "acq_time": "22", "satellite": "N21", "instrument": "VIIRS", "confidence": "n", "version": "2.0NRT", "bright_ti5": "284.01", "frp": "0.45", "daynight": "N"}}, {"type": "Feature", "geometry": {"type": "Point", "coordinates": [19.76358, 28.91204]}, "properties": {"latitude": "28.91204", "longitude": "19.76358", "bright_ti4": "300.75", "scan": "0.39", "track": "0.36", "acq_date": "2026-09-30", "acq_time": "22", "satellite": "N21", "instrument": "VIIRS", "confidence": "n", "version": "2.0NRT", "bright_ti5": "285.05", "frp": "0.45", "daynight": "N"}}, {"type": "Feature", "geometry": {"type": "Point", "coordinates": [19.78383, 28.91239]}, "properties": {"latitude": "28.91239", "longitude": "19.78383", "bright_ti4": "296.57", "scan": "0.39", "track": "0.36", "acq_date": "2026-09-30", "acq_time": "22", "satellite": "N21", "instrument": "VIIRS", "confidence": "n", "version": "2.0NRT", "bright_ti5": "283.51", "frp": "0.55", "daynight": "N"}}, {"type": "Feature", "geometry": {"type": "Point", "coordinates": [9.74626, 28.91294]}, "properties": {"latitude": "28.91294", "longitude": "9.74626", "bright_ti4": "296.83", "scan": "0.4", "track": "0.6", "acq_date": "2026-09-30", "acq_time": "22", "satellite": "N21", "instrument": "VIIRS", "confidence": "n", "version": "2.0NRT", "bright_ti5": "274.57", "frp": "0.27", "daynight": "N"}}, {"type": "Feature", "geometry": {"type": "Point", "coordinates": [19.7799, 28.91298]}, "properties": {"latitude": "28.91298", "longitude": "19.7799", "bright_ti4": "297.51", "scan": "0.39", "track": "0.36", "acq_date": "2026-09-30", "acq_time": "22", "satellite": "N21", "instrument": "VIIRS", "confidence": "n", "version": "2.0NRT", "bright_ti5": "282.08", "frp": "0.55", "daynight": "N"}}, {"type": "Feature", "geometry": {"type": "Point", "coordinates": [20.96654, 28.91344]}, "properties": {"latitude": "28.91344", "longitude": "20.96654", "bright_ti4": "304.44", "scan": "0.39", "track": "0.36", "acq_date": "2026-09-30", "acq_time": "22", "satellite": "N21", "instrument": "VIIRS", "confidence": "n", "version": "2.0NRT", "bright_ti5": "291.58", "frp": "1.29", "daynight": "N"}}, {"type": "Feature", "geometry": {"type": "Point", "coordinates": [19.77597, 28.91357]}, "properties": {"latitude": "28.91357", "longitude": "19.77597", "bright_ti4": "305.73", "scan": "0.39", "track": "0.36", "acq_date": "2026-09-30", "acq_time": "22", "satellite": "N21", "instrument": "VIIRS", "confidence": "n", "version": "2.0NRT", "bright_ti5": "283.84", "frp": "13", "daynight": "N"}}, {"type": "Feature", "geometry": {"type": "Point", "coordinates": [19.77204, 28.91417]}, "properties": {"latitude": "28.91417", "longitude": "19.77204", "bright_ti4": "299.57", "scan": "0.39", "track": "0.36", "acq_date": "2026-09-30", "acq_time": "22", "satellite": "N21", "instrument": "VIIRS", "confidence": "n", "version": "2.0NRT", "bright_ti5": "281.65", "frp": "13", "daynight": "N"}}, {"type": "Feature", "geometry": {"type": "Point", "coordinates": [19.76812, 28.91475]}, "properties": {"latitude": "28.91475", "longitude": "19.76812", "bright_ti4": "301.39", "scan": "0.39", "track": "0.36", "acq_date": "2026-09-30", "acq_time": "22", "satellite": "N21", "instrument": "VIIRS", "confidence": "n", "version": "2.0NRT", "bright_ti5": "284.97", "frp": "0.45", "daynight": "N"}}, {"type": "Feature", "geometry": {"type": "Point", "coordinates": [19.76421, 28.91534]}, "properties": {"latitude": "28.91534", "longitude": "19.76421", "bright_ti4": "299.74", "scan": "0.39", "track": "0.36", "acq_date": "2026-09-30", "acq_time": "22", "satellite": "N21", "instrument": "VIIRS", "confidence": "n", "version": "2.0NRT", "bright_ti5": "287.53", "frp": "0.45", "daynight": "N"}}, {"type": "Feature", "geometry": {"type": "Point", "coordinates": [19.7766, 28.91687]}, "properties": {"latitude": "28.91687", "longitude": "19.7766", "bright_ti4": "301.71", "scan": "0.39", "track": "0.36", "acq_date": "2026-09-30", "acq_time": "22", "satellite": "N21", "instrument": "VIIRS", "confidence": "n", "version": "2.0NRT", "bright_ti5": "286.26", "frp": "0.37", "daynight": "N"}}, {"type": "Feature", "geometry": {"type": "Point", "coordinates": [19.77267, 28.91746]}, "properties": {"latitude": "28.91746", "longitude": "19.77267", "bright_ti4": "298.75", "scan": "0.39", "track": "0.36", "acq_date": "2026-09-30", "acq_time": "22", "satellite": "N21", "instrument": "VIIRS", "confidence": "n", "version": "2.0NRT", "bright_ti5": "283.39", "frp": "0.37", "daynight": "N"}}, {"type": "Feature", "geometry": {"type": "Point", "coordinates": [9.74552, 28.91915]}, "properties": {"latitude": "28.91915", "longitude": "9.74552", "bright_ti4": "302.53", "scan": "0.4", "track": "0.6", "acq_date": "2026-09-30", "acq_time": "22", "satellite": "N21", "instrument": "VIIRS", "confidence": "n", "version": "2.0NRT", "bright_ti5": "275.38", "frp": "1.23", "daynight": "N"}}, {"type": "Feature", "geometry": {"type": "Point", "coordinates": [31.08054, 28.92135]}, "properties": {"latitude": "28.92135", "longitude": "31.08054", "bright_ti4": "315.11", "scan": "0.37", "track": "0.58", "acq_date": "2026-09-30", "acq_time": "22", "satellite": "N21", "instrument": "VIIRS", "confidence": "n", "version": "2.0NRT", "bright_ti5": "291.95", "frp": "1.96", "daynight": "N"}}, {"type": "Feature", "geometry": {"type": "Point", "coordinates": [21.50734, 28.92499]}, "properties": {"latitude": "28.92499", "longitude": "21.50734", "bright_ti4": "300.64", "scan": "0.39", "track": "0.36", "acq_date": "2026-09-30", "acq_time": "22", "satellite": "N21", "instrument": "VIIRS", "confidence": "n", "version": "2.0NRT", "bright_ti5": "287.19", "frp": "1.03", "daynight": "N"}}, {"type": "Feature", "geometry": {"type": "Point", "coordinates": [17.29741, 28.93426]}, "properties": {"latitude": "28.93426", "longitude": "17.29741", "bright_ti4": "301.55", "scan": "0.45", "track": "0.39", "acq_date": "2026-09-30", "acq_time": "22", "satellite": "N21", "instrument": "VIIRS", "confidence": "n", "version": "2.0NRT", "bright_ti5": "289.27", "frp": "0.78", "daynight": "N"}}, {"type": "Feature", "geometry": {"type": "Point", "coordinates": [10.04679, 28.95663]}, "properties": {"latitude": "28.95663", "longitude": "10.04679", "bright_ti4": "295.65", "scan": "0.38", "track": "0.59", "acq_date": "2026-09-30", "acq_time": "22", "satellite": "N21", "instrument": "VIIRS", "confidence": "n", "version": "2.0NRT", "bright_ti5": "278.54", "frp": "0.33", "daynight": "N"}}, {"type": "Feature", "geometry": {"type": "Point", "coordinates": [10.04045, 28.97348]}, "properties": {"latitude": "28.97348", "longitude": "10.04045", "bright_ti4": "296.22", "scan": "0.38", "track": "0.59", "acq_date": "2026-09-30", "acq_time": "22", "satellite": "N21", "instrument": "VIIRS", "confidence": "n", "version": "2.0NRT", "bright_ti5": "277.81", "frp": "0.38", "daynight": "N"}}, {"type": "Feature", "geometry": {"type": "Point", "coordinates": [31.2002, 29.01444]}, "properties": {"latitude": "29.01444", "longitude": "31.2002", "bright_ti4": "308.94", "scan": "0.38", "track": "0.59", "acq_date": "2026-09-30", "acq_time": "22", "satellite": "N21", "instrument": "VIIRS", "confidence": "n", "version": "2.0NRT", "bright_ti5": "291.88", "frp": "2.15", "daynight": "N"}}, {"type": "Feature", "geometry": {"type": "Point", "coordinates": [31.20555, 29.01877]}, "properties": {"latitude": "29.01877", "longitude": "31.20555", "bright_ti4": "312.24", "scan": "0.38", "track": "0.59", "acq_date": "2026-09-30", "acq_time": "22", "satellite": "N21", "instrument": "VIIRS", "confidence": "n", "version": "2.0NRT", "bright_ti5": "292.29", "frp": "2.1", "daynight": "N"}}, {"type": "Feature", "geometry": {"type": "Point", "coordinates": [31.20185, 29.01964]}, "properties": {"latitude": "29.01964", "longitude": "31.20185", "bright_ti4": "313.44", "scan": "0.38", "track": "0.59", "acq_date": "2026-09-30", "acq_time": "22", "satellite": "N21", "instrument": "VIIRS", "confidence": "n", "version": "2.0NRT", "bright_ti5": "292.28", "frp": "2.1", "daynight": "N"}}, {"type": "Feature", "geometry": {"type": "Point", "coordinates": [20.78547, 29.03768]}, "properties": {"latitude": "29.03768", "longitude": "20.78547", "bright_ti4": "340.41", "scan": "0.38", "track": "0.36", "acq_date": "2026-09-30", "acq_time": "22", "satellite": "N21", "instrument": "VIIRS", "confidence": "n", "version": "2.0NRT", "bright_ti5": "293.16", "frp": "7.11", "daynight": "N"}}, {"type": "Feature", "geometry": {"type": "Point", "coordinates": [31.16952, 29.04861]}, "properties": {"latitude": "29.04861", "longitude": "31.16952", "bright_ti4": "301.89", "scan": "0.38", "track": "0.58", "acq_date": "2026-09-30", "acq_time": "22", "satellite": "N21", "instrument": "VIIRS", "confidence": "n", "version": "2.0NRT", "bright_ti5": "290.72", "frp": "1.24", "daynight": "N"}}, {"type": "Feature", "geometry": {"type": "Point", "coordinates": [31.17188, 29.04909]}, "properties": {"latitude": "29.04909", "longitude": "31.17188", "bright_ti4": "305.42", "scan": "0.38", "track": "0.58", "acq_date": "2026-09-30", "acq_time": "22", "satellite": "N21", "instrument": "VIIRS", "confidence": "n", "version": "2.0NRT", "bright_ti5": "290.75", "frp": "0.85", "daynight": "N"}}, {"type": "Feature", "geometry": {"type": "Point", "coordinates": [20.78491, 29.0547]}, "properties": {"latitude": "29.0547", "longitude": "20.78491", "bright_ti4": "339.73", "scan": "0.38", "track": "0.36", "acq_date": "2026-09-30", "acq_time": "22", "satellite": "N21", "instrument": "VIIRS", "confidence": "n", "version": "2.0NRT", "bright_ti5": "292.4", "frp": "4.57", "daynight": "N"}}, {"type": "Feature", "geometry": {"type": "Point", "coordinates": [19.05894, 29.06981]}, "properties": {"latitude": "29.06981", "longitude": "19.05894", "bright_ti4": "301.98", "scan": "0.4", "track": "0.37", "acq_date": "2026-09-30", "acq_time": "22", "satellite": "N21", "instrument": "VIIRS", "confidence": "n", "version": "2.0NRT", "bright_ti5": "290.96", "frp": "8.78", "daynight": "N"}}, {"type": "Feature", "geometry": {"type": "Point", "coordinates": [19.06362, 29.07257]}, "properties": {"latitude": "29.07257", "longitude": "19.06362", "bright_ti4": "329.63", "scan": "0.4", "track": "0.37", "acq_date": "2026-09-30", "acq_time": "22", "satellite": "N21", "instrument": "VIIRS", "confidence": "n", "version": "2.0NRT", "bright_ti5": "294.28", "frp": "12.2", "daynight": "N"}}, {"type": "Feature", "geometry": {"type": "Point", "coordinates": [19.05956, 29.07315]}, "properties": {"latitude": "29.07315", "longitude": "19.05956", "bright_ti4": "334.14", "scan": "0.4", "track": "0.37", "acq_date": "2026-09-30", "acq_time": "22", "satellite": "N21", "instrument": "VIIRS", "confidence": "n", "version": "2.0NRT", "bright_ti5": "302.73", "frp": "8.78", "daynight": "N"}}, {"type": "Feature", "geometry": {"type": "Point", "coordinates": [21.44585, 29.14339]}, "properties": {"latitude": "29.14339", "longitude": "21.44585", "bright_ti4": "309.48", "scan": "0.39", "track": "0.36", "acq_date": "2026-09-30", "acq_time": "22", "satellite": "N21", "instrument": "VIIRS", "confidence": "n", "version": "2.0NRT", "bright_ti5": "291.58", "frp": "1.47", "daynight": "N"}}, {"type": "Feature", "geometry": {"type": "Point", "coordinates": [21.45443, 29.1454]}, "properties": {"latitude": "29.1454", "longitude": "21.45443", "bright_ti4": "315.5", "scan": "0.39", "track": "0.36", "acq_date": "2026-09-30", "acq_time": "22", "satellite": "N21", "instrument": "VIIRS", "confidence": "n", "version": "2.0NRT", "bright_ti5": "292.12", "frp": "1.72", "daynight": "N"}}, {"type": "Feature", "geometry": {"type": "Point", "coordinates": [21.42726, 29.19069]}, "properties": {"latitude": "29.19069", "longitude": "21.42726", "bright_ti4": "329.79", "scan": "0.39", "track": "0.36", "acq_date": "2026-09-30", "acq_time": "22", "satellite": "N21", "instrument": "VIIRS", "confidence": "n", "version": "2.0NRT", "bright_ti5": "292.63", "frp": "3.23", "daynight": "N"}}, {"type": "Feature", "geometry": {"type": "Point", "coordinates": [21.52947, 29.19112]}, "properties": {"latitude": "29.19112", "longitude": "21.52947", "bright_ti4": "303.2", "scan": "0.39", "track": "0.36", "acq_date": "2026-09-30", "acq_time": "22", "satellite": "N21", "instrument": "VIIRS", "confidence": "n", "version": "2.0NRT", "bright_ti5": "291.71", "frp": "0.89", "daynight": "N"}}, {"type": "Feature", "geometry": {"type": "Point", "coordinates": [19.69691, 29.23162]}, "properties": {"latitude": "29.23162", "longitude": "19.69691", "bright_ti4": "330.07", "scan": "0.39", "track": "0.36", "acq_date": "2026-09-30", "acq_time": "22", "satellite": "N21", "instrument": "VIIRS", "confidence": "n", "version": "2.0NRT", "bright_ti5": "294.23", "frp": "13.92", "daynight": "N"}}, {"type": "Feature", "geometry": {"type": "Point", "coordinates": [17.9689, 29.44139]}, "properties": {"latitude": "29.44139", "longitude": "17.9689", "bright_ti4": "325.06", "scan": "0.43", "track": "0.38", "acq_date": "2026-09-30", "acq_time": "22", "satellite": "N21", "instrument": "VIIRS", "confidence": "n", "version": "2.0NRT", "bright_ti5": "288.94", "frp": "2.95", "daynight": "N"}}, {"type": "Feature", "geometry": {"type": "Point", "coordinates": [17.93611, 29.48483]}, "properties": {"latitude": "29.48483", "longitude": "17.93611", "bright_ti4": "303.99", "scan": "0.43", "track": "0.38", "acq_date": "2026-09-30", "acq_time": "22", "satellite": "N21", "instrument": "VIIRS", "confidence": "n", "version": "2.0NRT", "bright_ti5": "288.26", "frp": "0.65", "daynight": "N"}}, {"type": "Feature", "geometry": {"type": "Point", "coordinates": [28.43859, 29.52923]}, "properties": {"latitude": "29.52923", "longitude": "28.43859", "bright_ti4": "305.12", "scan": "0.51", "track": "0.49", "acq_date": "2026-09-30", "acq_time": "22", "satellite": "N21", "instrument": "VIIRS", "confidence": "n", "version": "2.0NRT", "bright_ti5": "287.28", "frp": "1.42", "daynight": "N"}}, {"type": "Feature", "geometry": {"type": "Point", "coordinates": [29.46387, 29.63058]}, "properties": {"latitude": "29.63058", "longitude": "29.46387", "bright_ti4": "297.25", "scan": "0.58", "track": "0.52", "acq_date": "2026-09-30", "acq_time": "22", "satellite": "N21", "instrument": "VIIRS", "confidence": "n", "version": "2.0NRT", "bright_ti5": "286.91", "frp": "0.7", "daynight": "N"}}, {"type": "Feature", "geometry": {"type": "Point", "coordinates": [28.71786, 29.63252]}, "properties": {"latitude": "29.63252", "longitude": "28.71786", "bright_ti4": "299.24", "scan": "0.52", "track": "0.5", "acq_date": "2026-09-30", "acq_time": "22", "satellite": "N21", "instrument": "VIIRS", "confidence": "n", "version": "2.0NRT", "bright_ti5": "287.46", "frp": "0.77", "daynight": "N"}}, {"type": "Feature", "geometry": {"type": "Point", "coordinates": [32.32116, 29.69114]}, "properties": {"latitude": "29.69114", "longitude": "32.32116", "bright_ti4": "320.76", "scan": "0.42", "track": "0.61", "acq_date": "2026-09-30", "acq_time": "22", "satellite": "N21", "instrument": "VIIRS", "confidence": "n", "version": "2.0NRT", "bright_ti5": "289.88", "frp": "3.65", "daynight": "N"}}, {"type": "Feature", "geometry": {"type": "Point", "coordinates": [6.70085, 29.69521]}, "properties": {"latitude": "29.69521", "longitude": "6.70085", "bright_ti4": "312.36", "scan": "0.62", "track": "0.72", "acq_date": "2026-09-30", "acq_time": "22", "satellite": "N21", "instrument": "VIIRS", "confidence": "n", "version": "2.0NRT", "bright_ti5": "282.92", "frp": "4.43", "daynight": "N"}}, {"type": "Feature", "geometry": {"type": "Point", "coordinates": [6.71411, 29.69982]}, "properties": {"latitude": "29.69982", "longitude": "6.71411", "bright_ti4": "301", "scan": "0.62", "track": "0.72", "acq_date": "2026-09-30", "acq_time": "22", "satellite": "N21", "instrument": "VIIRS", "confidence": "n", "version": "2.0NRT", "bright_ti5": "286.02", "frp": "1.18", "daynight": "N"}}, {"type": "Feature", "geometry": {"type": "Point", "coordinates": [6.70764, 29.70012]}, "properties": {"latitude": "29.70012", "longitude": "6.70764", "bright_ti4": "298.96", "scan": "0.62", "track": "0.72", "acq_date": "2026-09-30", "acq_time": "22", "satellite": "N21", "instrument": "VIIRS", "confidence": "n", "version": "2.0NRT", "bright_ti5": "283.39", "frp": "1.18", "daynight": "N"}}, {"type": "Feature", "geometry": {"type": "Point", "coordinates": [31.32396, 29.74783]}, "properties": {"latitude": "29.74783", "longitude": "31.32396", "bright_ti4": "302.05", "scan": "0.37", "track": "0.58", "acq_date": "2026-09-30", "acq_time": "22", "satellite": "N21", "instrument": "VIIRS", "confidence": "n", "version": "2.0NRT", "bright_ti5": "290.15", "frp": "0.61", "daynight": "N"}}, {"type": "Feature", "geometry": {"type": "Point", "coordinates": [31.31989, 29.7599]}, "properties": {"latitude": "29.7599", "longitude": "31.31989", "bright_ti4": "313.23", "scan": "0.37", "track": "0.58", "acq_date": "2026-09-30", "acq_time": "22", "satellite": "N21", "instrument": "VIIRS", "confidence": "n", "version": "2.0NRT", "bright_ti5": "290.21", "frp": "1.45", "daynight": "N"}}, {"type": "Feature", "geometry": {"type": "Point", "coordinates": [31.31623, 29.76077]}, "properties": {"latitude": "29.76077", "longitude": "31.31623", "bright_ti4": "304.23", "scan": "0.37", "track": "0.58", "acq_date": "2026-09-30", "acq_time": "22", "satellite": "N21", "instrument": "VIIRS", "confidence": "n", "version": "2.0NRT", "bright_ti5": "290.29", "frp": "1.39", "daynight": "N"}}, {"type": "Feature", "geometry": {"type": "Point", "coordinates": [32.21472, 29.77034]}, "properties": {"latitude": "29.77034", "longitude": "32.21472", "bright_ti4": "305.53", "scan": "0.42", "track": "0.61", "acq_date": "2026-09-30", "acq_time": "22", "satellite": "N21", "instrument": "VIIRS", "confidence": "n", "version": "2.0NRT", "bright_ti5": "288.96", "frp": "0.68", "daynight": "N"}}, {"type": "Feature", "geometry": {"type": "Point", "coordinates": [17.55736, 29.78445]}, "properties": {"latitude": "29.78445", "longitude": "17.55736", "bright_ti4": "301.04", "scan": "0.45", "track": "0.39", "acq_date": "2026-09-30", "acq_time": "22", "satellite": "N21", "instrument": "VIIRS", "confidence": "n", "version": "2.0NRT", "bright_ti5": "288.31", "frp": "0.54", "daynight": "N"}}, {"type": "Feature", "geometry": {"type": "Point", "coordinates": [32.09177, 29.80626]}, "properties": {"latitude": "29.80626", "longitude": "32.09177", "bright_ti4": "320.78", "scan": "0.41", "track": "0.61", "acq_date": "2026-09-30", "acq_time": "22", "satellite": "N21", "instrument": "VIIRS", "confidence": "n", "version": "2.0NRT", "bright_ti5": "290.6", "frp": "3.85", "daynight": "N"}}, {"type": "Feature", "geometry": {"type": "Point", "coordinates": [32.08762, 29.80727]}, "properties": {"latitude": "29.80727", "longitude": "32.08762", "bright_ti4": "311.43", "scan": "0.41", "track": "0.61", "acq_date": "2026-09-30", "acq_time": "22", "satellite": "N21", "instrument": "VIIRS", "confidence": "n", "version": "2.0NRT", "bright_ti5": "289.37", "frp": "3.39", "daynight": "N"}}, {"type": "Feature", "geometry": {"type": "Point", "coordinates": [31.30929, 29.82312]}, "properties": {"latitude": "29.82312", "longitude": "31.30929", "bright_ti4": "311.15", "scan": "0.37", "track": "0.58", "acq_date": "2026-09-30", "acq_time": "22", "satellite": "N21", "instrument": "VIIRS", "confidence": "n", "version": "2.0NRT", "bright_ti5": "291.52", "frp": "0.89", "daynight": "N"}}, {"type": "Feature", "geometry": {"type": "Point", "coordinates": [17.28811, 29.82351]}, "properties": {"latitude": "29.82351", "longitude": "17.28811", "bright_ti4": "312.67", "scan": "0.46", "track": "0.39", "acq_date": "2026-09-30", "acq_time": "22", "satellite": "N21", "instrument": "VIIRS", "confidence": "n", "version": "2.0NRT", "bright_ti5": "288.88", "frp": "0.94", "daynight": "N"}}, {"type": "Feature", "geometry": {"type": "Point", "coordinates": [27.94914, 29.8495]}, "properties": {"latitude": "29.8495", "longitude": "27.94914", "bright_ti4": "306.5", "scan": "0.47", "track": "0.48", "acq_date": "2026-09-30", "acq_time": "22", "satellite": "N21", "instrument": "VIIRS", "confidence": "n", "version": "2.0NRT", "bright_ti5": "288.9", "frp": "1.42", "daynight": "N"}}, {"type": "Feature", "geometry": {"type": "Point", "coordinates": [32.46487, 29.92408]}, "properties": {"latitude": "29.92408", "longitude": "32.46487", "bright_ti4": "301.41", "scan": "0.43", "track": "0.62", "acq_date": "2026-09-30", "acq_time": "22", "satellite": "N21", "instrument": "VIIRS", "confidence": "n", "version": "2.0NRT", "bright_ti5": "288.81", "frp": "1.37", "daynight": "N"}}, {"type": "Feature", "geometry": {"type": "Point", "coordinates": [27.22648, 30.36469]}, "properties": {"latitude": "30.36469", "longitude": "27.22648", "bright_ti4": "309.93", "scan": "0.42", "track": "0.45", "acq_date": "2026-09-30", "acq_time": "22", "satellite": "N21", "instrument": "VIIRS", "confidence": "n", "version": "2.0NRT", "bright_ti5": "286.19", "frp": "1.07", "daynight": "N"}}, {"type": "Feature", "geometry": {"type": "Point", "coordinates": [30.5657, 30.37966]}, "properties": {"latitude": "30.37966", "longitude": "30.5657", "bright_ti4": "303.52", "scan": "0.32", "track": "0.55", "acq_date": "2026-09-30", "acq_time": "22", "satellite": "N21", "instrument": "VIIRS", "confidence": "n", "version": "2.0NRT", "bright_ti5": "290.27", "frp": "1.03", "daynight": "N"}}, {"type": "Feature", "geometry": {"type": "Point", "coordinates": [30.5867, 30.3905]}, "properties": {"latitude": "30.3905", "longitude": "30.5867", "bright_ti4": "318.89", "scan": "0.32", "track": "0.55", "acq_date": "2026-09-30", "acq_time": "22", "satellite": "N21", "instrument": "VIIRS", "confidence": "n", "version": "2.0NRT", "bright_ti5": "292.1", "frp": "2.24", "daynight": "N"}}, {"type": "Feature", "geometry": {"type": "Point", "coordinates": [19.61117, 30.40373]}, "properties": {"latitude": "30.40373", "longitude": "19.61117", "bright_ti4": "316.85", "scan": "0.39", "track": "0.37", "acq_date": "2026-09-30", "acq_time": "22", "satellite": "N21", "instrument": "VIIRS", "confidence": "n", "version": "2.0NRT", "bright_ti5": "291.19", "frp": "1.27", "daynight": "N"}}, {"type": "Feature", "geometry": {"type": "Point", "coordinates": [19.59894, 30.4055]}, "properties": {"latitude": "30.4055", "longitude": "19.59894", "bright_ti4": "321.06", "scan": "0.39", "track": "0.37", "acq_date": "2026-09-30", "acq_time": "22", "satellite": "N21", "instrument": "VIIRS", "confidence": "n", "version": "2.0NRT", "bright_ti5": "292.13", "frp": "2.85", "daynight": "N"}}, {"type": "Feature", "geometry": {"type": "Point", "coordinates": [19.57855, 30.40845]}, "properties": {"latitude": "30.40845", "longitude": "19.57855", "bright_ti4": "303.46", "scan": "0.39", "track": "0.37", "acq_date": "2026-09-30", "acq_time": "22", "satellite": "N21", "instrument": "VIIRS", "confidence": "n", "version": "2.0NRT", "bright_ti5": "292.01", "frp": "1.16", "daynight": "N"}}, {"type": "Feature", "geometry": {"type": "Point", "coordinates": [25.91902, 30.50515]}, "properties": {"latitude": "30.50515", "longitude": "25.91902", "bright_ti4": "310.36", "scan": "0.53", "track": "0.42", "acq_date": "2026-09-30", "acq_time": "22", "satellite": "N21", "instrument": "VIIRS", "confidence": "n", "version": "2.0NRT", "bright_ti5": "287.62", "frp": "0.9", "daynight": "N"}}, {"type": "Feature", "geometry": {"type": "Point", "coordinates": [26.08182, 30.53164]}, "properties": {"latitude": "30.53164", "longitude": "26.08182", "bright_ti4": "314.3", "scan": "0.54", "track": "0.42", "acq_date": "2026-09-30", "acq_time": "22", "satellite": "N21", "instrument": "VIIRS", "confidence": "n", "version": "2.0NRT", "bright_ti5": "287.98", "frp": "2.29", "daynight": "N"}}, {"type": "Feature", "geometry": {"type": "Point", "coordinates": [26.08832, 30.53435]}, "properties": {"latitude": "30.53435", "longitude": "26.08832", "bright_ti4": "305.16", "scan": "0.54", "track": "0.42", "acq_date": "2026-09-30", "acq_time": "22", "satellite": "N21", "instrument": "VIIRS", "confidence": "n", "version": "2.0NRT", "bright_ti5": "287.94", "frp": "1.16", "daynight": "N"}}, {"type": "Feature", "geometry": {"type": "Point", "coordinates": [28.49286, 30.53815]}, "properties": {"latitude": "30.53815", "longitude": "28.49286", "bright_ti4": "310.46", "scan": "0.49", "track": "0.48", "acq_date": "2026-09-30", "acq_time": "22", "satellite": "N21", "instrument": "VIIRS", "confidence": "n", "version": "2.0NRT", "bright_ti5": "288.56", "frp": "1.21", "daynight": "N"}}, {"type": "Feature", "geometry": {"type": "Point", "coordinates": [26.36869, 30.67076]}, "properties": {"latitude": "30.67076", "longitude": "26.36869", "bright_ti4": "316.17", "scan": "0.55", "track": "0.43", "acq_date": "2026-09-30", "acq_time": "22", "satellite": "N21", "instrument": "VIIRS", "confidence": "n", "version": "2.0NRT", "bright_ti5": "287.14", "frp": "3.14", "daynight": "N"}}, {"type": "Feature", "geometry": {"type": "Point", "coordinates": [12.49785, 30.68534]}, "properties": {"latitude": "30.68534", "longitude": "12.49785", "bright_ti4": "302.65", "scan": "0.56", "track": "0.52", "acq_date": "2026-09-30", "acq_time": "22", "satellite": "N21", "instrument": "VIIRS", "confidence": "n", "version": "2.0NRT", "bright_ti5": "285.53", "frp": "2.36", "daynight": "N"}}, {"type": "Feature", "geometry": {"type": "Point", "coordinates": [12.49877, 30.68629]}, "properties": {"latitude": "30.68629", "longitude": "12.49877", "bright_ti4": "309.88", "scan": "0.57", "track": "0.52", "acq_date": "2026-09-30", "acq_time": "22", "satellite": "N21", "instrument": "VIIRS", "confidence": "n", "version": "2.0NRT", "bright_ti5": "285.35", "frp": "1.44", "daynight": "N"}}, {"type": "Feature", "geometry": {"type": "Point", "coordinates": [27.72564, 30.699]}, "properties": {"latitude": "30.699", "longitude": "27.72564", "bright_ti4": "298.51", "scan": "0.44", "track": "0.46", "acq_date": "2026-09-30", "acq_time": "22", "satellite": "N21", "instrument": "VIIRS", "confidence": "n", "version": "2.0NRT", "bright_ti5": "287.87", "frp": "0.77", "daynight": "N"}}, {"type": "Feature", "geometry": {"type": "Point", "coordinates": [27.0792, 30.74246]}, "properties": {"latitude": "30.74246", "longitude": "27.0792", "bright_ti4": "299.67", "scan": "0.4", "track": "0.44", "acq_date": "2026-09-30", "acq_time": "22", "satellite": "N21", "instrument": "VIIRS", "confidence": "n", "version": "2.0NRT", "bright_ti5": "286.87", "frp": "0.63", "daynight": "N"}}, {"type": "Feature", "geometry": {"type": "Point", "coordinates": [27.46894, 30.75606]}, "properties": {"latitude": "30.75606", "longitude": "27.46894", "bright_ti4": "306.77", "scan": "0.42", "track": "0.45", "acq_date": "2026-09-30", "acq_time": "22", "satellite": "N21", "instrument": "VIIRS", "confidence": "n", "version": "2.0NRT", "bright_ti5": "287.11", "frp": "1.11", "daynight": "N"}}, {"type": "Feature", "geometry": {"type": "Point", "coordinates": [27.46464, 30.75693]}, "properties": {"latitude": "30.75693", "longitude": "27.46464", "bright_ti4": "297.73", "scan": "0.42", "track": "0.45", "acq_date": "2026-09-30", "acq_time": "22", "satellite": "N21", "instrument": "VIIRS", "confidence": "n", "version": "2.0NRT", "bright_ti5": "286.5", "frp": "0.98", "daynight": "N"}}, {"type": "Feature", "geometry": {"type": "Point", "coordinates": [27.10839, 30.77017]}, "properties": {"latitude": "30.77017", "longitude": "27.10839", "bright_ti4": "298.88", "scan": "0.4", "track": "0.44", "acq_date": "2026-09-30", "acq_time": "22", "satellite": "N21", "instrument": "VIIRS", "confidence": "n", "version": "2.0NRT", "bright_ti5": "287.99", "frp": "0.7", "daynight": "N"}}, {"type": "Feature", "geometry": {"type": "Point", "coordinates": [27.10428, 30.77101]}, "properties": {"latitude": "30.77101", "longitude": "27.10428", "bright_ti4": "305.95", "scan": "0.4", "track": "0.44", "acq_date": "2026-09-30", "acq_time": "22", "satellite": "N21", "instrument": "VIIRS", "confidence": "n", "version": "2.0NRT", "bright_ti5": "288.26", "frp": "0.88", "daynight": "N"}}, {"type": "Feature", "geometry": {"type": "Point", "coordinates": [27.26678, 30.77166]}, "properties": {"latitude": "30.77166", "longitude": "27.26678", "bright_ti4": "297.53", "scan": "0.41", "track": "0.45", "acq_date": "2026-09-30", "acq_time": "22", "satellite": "N21", "instrument": "VIIRS", "confidence": "n", "version": "2.0NRT", "bright_ti5": "287.06", "frp": "0.35", "daynight": "N"}}, {"type": "Feature", "geometry": {"type": "Point", "coordinates": [27.2717, 30.81297]}, "properties": {"latitude": "30.81297", "longitude": "27.2717", "bright_ti4": "302.86", "scan": "0.41", "track": "0.45", "acq_date": "2026-09-30", "acq_time": "22", "satellite": "N21", "instrument": "VIIRS", "confidence": "n", "version": "2.0NRT", "bright_ti5": "287.84", "frp": "0.86", "daynight": "N"}}, {"type": "Feature", "geometry": {"type": "Point", "coordinates": [27.0223, 30.81713]}, "properties": {"latitude": "30.81713", "longitude": "27.0223", "bright_ti4": "318.3", "scan": "0.4", "track": "0.44", "acq_date": "2026-09-30", "acq_time": "22", "satellite": "N21", "instrument": "VIIRS", "confidence": "n", "version": "2.0NRT", "bright_ti5": "287.06", "frp": "1.37", "daynight": "N"}}, {"type": "Feature", "geometry": {"type": "Point", "coordinates": [28.6689, 30.84048]}, "properties": {"latitude": "30.84048", "longitude": "28.6689", "bright_ti4": "313.65", "scan": "0.49", "track": "0.49", "acq_date": "2026-09-30", "acq_time": "22", "satellite": "N21", "instrument": "VIIRS", "confidence": "n", "version": "2.0NRT", "bright_ti5": "287.85", "frp": "1.22", "daynight": "N"}}, {"type": "Feature", "geometry": {"type": "Point", "coordinates": [28.66786, 30.84118]}, "properties": {"latitude": "30.84118", "longitude": "28.66786", "bright_ti4": "302.95", "scan": "0.49", "track": "0.49", "acq_date": "2026-09-30", "acq_time": "22", "satellite": "N21", "instrument": "VIIRS", "confidence": "n", "version": "2.0NRT", "bright_ti5": "287.71", "frp": "0.91", "daynight": "N"}}, {"type": "Feature", "geometry": {"type": "Point", "coordinates": [26.62063, 30.85683]}, "properties": {"latitude": "30.85683", "longitude": "26.62063", "bright_ti4": "299.45", "scan": "0.57", "track": "0.43", "acq_date": "2026-09-30", "acq_time": "22", "satellite": "N21", "instrument": "VIIRS", "confidence": "n", "version": "2.0NRT", "bright_ti5": "287.01", "frp": "0.98", "daynight": "N"}}, {"type": "Feature", "geometry": {"type": "Point", "coordinates": [20.08566, 30.89529]}, "properties": {"latitude": "30.89529", "longitude": "20.08566", "bright_ti4": "303.34", "scan": "0.39", "track": "0.36", "acq_date": "2026-09-30", "acq_time": "22", "satellite": "N21", "instrument": "VIIRS", "confidence": "n", "version": "2.0NRT", "bright_ti5": "289.75", "frp": "0.36", "daynight": "N"}}, {"type": "Feature", "geometry": {"type": "Point", "coordinates": [27.55522, 30.93299]}, "properties": {"latitude": "30.93299", "longitude": "27.55522", "bright_ti4": "307.09", "scan": "0.42", "track": "0.45", "acq_date": "2026-09-30", "acq_time": "22", "satellite": "N21", "instrument": "VIIRS", "confidence": "n", "version": "2.0NRT", "bright_ti5": "288.28", "frp": "1.32", "daynight": "N"}}, {"type": "Feature", "geometry": {"type": "Point", "coordinates": [20.11429, 30.95573]}, "properties": {"latitude": "30.95573", "longitude": "20.11429", "bright_ti4": "318.2", "scan": "0.39", "track": "0.36", "acq_date": "2026-09-30", "acq_time": "22", "satellite": "N21", "instrument": "VIIRS", "confidence": "n", "version": "2.0NRT", "bright_ti5": "291.78", "frp": "1.82", "daynight": "N"}}, {"type": "Feature", "geometry": {"type": "Point", "coordinates": [27.33999, 30.96868]}, "properties": {"latitude": "30.96868", "longitude": "27.33999", "bright_ti4": "304.07", "scan": "0.41", "track": "0.45", "acq_date": "2026-09-30", "acq_time": "22", "satellite": "N21", "instrument": "VIIRS", "confidence": "n", "version": "2.0NRT", "bright_ti5": "286.97", "frp": "1.14", "daynight": "N"}}, {"type": "Feature", "geometry": {"type": "Point", "coordinates": [10.06243, 31.00482]}, "properties": {"latitude": "31.00482", "longitude": "10.06243", "bright_ti4": "296.07", "scan": "0.4", "track": "0.6", "acq_date": "2026-09-30", "acq_time": "22", "satellite": "N21", "instrument": "VIIRS", "confidence": "n", "version": "2.0NRT", "bright_ti5": "284.85", "frp": "0.63", "daynight": "N"}}, {"type": "Feature", "geometry": {"type": "Point", "coordinates": [10.05894, 31.00537]}, "properties": {"latitude": "31.00537", "longitude": "10.05894", "bright_ti4": "296.5", "scan": "0.4", "track": "0.6", "acq_date": "2026-09-30", "acq_time": "22", "satellite": "N21", "instrument": "VIIRS", "confidence": "n", "version": "2.0NRT", "bright_ti5": "284.92", "frp": "0.73", "daynight": "N"}}, {"type": "Feature", "geometry": {"type": "Point", "coordinates": [29.7562, 31.02639]}, "properties": {"latitude": "31.02639", "longitude": "29.7562", "bright_ti4": "302.22", "scan": "0.56", "track": "0.52", "acq_date": "2026-09-30", "acq_time": "22", "satellite": "N21", "instrument": "VIIRS", "confidence": "n", "version": "2.0NRT", "bright_ti5": "290.98", "frp": "2.49", "daynight": "N"}}, {"type": "Feature", "geometry": {"type": "Point", "coordinates": [29.75064, 31.02763]}, "properties": {"latitude": "31.02763", "longitude": "29.75064", "bright_ti4": "300.91", "scan": "0.56", "track": "0.51", "acq_date": "2026-09-30", "acq_time": "22", "satellite": "N21", "instrument": "VIIRS", "confidence": "n", "version": "2.0NRT", "bright_ti5": "289.79", "frp": "1.89", "daynight": "N"}}, {"type": "Feature", "geometry": {"type": "Point", "coordinates": [29.81593, 31.05952]}, "properties": {"latitude": "31.05952", "longitude": "29.81593", "bright_ti4": "302.12", "scan": "0.56", "track": "0.52", "acq_date": "2026-09-30", "acq_time": "22", "satellite": "N21", "instrument": "VIIRS", "confidence": "n", "version": "2.0NRT", "bright_ti5": "289.51", "frp": "0.95", "daynight": "N"}}, {"type": "Feature", "geometry": {"type": "Point", "coordinates": [8.68373, 31.11465]}, "properties": {"latitude": "31.11465", "longitude": "8.68373", "bright_ti4": "336.22", "scan": "0.49", "track": "0.65", "acq_date": "2026-09-30", "acq_time": "22", "satellite": "N21", "instrument": "VIIRS", "confidence": "n", "version": "2.0NRT", "bright_ti5": "285.15", "frp": "4.3", "daynight": "N"}}, {"type": "Feature", "geometry": {"type": "Point", "coordinates": [29.8105, 31.11983]}, "properties": {"latitude": "31.11983", "longitude": "29.8105", "bright_ti4": "311.94", "scan": "0.56", "track": "0.52", "acq_date": "2026-09-30", "acq_time": "22", "satellite": "N21", "instrument": "VIIRS", "confidence": "n", "version": "2.0NRT", "bright_ti5": "291.6", "frp": "2.59", "daynight": "N"}}, {"type": "Feature", "geometry": {"type": "Point", "coordinates": [29.84212, 31.1423]}, "properties": {"latitude": "31.1423", "longitude": "29.84212", "bright_ti4": "304.97", "scan": "0.56", "track": "0.52", "acq_date": "2026-09-30", "acq_time": "22", "satellite": "N21", "instrument": "VIIRS", "confidence": "n", "version": "2.0NRT", "bright_ti5": "291.5", "frp": "1.53", "daynight": "N"}}, {"type": "Feature", "geometry": {"type": "Point", "coordinates": [10.60562, 31.3872]}, "properties": {"latitude": "31.3872", "longitude": "10.60562", "bright_ti4": "297.92", "scan": "0.37", "track": "0.58", "acq_date": "2026-09-30", "acq_time": "22", "satellite": "N21", "instrument": "VIIRS", "confidence": "n", "version": "2.0NRT", "bright_ti5": "283.87", "frp": "0.31", "daynight": "N"}}, {"type": "Feature", "geometry": {"type": "Point", "coordinates": [6.06352, 31.66188]}, "properties": {"latitude": "31.66188", "longitude": "6.06352", "bright_ti4": "296", "scan": "0.71", "track": "0.75", "acq_date": "2026-09-30", "acq_time": "22", "satellite": "N21", "instrument": "VIIRS", "confidence": "n", "version": "2.0NRT", "bright_ti5": "276.13", "frp": "3.82", "daynight": "N"}}, {"type": "Feature", "geometry": {"type": "Point", "coordinates": [6.05603, 31.66214]}, "properties": {"latitude": "31.66214", "longitude": "6.05603", "bright_ti4": "325.29", "scan": "0.71", "track": "0.75", "acq_date": "2026-09-30", "acq_time": "22", "satellite": "N21", "instrument": "VIIRS", "confidence": "n", "version": "2.0NRT", "bright_ti5": "277.28", "frp": "3.82", "daynight": "N"}}, {"type": "Feature", "geometry": {"type": "Point", "coordinates": [6.04863, 31.66241]}, "properties": {"latitude": "31.66241", "longitude": "6.04863", "bright_ti4": "314.7", "scan": "0.71", "track": "0.75", "acq_date": "2026-09-30", "acq_time": "22", "satellite": "N21", "instrument": "VIIRS", "confidence": "n", "version": "2.0NRT", "bright_ti5": "274.33", "frp": "4.64", "daynight": "N"}}, {"type": "Feature", "geometry": {"type": "Point", "coordinates": [6.06114, 31.78658]}, "properties": {"latitude": "31.78658", "longitude": "6.06114", "bright_ti4": "308.67", "scan": "0.71", "track": "0.75", "acq_date": "2026-09-30", "acq_time": "22", "satellite": "N21", "instrument": "VIIRS", "confidence": "n", "version": "2.0NRT", "bright_ti5": "283.74", "frp": "2.76", "daynight": "N"}}, {"type": "Feature", "geometry": {"type": "Point", "coordinates": [6.04781, 31.84944]}, "properties": {"latitude": "31.84944", "longitude": "6.04781", "bright_ti4": "305.52", "scan": "0.71", "track": "0.75", "acq_date": "2026-09-30", "acq_time": "22", "satellite": "N21", "instrument": "VIIRS", "confidence": "n", "version": "2.0NRT", "bright_ti5": "279.26", "frp": "1.57", "daynight": "N"}}, {"type": "Feature", "geometry": {"type": "Point", "coordinates": [6.0487, 31.84944]}, "properties": {"latitude": "31.84944", "longitude": "6.0487", "bright_ti4": "308.83", "scan": "0.71", "track": "0.75", "acq_date": "2026-09-30", "acq_time": "22", "satellite": "N21", "instrument": "VIIRS", "confidence": "n", "version": "2.0NRT", "bright_ti5": "280.95", "frp": "3.94", "daynight": "N"}}, {"type": "Feature", "geometry": {"type": "Point", "coordinates": [20.13317, 32.00738]}, "properties": {"latitude": "32.00738", "longitude": "20.13317", "bright_ti4": "316.92", "scan": "0.39", "track": "0.36", "acq_date": "2026-09-30", "acq_time": "22", "satellite": "N21", "instrument": "VIIRS", "confidence": "n", "version": "2.0NRT", "bright_ti5": "291.58", "frp": "1.65", "daynight": "N"}}, {"type": "Feature", "geometry": {"type": "Point", "coordinates": [20.13076, 32.20145]}, "properties": {"latitude": "32.20145", "longitude": "20.13076", "bright_ti4": "319.35", "scan": "0.39", "track": "0.36", "acq_date": "2026-09-30", "acq_time": "22", "satellite": "N21", "instrument": "VIIRS", "confidence": "n", "version": "2.0NRT", "bright_ti5": "290.96", "frp": "2.2", "daynight": "N"}}, {"type": "Feature", "geometry": {"type": "Point", "coordinates": [15.2203, 32.32667]}, "properties": {"latitude": "32.32667", "longitude": "15.2203", "bright_ti4": "330.6", "scan": "0.41", "track": "0.45", "acq_date": "2026-09-30", "acq_time": "22", "satellite": "N21", "instrument": "VIIRS", "confidence": "n", "version": "2.0NRT", "bright_ti5": "292.09", "frp": "3.72", "daynight": "N"}}, {"type": "Feature", "geometry": {"type": "Point", "coordinates": [6.97693, 32.35558]}, "properties": {"latitude": "32.35558", "longitude": "6.97693", "bright_ti4": "304.48", "scan": "0.63", "track": "0.72", "acq_date": "2026-09-30", "acq_time": "22", "satellite": "N21", "instrument": "VIIRS", "confidence": "n", "version": "2.0NRT", "bright_ti5": "263.34", "frp": "0.79", "daynight": "N"}}, {"type": "Feature", "geometry": {"type": "Point", "coordinates": [6.70982, 32.51734]}, "properties": {"latitude": "32.51734", "longitude": "6.70982", "bright_ti4": "307.52", "scan": "0.65", "track": "0.73", "acq_date": "2026-09-30", "acq_time": "22", "satellite": "N21", "instrument": "VIIRS", "confidence": "n", "version": "2.0NRT", "bright_ti5": "279.67", "frp": "1.67", "daynight": "N"}}, {"type": "Feature", "geometry": {"type": "Point", "coordinates": [14.32789, 32.62451]}, "properties": {"latitude": "32.62451", "longitude": "14.32789", "bright_ti4": "325.19", "scan": "0.46", "track": "0.47", "acq_date": "2026-09-30", "acq_time": "22", "satellite": "N21", "instrument": "VIIRS", "confidence": "n", "version": "2.0NRT", "bright_ti5": "292.72", "frp": "4.48", "daynight": "N"}}, {"type": "Feature", "geometry": {"type": "Point", "coordinates": [12.67461, 32.78652]}, "properties": {"latitude": "32.78652", "longitude": "12.67461", "bright_ti4": "304.69", "scan": "0.58", "track": "0.52", "acq_date": "2026-09-30", "acq_time": "22", "satellite": "N21", "instrument": "VIIRS", "confidence": "n", "version": "2.0NRT", "bright_ti5": "290.1", "frp": "1.59", "daynight": "N"}}, {"type": "Feature", "geometry": {"type": "Point", "coordinates": [12.6999, 32.78919]}, "properties": {"latitude": "32.78919", "longitude": "12.6999", "bright_ti4": "310.12", "scan": "0.58", "track": "0.52", "acq_date": "2026-09-30", "acq_time": "22", "satellite": "N21", "instrument": "VIIRS", "confidence": "n", "version": "2.0NRT", "bright_ti5": "290.01", "frp": "1.78", "daynight": "N"}}, {"type": "Feature", "geometry": {"type": "Point", "coordinates": [12.96977, 32.81955]}, "properties": {"latitude": "32.81955", "longitude": "12.96977", "bright_ti4": "307.82", "scan": "0.56", "track": "0.51", "acq_date": "2026-09-30", "acq_time": "22", "satellite": "N21", "instrument": "VIIRS", "confidence": "n", "version": "2.0NRT", "bright_ti5": "291.58", "frp": "1.78", "daynight": "N"}}, {"type": "Feature", "geometry": {"type": "Point", "coordinates": [12.05845, 33.85911]}, "properties": {"latitude": "33.85911", "longitude": "12.05845", "bright_ti4": "306.21", "scan": "0.32", "track": "0.55", "acq_date": "2026-09-30", "acq_time": "22", "satellite": "N21", "instrument": "VIIRS", "confidence": "n", "version": "2.0NRT", "bright_ti5": "292.98", "frp": "1.79", "daynight": "N"}}, {"type": "Feature", "geometry": {"type": "Point", "coordinates": [12.05495, 33.85937]}, "properties": {"latitude": "33.85937", "longitude": "12.05495", "bright_ti4": "331.6", "scan": "0.32", "track": "0.55", "acq_date": "2026-09-30", "acq_time": "22", "satellite": "N21", "instrument": "VIIRS", "confidence": "n", "version": "2.0NRT", "bright_ti5": "294.37", "frp": "1.79", "daynight": "N"}}, {"type": "Feature", "geometry": {"type": "Point", "coordinates": [12.60541, 33.89093]}, "properties": {"latitude": "33.89093", "longitude": "12.60541", "bright_ti4": "327.86", "scan": "0.6", "track": "0.53", "acq_date": "2026-09-30", "acq_time": "22", "satellite": "N21", "instrument": "VIIRS", "confidence": "n", "version": "2.0NRT", "bright_ti5": "293.72", "frp": "5.27", "daynight": "N"}}, {"type": "Feature", "geometry": {"type": "Point", "coordinates": [12.60636, 33.89349]}, "properties": {"latitude": "33.89349", "longitude": "12.60636", "bright_ti4": "321.41", "scan": "0.6", "track": "0.53", "acq_date": "2026-09-30", "acq_time": "22", "satellite": "N21", "instrument": "VIIRS", "confidence": "n", "version": "2.0NRT", "bright_ti5": "293.16", "frp": "3.82", "daynight": "N"}}, {"type": "Feature", "geometry": {"type": "Point", "coordinates": [12.59984, 33.894]}, "properties": {"latitude": "33.894", "longitude": "12.59984", "bright_ti4": "305.94", "scan": "0.6", "track": "0.53", "acq_date": "2026-09-30", "acq_time": "22", "satellite": "N21", "instrument": "VIIRS", "confidence": "n", "version": "2.0NRT", "bright_ti5": "292.89", "frp": "3.82", "daynight": "N"}}, {"type": "Feature", "geometry": {"type": "Point", "coordinates": [6.66895, 5.63503]}, "properties": {"latitude": "5.63503", "longitude": "6.66895", "bright_ti4": "330.33", "scan": "0.32", "track": "0.55", "acq_date": "2026-09-30", "acq_time": "28", "satellite": "N21", "instrument": "VIIRS", "confidence": "n", "version": "2.0NRT", "bright_ti5": "288.39", "frp": "3.61", "daynight": "N"}}, {"type": "Feature", "geometry": {"type": "Point", "coordinates": [6.21748, 5.8827]}, "properties": {"latitude": "5.8827", "longitude": "6.21748", "bright_ti4": "320.65", "scan": "0.35", "track": "0.57", "acq_date": "2026-09-30", "acq_time": "28", "satellite": "N21", "instrument": "VIIRS", "confidence": "n", "version": "2.0NRT", "bright_ti5": "276.32", "frp": "2.55", "daynight": "N"}}, {"type": "Feature", "geometry": {"type": "Point", "coordinates": [8.94365, -1.12058]}, "properties": {"latitude": "-1.12058", "longitude": "8.94365", "bright_ti4": "304.86", "scan": "0.55", "track": "0.42", "acq_date": "2026-09-30", "acq_time": "30", "satellite": "N21", "instrument": "VIIRS", "confidence": "n", "version": "2.0NRT", "bright_ti5": "289.9", "frp": "1.18", "daynight": "N"}}, {"type": "Feature", "geometry": {"type": "Point", "coordinates": [8.73204, -0.72523]}, "properties": {"latitude": "-0.72523", "longitude": "8.73204", "bright_ti4": "319.36", "scan": "0.57", "track": "0.43", "acq_date": "2026-09-30", "acq_time": "30", "satellite": "N21", "instrument": "VIIRS", "confidence": "n", "version": "2.0NRT", "bright_ti5": "288.32", "frp": "3.92", "daynight": "N"}}, {"type": "Feature", "geometry": {"type": "Point", "coordinates": [9.34375, -0.39157]}, "properties": {"latitude": "-0.39157", "longitude": "9.34375", "bright_ti4": "305.55", "scan": "0.53", "track": "0.42", "acq_date": "2026-09-30", "acq_time": "30", "satellite": "N21", "instrument": "VIIRS", "confidence": "n", "version": "2.0NRT", "bright_ti5": "289.49", "frp": "1.1", "daynight": "N"}}, {"type": "Feature", "geometry": {"type": "Point", "coordinates": [11.85251, -0.3755]}, "properties": {"latitude": "-0.3755", "longitude": "11.85251", "bright_ti4": "302.02", "scan": "0.41", "track": "0.37", "acq_date": "2026-09-30", "acq_time": "30", "satellite": "N21", "instrument": "VIIRS", "confidence": "n", "version": "2.0NRT", "bright_ti5": "285.27", "frp": "0.57", "daynight": "N"}}, {"type": "Feature", "geometry": {"type": "Point", "coordinates": [16.32879, 1.39661]}, "properties": {"latitude": "1.39661", "longitude": "16.32879", "bright_ti4": "307.69", "scan": "0.43", "track": "0.38", "acq_date": "2026-09-30", "acq_time": "30", "satellite": "N21", "instrument": "VIIRS", "confidence": "n", "version": "2.0NRT", "bright_ti5": "286.87", "frp": "1.09", "daynight": "N"}}, {"type": "Feature", "geometry": {"type": "Point", "coordinates": [16.17433, 1.42818]}, "properties": {"latitude": "1.42818", "longitude": "16.17433", "bright_ti4": "300.79", "scan": "0.42", "track": "0.38", "acq_date": "2026-09-30", "acq_time": "30", "satellite": "N21", "instrument": "VIIRS", "confidence": "n", "version": "2.0NRT", "bright_ti5": "288.36", "frp": "0.83", "daynight": "N"}}, {"type": "Feature", "geometry": {"type": "Point", "coordinates": [13.947, 2.15236]}, "properties": {"latitude": "2.15236", "longitude": "13.947", "bright_ti4": "314.43", "scan": "0.38", "track": "0.36", "acq_date": "2026-09-30", "acq_time": "30", "satellite": "N21", "instrument": "VIIRS", "confidence": "n", "version": "2.0NRT", "bright_ti5": "287.64", "frp": "2.45", "daynight": "N"}}, {"type": "Feature", "geometry": {"type": "Point", "coordinates": [13.94751, 2.15566]}, "properties": {"latitude": "2.15566", "longitude": "13.94751", "bright_ti4": "330.56", "scan": "0.38", "track": "0.36", "acq_date": "2026-09-30", "acq_time": "30", "satellite": "N21", "instrument": "VIIRS", "confidence": "n", "version": "2.0NRT", "bright_ti5": "287.65", "frp": "2.45", "daynight": "N"}}, {"type": "Feature", "geometry": {"type": "Point", "coordinates": [13.94408, 2.15619]}, "properties": {"latitude": "2.15619", "longitude": "13.94408", "bright_ti4": "319.99", "scan": "0.38", "track": "0.36", "acq_date": "2026-09-30", "acq_time": "30", "satellite": "N21", "instrument": "VIIRS", "confidence": "n", "version": "2.0NRT", "bright_ti5": "287.75", "frp": "2.45", "daynight": "N"}}, {"type": "Feature", "geometry": {"type": "Point", "coordinates": [16.06436, 2.62609]}, "properties": {"latitude": "2.62609", "longitude": "16.06436", "bright_ti4": "302.71", "scan": "0.41", "track": "0.37", "acq_date": "2026-09-30", "acq_time": "30", "satellite": "N21", "instrument": "VIIRS", "confidence": "n", "version": "2.0NRT", "bright_ti5": "287.45", "frp": "0.87", "daynight": "N"}}, {"type": "Feature", "geometry": {"type": "Point", "coordinates": [16.06491, 2.62948]}, "properties": {"latitude": "2.62948", "longitude": "16.06491", "bright_ti4": "309.02", "scan": "0.41", "track": "0.37", "acq_date": "2026-09-30", "acq_time": "30", "satellite": "N21", "instrument": "VIIRS", "confidence": "n", "version": "2.0NRT", "bright_ti5": "287.34", "frp": "1.52", "daynight": "N"}}, {"type": "Feature", "geometry": {"type": "Point", "coordinates": [14.96247, 3.11657]}, "properties": {"latitude": "3.11657", "longitude": "14.96247", "bright_ti4": "302.83", "scan": "0.39", "track": "0.36", "acq_date": "2026-09-30", "acq_time": "30", "satellite": "N21", "instrument": "VIIRS", "confidence": "n", "version": "2.0NRT", "bright_ti5": "285.44", "frp": "0.7", "daynight": "N"}}, {"type": "Feature", "geometry": {"type": "Point", "coordinates": [17.18166, 3.36908]}, "properties": {"latitude": "3.36908", "longitude": "17.18166", "bright_ti4": "300.25", "scan": "0.45", "track": "0.39", "acq_date": "2026-09-30", "acq_time": "30", "satellite": "N21", "instrument": "VIIRS", "confidence": "n", "version": "2.0NRT", "bright_ti5": "266.28", "frp": "0.7", "daynight": "N"}}, {"type": "Feature", "geometry": {"type": "Point", "coordinates": [5.56053, 3.46359]}, "properties": {"latitude": "3.46359", "longitude": "5.56053", "bright_ti4": "325.15", "scan": "0.36", "track": "0.57", "acq_date": "2026-09-30", "acq_time": "30", "satellite": "N21", "instrument": "VIIRS", "confidence": "n", "version": "2.0NRT", "bright_ti5": "290.35", "frp": "3.75", "daynight": "N"}}, {"type": "Feature", "geometry": {"type": "Point", "coordinates": [5.56146, 3.46378]}, "properties": {"latitude": "3.46378", "longitude": "5.56146", "bright_ti4": "305.97", "scan": "0.36", "track": "0.57", "acq_date": "2026-09-30", "acq_time": "30", "satellite": "N21", "instrument": "VIIRS", "confidence": "n", "version": "2.0NRT", "bright_ti5": "289.79", "frp": "1.88", "daynight": "N"}}, {"type": "Feature", "geometry": {"type": "Point", "coordinates": [5.55825, 3.46424]}, "properties": {"latitude": "3.46424", "longitude": "5.55825", "bright_ti4": "321.7", "scan": "0.36", "track": "0.57", "acq_date": "2026-09-30", "acq_time": "30", "satellite": "N21", "instrument": "VIIRS", "confidence": "n", "version": "2.0NRT", "bright_ti5": "290.32", "frp": "1.88", "daynight": "N"}}, {"type": "Feature", "geometry": {"type": "Point", "coordinates": [7.99649, 4.36742]}, "properties": {"latitude": "4.36742", "longitude": "7.99649", "bright_ti4": "307.8", "scan": "0.5", "track": "0.49", "acq_date": "2026-09-30", "acq_time": "30", "satellite": "N21", "instrument": "VIIRS", "confidence": "n", "version": "2.0NRT", "bright_ti5": "282.14", "frp": "4.75", "daynight": "N"}}, {"type": "Feature", "geometry": {"type": "Point", "coordinates": [6.05505, 4.5696]}, "properties": {"latitude": "4.5696", "longitude": "6.05505", "bright_ti4": "308.04", "scan": "0.34", "track": "0.56", "acq_date": "2026-09-30", "acq_time": "30", "satellite": "N21", "instrument": "VIIRS", "confidence": "n", "version": "2.0NRT", "bright_ti5": "288.09", "frp": "1.65", "daynight": "N"}}, {"type": "Feature", "geometry": {"type": "Point", "coordinates": [6.29801, 5.01728]}, "properties": {"latitude": "5.01728", "longitude": "6.29801", "bright_ti4": "327.87", "scan": "0.34", "track": "0.56", "acq_date": "2026-09-30", "acq_time": "30", "satellite": "N21", "instrument": "VIIRS", "confidence": "n", "version": "2.0NRT", "bright_ti5": "289.55", "frp": "2.22", "daynight": "N"}}, {"type": "Feature", "geometry": {"type": "Point", "coordinates": [6.86136, 5.15171]}, "properties": {"latitude": "5.15171", "longitude": "6.86136", "bright_ti4": "307.03", "scan": "0.62", "track": "0.54", "acq_date": "2026-09-30", "acq_time": "30", "satellite": "N21", "instrument": "VIIRS", "confidence": "n", "version": "2.0NRT", "bright_ti5": "287.57", "frp": "2.56", "daynight": "N"}}, {"type": "Feature", "geometry": {"type": "Point", "coordinates": [6.76438, 5.19088]}, "properties": {"latitude": "5.19088", "longitude": "6.76438", "bright_ti4": "305.43", "scan": "0.63", "track": "0.54", "acq_date": "2026-09-30", "acq_time": "30", "satellite": "N21", "instrument": "VIIRS", "confidence": "n", "version": "2.0NRT", "bright_ti5": "288.57", "frp": "1.52", "daynight": "N"}}, {"type": "Feature", "geometry": {"type": "Point", "coordinates": [6.75875, 5.1917]}, "properties": {"latitude": "5.1917", "longitude": "6.75875", "bright_ti4": "304.73", "scan": "0.63", "track": "0.54", "acq_date": "2026-09-30", "acq_time": "30", "satellite": "N21", "instrument": "VIIRS", "confidence": "n", "version": "2.0NRT", "bright_ti5": "288.85", "frp": "2.21", "daynight": "N"}}, {"type": "Feature", "geometry": {"type": "Point", "coordinates": [6.60087, 5.25038]}, "properties": {"latitude": "5.25038", "longitude": "6.60087", "bright_ti4": "298.96", "scan": "0.32", "track": "0.55", "acq_date": "2026-09-30", "acq_time": "30", "satellite": "N21", "instrument": "VIIRS", "confidence": "n", "version": "2.0NRT", "bright_ti5": "280.05", "frp": "0.95", "daynight": "N"}}, {"type": "Feature", "geometry": {"type": "Point", "coordinates": [6.59949, 5.25059]}, "properties": {"latitude": "5.25059", "longitude": "6.59949", "bright_ti4": "333.63", "scan": "0.32", "track": "0.55", "acq_date": "2026-09-30", "acq_time": "30", "satellite": "N21", "instrument": "VIIRS", "confidence": "n", "version": "2.0NRT", "bright_ti5": "280.79", "frp": "2.39", "daynight": "N"}}, {"type": "Feature", "geometry": {"type": "Point", "coordinates": [6.59796, 5.25078]}, "properties": {"latitude": "5.25078", "longitude": "6.59796", "bright_ti4": "318.16", "scan": "0.32", "track": "0.55", "acq_date": "2026-09-30", "acq_time": "30", "satellite": "N21", "instrument": "VIIRS", "confidence": "n", "version": "2.0NRT", "bright_ti5": "279.88", "frp": "0.95", "daynight": "N"}}, {"type": "Feature", "geometry": {"type": "Point", "coordinates": [4.3414, 5.35888]}, "properties": {"latitude": "5.35888", "longitude": "4.3414", "bright_ti4": "319.64", "scan": "0.47", "track": "0.64", "acq_date": "2026-09-30", "acq_time": "30", "satellite": "N21", "instrument": "VIIRS", "confidence": "n", "version": "2.0NRT", "bright_ti5": "289.63", "frp": "5.72", "daynight": "N"}}, {"type": "Feature", "geometry": {"type": "Point", "coordinates": [4.33722, 5.35945]}, "properties": {"latitude": "5.35945", "longitude": "4.33722", "bright_ti4": "320.61", "scan": "0.47", "track": "0.64", "acq_date": "2026-09-30", "acq_time": "30", "satellite": "N21", "instrument": "VIIRS", "confidence": "n", "version": "2.0NRT", "bright_ti5": "289.3", "frp": "5.3", "daynight": "N"}}, {"type": "Feature", "geometry": {"type": "Point", "coordinates": [4.34062, 5.35949]}, "properties": {"latitude": "5.35949", "longitude": "4.34062", "bright_ti4": "333.55", "scan": "0.47", "track": "0.64", "acq_date": "2026-09-30", "acq_time": "30", "satellite": "N21", "instrument": "VIIRS", "confidence": "n", "version": "2.0NRT", "bright_ti5": "289.58", "frp": "6.92", "daynight": "N"}}, {"type": "Feature", "geometry": {"type": "Point", "coordinates": [6.65789, 5.3857]}, "properties": {"latitude": "5.3857", "longitude": "6.65789", "bright_ti4": "317.8", "scan": "0.32", "track": "0.55", "acq_date": "2026-09-30", "acq_time": "30", "satellite": "N21", "instrument": "VIIRS", "confidence": "n", "version": "2.0NRT", "bright_ti5": "288.3", "frp": "1.74", "daynight": "N"}}, {"type": "Feature", "geometry": {"type": "Point", "coordinates": [6.655, 5.38611]}, "properties": {"latitude": "5.38611", "longitude": "6.655", "bright_ti4": "325.19", "scan": "0.32", "track": "0.55", "acq_date": "2026-09-30", "acq_time": "30", "satellite": "N21", "instrument": "VIIRS", "confidence": "n", "version": "2.0NRT", "bright_ti5": "288.75", "frp": "1.74", "daynight": "N"}}, {"type": "Feature", "geometry": {"type": "Point", "coordinates": [5.46844, 5.52332]}, "properties": {"latitude": "5.52332", "longitude": "5.46844", "bright_ti4": "342.57", "scan": "0.39", "track": "0.59", "acq_date": "2026-09-30", "acq_time": "30", "satellite": "N21", "instrument": "VIIRS", "confidence": "n", "version": "2.0NRT", "bright_ti5": "288.61", "frp": "9.63", "daynight": "N"}}, {"type": "Feature", "geometry": {"type": "Point", "coordinates": [5.46496, 5.52383]}, "properties": {"latitude": "5.52383", "longitude": "5.46496", "bright_ti4": "350.25", "scan": "0.39", "track": "0.59", "acq_date": "2026-09-30", "acq_time": "30", "satellite": "N21", "instrument": "VIIRS", "confidence": "n", "version": "2.0NRT", "bright_ti5": "284.05", "frp": "10.88", "daynight": "N"}}, {"type": "Feature", "geometry": {"type": "Point", "coordinates": [5.46691, 5.52542]}, "properties": {"latitude": "5.52542", "longitude": "5.46691", "bright_ti4": "367", "scan": "0.39", "track": "0.59", "acq_date": "2026-09-30", "acq_time": "30", "satellite": "N21", "instrument": "VIIRS", "confidence": "h", "version": "2.0NRT", "bright_ti5": "288.15", "frp": "12.65", "daynight": "N"}}, {"type": "Feature", "geometry": {"type": "Point", "coordinates": [4.48403, 5.70712]}, "properties": {"latitude": "5.70712", "longitude": "4.48403", "bright_ti4": "304.62", "scan": "0.46", "track": "0.64", "acq_date": "2026-09-30", "acq_time": "30", "satellite": "N21", "instrument": "VIIRS", "confidence": "n", "version": "2.0NRT", "bright_ti5": "289.75", "frp": "1.96", "daynight": "N"}}, {"type": "Feature", "geometry": {"type": "Point", "coordinates": [4.47989, 5.7077]}, "properties": {"latitude": "5.7077", "longitude": "4.47989", "bright_ti4": "327.25", "scan": "0.46", "track": "0.64", "acq_date": "2026-09-30", "acq_time": "30", "satellite": "N21", "instrument": "VIIRS", "confidence": "n", "version": "2.0NRT", "bright_ti5": "289.89", "frp": "1.96", "daynight": "N"}}, {"type": "Feature", "geometry": {"type": "Point", "coordinates": [13.70699, -9.10572]}, "properties": {"latitude": "-9.10572", "longitude": "13.70699", "bright_ti4": "303.33", "scan": "0.42", "track": "0.38", "acq_date": "2026-09-30", "acq_time": "33", "satellite": "N21", "instrument": "VIIRS", "confidence": "n", "version": "2.0NRT", "bright_ti5": "290.91", "frp": "0.68", "daynight": "N"}}, {"type": "Feature", "geometry": {"type": "Point", "coordinates": [13.29904, -8.78109]}, "properties": {"latitude": "-8.78109", "longitude": "13.29904", "bright_ti4": "312.31", "scan": "0.4", "track": "0.37", "acq_date": "2026-09-30", "acq_time": "33", "satellite": "N21", "instrument": "VIIRS", "confidence": "n", "version": "2.0NRT", "bright_ti5": "290.2", "frp": "1", "daynight": "N"}}, {"type": "Feature", "geometry": {"type": "Point", "coordinates": [13.29956, -8.77771]}, "properties": {"latitude": "-8.77771", "longitude": "13.29956", "bright_ti4": "306.09", "scan": "0.4", "track": "0.37", "acq_date": "2026-09-30", "acq_time": "33", "satellite": "N21", "instrument": "VIIRS", "confidence": "n", "version": "2.0NRT", "bright_ti5": "289.56", "frp": "1", "daynight": "N"}}, {"type": "Feature", "geometry": {"type": "Point", "coordinates": [12.11207, -7.84662]}, "properties": {"latitude": "-7.84662", "longitude": "12.11207", "bright_ti4": "304.86", "scan": "0.38", "track": "0.36", "acq_date": "2026-09-30", "acq_time": "33", "satellite": "N21", "instrument": "VIIRS", "confidence": "n", "version": "2.0NRT", "bright_ti5": "290.37", "frp": "0.8", "daynight": "N"}}, {"type": "Feature", "geometry": {"type": "Point", "coordinates": [12.11008, -7.59139]}, "properties": {"latitude": "-7.59139", "longitude": "12.11008", "bright_ti4": "305.21", "scan": "0.38", "track": "0.36", "acq_date": "2026-09-30", "acq_time": "33", "satellite": "N21", "instrument": "VIIRS", "confidence": "n", "version": "2.0NRT", "bright_ti5": "290.13", "frp": "0.59", "daynight": "N"}}, {"type": "Feature", "geometry": {"type": "Point", "coordinates": [16.79883, -7.24612]}, "properties": {"latitude": "-7.24612", "longitude": "16.79883", "bright_ti4": "303.5", "scan": "0.57", "track": "0.43", "acq_date": "2026-09-30", "acq_time": "33", "satellite": "N21", "instrument": "VIIRS", "confidence": "n", "version": "2.0NRT", "bright_ti5": "289.49", "frp": "1.57", "daynight": "N"}}, {"type": "Feature", "geometry": {"type": "Point", "coordinates": [16.80578, -7.23501]}, "properties": {"latitude": "-7.23501", "longitude": "16.80578", "bright_ti4": "304.05", "scan": "0.57", "track": "0.43", "acq_date": "2026-09-30", "acq_time": "33", "satellite": "N21", "instrument": "VIIRS", "confidence": "n", "version": "2.0NRT", "bright_ti5": "289.73", "frp": "1.49", "daynight": "N"}}, {"type": "Feature", "geometry": {"type": "Point", "coordinates": [16.80653, -7.23108]}, "properties": {"latitude": "-7.23108", "longitude": "16.80653", "bright_ti4": "311.6", "scan": "0.57", "track": "0.43", "acq_date": "2026-09-30", "acq_time": "33", "satellite": "N21", "instrument": "VIIRS", "confidence": "n", "version": "2.0NRT", "bright_ti5": "290.17", "frp": "1.49", "daynight": "N"}}, {"type": "Feature", "geometry": {"type": "Point", "coordinates": [12.36549, -7.12079]}, "properties": {"latitude": "-7.12079", "longitude": "12.36549", "bright_ti4": "308.63", "scan": "0.38", "track": "0.36", "acq_date": "2026-09-30", "acq_time": "33", "satellite": "N21", "instrument": "VIIRS", "confidence": "n", "version": "2.0NRT", "bright_ti5": "289.97", "frp": "0.88", "daynight": "N"}}, {"type": "Feature", "geometry": {"type": "Point", "coordinates": [12.33347, -7.09889]}, "properties": {"latitude": "-7.09889", "longitude": "12.33347", "bright_ti4": "326.04", "scan": "0.38", "track": "0.36", "acq_date": "2026-09-30", "acq_time": "33", "satellite": "N21", "instrument": "VIIRS", "confidence": "n", "version": "2.0NRT", "bright_ti5": "290.42", "frp": "2.33", "daynight": "N"}}, {"type": "Feature", "geometry": {"type": "Point", "coordinates": [12.40935, -7.06669]}, "properties": {"latitude": "-7.06669", "longitude": "12.40935", "bright_ti4": "328.41", "scan": "0.38", "track": "0.36", "acq_date": "2026-09-30", "acq_time": "33", "satellite": "N21", "instrument": "VIIRS", "confidence": "n", "version": "2.0NRT", "bright_ti5": "290.11", "frp": "1.85", "daynight": "N"}}, {"type": "Feature", "geometry": {"type": "Point", "coordinates": [12.39201, -6.85983]}, "properties": {"latitude": "-6.85983", "longitude": "12.39201", "bright_ti4": "304.27", "scan": "0.38", "track": "0.36", "acq_date": "2026-09-30", "acq_time": "33", "satellite": "N21", "instrument": "VIIRS", "confidence": "n", "version": "2.0NRT", "bright_ti5": "290.52", "frp": "5.33", "daynight": "N"}}, {"type": "Feature", "geometry": {"type": "Point", "coordinates": [12.39598, -6.85707]}, "properties": {"latitude": "-6.85707", "longitude": "12.39598", "bright_ti4": "306.32", "scan": "0.38", "track": "0.36", "acq_date": "2026-09-30", "acq_time": "33", "satellite": "N21", "instrument": "VIIRS", "confidence": "n", "version": "2.0NRT", "bright_ti5": "290.07", "frp": "2.53", "daynight": "N"}}, {"type": "Feature", "geometry": {"type": "Point", "coordinates": [12.39252, -6.85653]}, "properties": {"latitude": "-6.85653", "longitude": "12.39252", "bright_ti4": "326.19", "scan": "0.38", "track": "0.36", "acq_date": "2026-09-30", "acq_time": "33", "satellite": "N21", "instrument": "VIIRS", "confidence": "n", "version": "2.0NRT", "bright_ti5": "291.98", "frp": "5.33", "daynight": "N"}}, {"type": "Feature", "geometry": {"type": "Point", "coordinates": [12.49432, -6.43696]}, "properties": {"latitude": "-6.43696", "longitude": "12.49432", "bright_ti4": "320.2", "scan": "0.38", "track": "0.36", "acq_date": "2026-09-30", "acq_time": "33", "satellite": "N21", "instrument": "VIIRS", "confidence": "n", "version": "2.0NRT", "bright_ti5": "288.71", "frp": "1.27", "daynight": "N"}}, {"type": "Feature", "geometry": {"type": "Point", "coordinates": [11.26983, -6.16312]}, "properties": {"latitude": "-6.16312", "longitude": "11.26983", "bright_ti4": "305.12", "scan": "0.39", "track": "0.36", "acq_date": "2026-09-30", "acq_time": "33", "satellite": "N21", "instrument": "VIIRS", "confidence": "n", "version": "2.0NRT", "bright_ti5": "290.23", "frp": "0.56", "daynight": "N"}}, {"type": "Feature", "geometry": {"type": "Point", "coordinates": [11.27035, -6.15979]}, "properties": {"latitude": "-6.15979", "longitude": "11.27035", "bright_ti4": "315.46", "scan": "0.39", "track": "0.36", "acq_date": "2026-09-30", "acq_time": "33", "satellite": "N21", "instrument": "VIIRS", "confidence": "n", "version": "2.0NRT", "bright_ti5": "290.36", "frp": "1.15", "daynight": "N"}}, {"type": "Feature", "geometry": {"type": "Point", "coordinates": [14.35759, -6.14383]}, "properties": {"latitude": "-6.14383", "longitude": "14.35759", "bright_ti4": "300.86", "scan": "0.42", "track": "0.38", "acq_date": "2026-09-30", "acq_time": "33", "satellite": "N21", "instrument": "VIIRS", "confidence": "n", "version": "2.0NRT", "bright_ti5": "270.69", "frp": "0.81", "daynight": "N"}}, {"type": "Feature", "geometry": {"type": "Point", "coordinates": [11.35626, -6.07135]}, "properties": {"latitude": "-6.07135", "longitude": "11.35626", "bright_ti4": "317.33", "scan": "0.39", "track": "0.36", "acq_date": "2026-09-30", "acq_time": "33", "satellite": "N21", "instrument": "VIIRS", "confidence": "n", "version": "2.0NRT", "bright_ti5": "289.99", "frp": "1.27", "daynight": "N"}}, {"type": "Feature", "geometry": {"type": "Point", "coordinates": [12.32266, -5.82127]}, "properties": {"latitude": "-5.82127", "longitude": "12.32266", "bright_ti4": "306.54", "scan": "0.38", "track": "0.36", "acq_date": "2026-09-30", "acq_time": "33", "satellite": "N21", "instrument": "VIIRS", "confidence": "n", "version": "2.0NRT", "bright_ti5": "289.21", "frp": "0.87", "daynight": "N"}}, {"type": "Feature", "geometry": {"type": "Point", "coordinates": [11.51308, -5.49023]}, "properties": {"latitude": "-5.49023", "longitude": "11.51308", "bright_ti4": "329.21", "scan": "0.39", "track": "0.36", "acq_date": "2026-09-30", "acq_time": "33", "satellite": "N21", "instrument": "VIIRS", "confidence": "n", "version": "2.0NRT", "bright_ti5": "290.46", "frp": "4.98", "daynight": "N"}}, {"type": "Feature", "geometry": {"type": "Point", "coordinates": [11.56546, -5.27408]}, "properties": {"latitude": "-5.27408", "longitude": "11.56546", "bright_ti4": "310.4", "scan": "0.39", "track": "0.36", "acq_date": "2026-09-30", "acq_time": "33", "satellite": "N21", "instrument": "VIIRS", "confidence": "n", "version": "2.0NRT", "bright_ti5": "289.58", "frp": "1.32", "daynight": "N"}}, {"type": "Feature", "geometry": {"type": "Point", "coordinates": [11.65083, -5.02541]}, "properties": {"latitude": "-5.02541", "longitude": "11.65083", "bright_ti4": "306.7", "scan": "0.39", "track": "0.36", "acq_date": "2026-09-30", "acq_time": "33", "satellite": "N21", "instrument": "VIIRS", "confidence": "n", "version": "2.0NRT", "bright_ti5": "289.89", "frp": "1.3", "daynight": "N"}}, {"type": "Feature", "geometry": {"type": "Point", "coordinates": [11.6458, -4.94634]}, "properties": {"latitude": "-4.94634", "longitude": "11.6458", "bright_ti4": "308.11", "scan": "0.39", "track": "0.36", "acq_date": "2026-09-30", "acq_time": "33", "satellite": "N21", "instrument": "VIIRS", "confidence": "n", "version": "2.0NRT", "bright_ti5": "288.47", "frp": "1", "daynight": "N"}}, {"type": "Feature", "geometry": {"type": "Point", "coordinates": [12.01971, -4.85546]}, "properties": {"latitude": "-4.85546", "longitude": "12.01971", "bright_ti4": "299.81", "scan": "0.39", "track": "0.36", "acq_date": "2026-09-30", "acq_time": "33", "satellite": "N21", "instrument": "VIIRS", "confidence": "n", "version": "2.0NRT", "bright_ti5": "283.9", "frp": "0.22", "daynight": "N"}}, {"type": "Feature", "geometry": {"type": "Point", "coordinates": [17.03223, -4.4076]}, "properties": {"latitude": "-4.4076", "longitude": "17.03223", "bright_ti4": "304.72", "scan": "0.54", "track": "0.42", "acq_date": "2026-09-30", "acq_time": "33", "satellite": "N21", "instrument": "VIIRS", "confidence": "n", "version": "2.0NRT", "bright_ti5": "286.83", "frp": "0.78", "daynight": "N"}}, {"type": "Feature", "geometry": {"type": "Point", "coordinates": [14.31049, -4.01068]}, "properties": {"latitude": "-4.01068", "longitude": "14.31049", "bright_ti4": "329.96", "scan": "0.4", "track": "0.37", "acq_date": "2026-09-30", "acq_time": "33", "satellite": "N21", "instrument": "VIIRS", "confidence": "n", "version": "2.0NRT", "bright_ti5": "288.94", "frp": "3.38", "daynight": "N"}}, {"type": "Feature", "geometry": {"type": "Point", "coordinates": [10.73651, -3.6834]}, "properties": {"latitude": "-3.6834", "longitude": "10.73651", "bright_ti4": "307.96", "scan": "0.42", "track": "0.38", "acq_date": "2026-09-30", "acq_time": "33", "satellite": "N21", "instrument": "VIIRS", "confidence": "n", "version": "2.0NRT", "bright_ti5": "289.66", "frp": "1.08", "daynight": "N"}}, {"type": "Feature", "geometry": {"type": "Point", "coordinates": [16.23092, -3.62562]}, "properties": {"latitude": "-3.62562", "longitude": "16.23092", "bright_ti4": "326.6", "scan": "0.48", "track": "0.4", "acq_date": "2026-09-30", "acq_time": "33", "satellite": "N21", "instrument": "VIIRS", "confidence": "n", "version": "2.0NRT", "bright_ti5": "287.44", "frp": "3.87", "daynight": "N"}}, {"type": "Feature", "geometry": {"type": "Point", "coordinates": [11.04947, -2.96391]}, "properties": {"latitude": "-2.96391", "longitude": "11.04947", "bright_ti4": "307.41", "scan": "0.41", "track": "0.37", "acq_date": "2026-09-30", "acq_time": "33", "satellite": "N21", "instrument": "VIIRS", "confidence": "n", "version": "2.0NRT", "bright_ti5": "288.64", "frp": "0.93", "daynight": "N"}}, {"type": "Feature", "geometry": {"type": "Point", "coordinates": [9.808, -1.79958]}, "properties": {"latitude": "-1.79958", "longitude": "9.808", "bright_ti4": "303.95", "scan": "0.48", "track": "0.4", "acq_date": "2026-09-30", "acq_time": "33", "satellite": "N21", "instrument": "VIIRS", "confidence": "n", "version": "2.0NRT", "bright_ti5": "288.84", "frp": "1.57", "daynight": "N"}}, {"type": "Feature", "geometry": {"type": "Point", "coordinates": [9.80373, -1.79891]}, "properties": {"latitude": "-1.79891", "longitude": "9.80373", "bright_ti4": "319.07", "scan": "0.48", "track": "0.4", "acq_date": "2026-09-30", "acq_time": "33", "satellite": "N21", "instrument": "VIIRS", "confidence": "n", "version": "2.0NRT", "bright_ti5": "289.35", "frp": "2.09", "daynight": "N"}}, {"type": "Feature", "geometry": {"type": "Point", "coordinates": [9.82248, -1.79063]}, "properties": {"latitude": "-1.79063", "longitude": "9.82248", "bright_ti4": "322.28", "scan": "0.48", "track": "0.4", "acq_date": "2026-09-30", "acq_time": "33", "satellite": "N21", "instrument": "VIIRS", "confidence": "n", "version": "2.0NRT", "bright_ti5": "289.35", "frp": "2.71", "daynight": "N"}}, {"type": "Feature", "geometry": {"type": "Point", "coordinates": [9.81129, -1.77762]}, "properties": {"latitude": "-1.77762", "longitude": "9.81129", "bright_ti4": "324.31", "scan": "0.48", "track": "0.4", "acq_date": "2026-09-30", "acq_time": "33", "satellite": "N21", "instrument": "VIIRS", "confidence": "n", "version": "2.0NRT", "bright_ti5": "289.41", "frp": "3.65", "daynight": "N"}}, {"type": "Feature", "geometry": {"type": "Point", "coordinates": [9.82094, -1.77166]}, "properties": {"latitude": "-1.77166", "longitude": "9.82094", "bright_ti4": "325.79", "scan": "0.48", "track": "0.4", "acq_date": "2026-09-30", "acq_time": "33", "satellite": "N21", "instrument": "VIIRS", "confidence": "n", "version": "2.0NRT", "bright_ti5": "289.33", "frp": "3.07", "daynight": "N"}}, {"type": "Feature", "geometry": {"type": "Point", "coordinates": [9.28314, -1.75235]}, "properties": {"latitude": "-1.75235", "longitude": "9.28314", "bright_ti4": "301.11", "scan": "0.51", "track": "0.41", "acq_date": "2026-09-30", "acq_time": "33", "satellite": "N21", "instrument": "VIIRS", "confidence": "n", "version": "2.0NRT", "bright_ti5": "289.16", "frp": "0.86", "daynight": "N"}}, {"type": "Feature", "geometry": {"type": "Point", "coordinates": [8.79436, -1.58022]}, "properties": {"latitude": "-1.58022", "longitude": "8.79436", "bright_ti4": "325.67", "scan": "0.55", "track": "0.43", "acq_date": "2026-09-30", "acq_time": "33", "satellite": "N21", "instrument": "VIIRS", "confidence": "n", "version": "2.0NRT", "bright_ti5": "290.96", "frp": "2.45", "daynight": "N"}}, {"type": "Feature", "geometry": {"type": "Point", "coordinates": [8.79765, -1.57988]}, "properties": {"latitude": "-1.57988", "longitude": "8.79765", "bright_ti4": "324.25", "scan": "0.55", "track": "0.43", "acq_date": "2026-09-30", "acq_time": "33", "satellite": "N21", "instrument": "VIIRS", "confidence": "n", "version": "2.0NRT", "bright_ti5": "291.04", "frp": "2.41", "daynight": "N"}}, {"type": "Feature", "geometry": {"type": "Point", "coordinates": [9.7002, -1.46794]}, "properties": {"latitude": "-1.46794", "longitude": "9.7002", "bright_ti4": "304.9", "scan": "0.49", "track": "0.4", "acq_date": "2026-09-30", "acq_time": "33", "satellite": "N21", "instrument": "VIIRS", "confidence": "n", "version": "2.0NRT", "bright_ti5": "288.88", "frp": "0.9", "daynight": "N"}}, {"type": "Feature", "geometry": {"type": "Point", "coordinates": [8.69378, -1.18184]}, "properties": {"latitude": "-1.18184", "longitude": "8.69378", "bright_ti4": "319.57", "scan": "0.56", "track": "0.43", "acq_date": "2026-09-30", "acq_time": "33", "satellite": "N21", "instrument": "VIIRS", "confidence": "n", "version": "2.0NRT", "bright_ti5": "290.92", "frp": "3.4", "daynight": "N"}}, {"type": "Feature", "geometry": {"type": "Point", "coordinates": [18.48991, -21.42712]}, "properties": {"latitude": "-21.42712", "longitude": "18.48991", "bright_ti4": "301", "scan": "0.38", "track": "0.58", "acq_date": "2026-09-30", "acq_time": "35", "satellite": "N21", "instrument": "VIIRS", "confidence": "n", "version": "2.0NRT", "bright_ti5": "286.12", "frp": "0.12", "daynight": "N"}}, {"type": "Feature", "geometry": {"type": "Point", "coordinates": [17.49843, -21.33418]}, "properties": {"latitude": "-21.33418", "longitude": "17.49843", "bright_ti4": "306.01", "scan": "0.32", "track": "0.55", "acq_date": "2026-09-30", "acq_time": "35", "satellite": "N21", "instrument": "VIIRS", "confidence": "n", "version": "2.0NRT", "bright_ti5": "286.49", "frp": "0.09", "daynight": "N"}}, {"type": "Feature", "geometry": {"type": "Point", "coordinates": [17.05283, -20.82949]}, "properties": {"latitude": "-20.82949", "longitude": "17.05283", "bright_ti4": "303.52", "scan": "0.6", "track": "0.53", "acq_date": "2026-09-30", "acq_time": "35", "satellite": "N21", "instrument": "VIIRS", "confidence": "n", "version": "2.0NRT", "bright_ti5": "286.2", "frp": "1.87", "daynight": "N"}}, {"type": "Feature", "geometry": {"type": "Point", "coordinates": [15.93961, -20.64452]}, "properties": {"latitude": "-20.64452", "longitude": "15.93961", "bright_ti4": "304.28", "scan": "0.5", "track": "0.49", "acq_date": "2026-09-30", "acq_time": "35", "satellite": "N21", "instrument": "VIIRS", "confidence": "n", "version": "2.0NRT", "bright_ti5": "286.29", "frp": "1.76", "daynight": "N"}}, {"type": "Feature", "geometry": {"type": "Point", "coordinates": [15.98174, -16.87151]}, "properties": {"latitude": "-16.87151", "longitude": "15.98174", "bright_ti4": "303.67", "scan": "0.45", "track": "0.47", "acq_date": "2026-09-30", "acq_time": "35", "satellite": "N21", "instrument": "VIIRS", "confidence": "n", "version": "2.0NRT", "bright_ti5": "287.89", "frp": "0.92", "daynight": "N"}}, {"type": "Feature", "geometry": {"type": "Point", "coordinates": [15.98497, -16.86909]}, "properties": {"latitude": "-16.86909", "longitude": "15.98497", "bright_ti4": "299.09", "scan": "0.45", "track": "0.47", "acq_date": "2026-09-30", "acq_time": "35", "satellite": "N21", "instrument": "VIIRS", "confidence": "n", "version": "2.0NRT", "bright_ti5": "284.65", "frp": "1.02", "daynight": "N"}}, {"type": "Feature", "geometry": {"type": "Point", "coordinates": [16.01678, -16.86702]}, "properties": {"latitude": "-16.86702", "longitude": "16.01678", "bright_ti4": "301.51", "scan": "0.45", "track": "0.47", "acq_date": "2026-09-30", "acq_time": "35", "satellite": "N21", "instrument": "VIIRS", "confidence": "n", "version": "2.0NRT", "bright_ti5": "288.35", "frp": "0.99", "daynight": "N"}}, {"type": "Feature", "geometry": {"type": "Point", "coordinates": [16.01571, -16.86429]}, "properties": {"latitude": "-16.86429", "longitude": "16.01571", "bright_ti4": "301.67", "scan": "0.45", "track": "0.47", "acq_date": "2026-09-30", "acq_time": "35", "satellite": "N21", "instrument": "VIIRS", "confidence": "n", "version": "2.0NRT", "bright_ti5": "288.57", "frp": "1.03", "daynight": "N"}}, {"type": "Feature", "geometry": {"type": "Point", "coordinates": [15.98717, -16.86344]}, "properties": {"latitude": "-16.86344", "longitude": "15.98717", "bright_ti4": "295.4", "scan": "0.45", "track": "0.47", "acq_date": "2026-09-30", "acq_time": "35", "satellite": "N21", "instrument": "VIIRS", "confidence": "n", "version": "2.0NRT", "bright_ti5": "278.35", "frp": "0.33", "daynight": "N"}}, {"type": "Feature", "geometry": {"type": "Point", "coordinates": [15.99038, -16.86104]}, "properties": {"latitude": "-16.86104", "longitude": "15.99038", "bright_ti4": "308.36", "scan": "0.45", "track": "0.47", "acq_date": "2026-09-30", "acq_time": "35", "satellite": "N21", "instrument": "VIIRS", "confidence": "n", "version": "2.0NRT", "bright_ti5": "288.61", "frp": "0.51", "daynight": "N"}}, {"type": "Feature", "geometry": {"type": "Point", "coordinates": [16.02054, -16.86053]}, "properties": {"latitude": "-16.86053", "longitude": "16.02054", "bright_ti4": "300.9", "scan": "0.45", "track": "0.47", "acq_date": "2026-09-30", "acq_time": "35", "satellite": "N21", "instrument": "VIIRS", "confidence": "n", "version": "2.0NRT", "bright_ti5": "288.37", "frp": "0.7", "daynight": "N"}}, {"type": "Feature", "geometry": {"type": "Point", "coordinates": [16.63664, -16.7808]}, "properties": {"latitude": "-16.7808", "longitude": "16.63664", "bright_ti4": "304.85", "scan": "0.5", "track": "0.49", "acq_date": "2026-09-30", "acq_time": "35", "satellite": "N21", "instrument": "VIIRS", "confidence": "n", "version": "2.0NRT", "bright_ti5": "288.65", "frp": "1.79", "daynight": "N"}}, {"type": "Feature", "geometry": {"type": "Point", "coordinates": [16.63201, -16.78024]}, "properties": {"latitude": "-16.78024", "longitude": "16.63201", "bright_ti4": "302.37", "scan": "0.5", "track": "0.49", "acq_date": "2026-09-30", "acq_time": "35", "satellite": "N21", "instrument": "VIIRS", "confidence": "n", "version": "2.0NRT", "bright_ti5": "283.12", "frp": "1.79", "daynight": "N"}}, {"type": "Feature", "geometry": {"type": "Point", "coordinates": [16.63726, -16.77632]}, "properties": {"latitude": "-16.77632", "longitude": "16.63726", "bright_ti4": "320.48", "scan": "0.5", "track": "0.49", "acq_date": "2026-09-30", "acq_time": "35", "satellite": "N21", "instrument": "VIIRS", "confidence": "n", "version": "2.0NRT", "bright_ti5": "289.04", "frp": "3.07", "daynight": "N"}}, {"type": "Feature", "geometry": {"type": "Point", "coordinates": [16.63264, -16.77576]}, "properties": {"latitude": "-16.77576", "longitude": "16.63264", "bright_ti4": "316.36", "scan": "0.5", "track": "0.49", "acq_date": "2026-09-30", "acq_time": "35", "satellite": "N21", "instrument": "VIIRS", "confidence": "n", "version": "2.0NRT", "bright_ti5": "289.72", "frp": "3.07", "daynight": "N"}}, {"type": "Feature", "geometry": {"type": "Point", "coordinates": [16.63325, -16.77128]}, "properties": {"latitude": "-16.77128", "longitude": "16.63325", "bright_ti4": "301.79", "scan": "0.5", "track": "0.49", "acq_date": "2026-09-30", "acq_time": "35", "satellite": "N21", "instrument": "VIIRS", "confidence": "n", "version": "2.0NRT", "bright_ti5": "287.21", "frp": "3.07", "daynight": "N"}}, {"type": "Feature", "geometry": {"type": "Point", "coordinates": [16.62276, -16.72165]}, "properties": {"latitude": "-16.72165", "longitude": "16.62276", "bright_ti4": "308.3", "scan": "0.49", "track": "0.49", "acq_date": "2026-09-30", "acq_time": "35", "satellite": "N21", "instrument": "VIIRS", "confidence": "n", "version": "2.0NRT", "bright_ti5": "288.63", "frp": "2.23", "daynight": "N"}}, {"type": "Feature", "geometry": {"type": "Point", "coordinates": [16.53305, -16.51735]}, "properties": {"latitude": "-16.51735", "longitude": "16.53305", "bright_ti4": "300.73", "scan": "0.48", "track": "0.48", "acq_date": "2026-09-30", "acq_time": "35", "satellite": "N21", "instrument": "VIIRS", "confidence": "n", "version": "2.0NRT", "bright_ti5": "290.39", "frp": "0.45", "daynight": "N"}}, {"type": "Feature", "geometry": {"type": "Point", "coordinates": [16.53428, -16.50849]}, "properties": {"latitude": "-16.50849", "longitude": "16.53428", "bright_ti4": "300.9", "scan": "0.48", "track": "0.48", "acq_date": "2026-09-30", "acq_time": "35", "satellite": "N21", "instrument": "VIIRS", "confidence": "n", "version": "2.0NRT", "bright_ti5": "290.52", "frp": "0.87", "daynight": "N"}}, {"type": "Feature", "geometry": {"type": "Point", "coordinates": [16.42804, -16.43294]}, "properties": {"latitude": "-16.43294", "longitude": "16.42804", "bright_ti4": "312.77", "scan": "0.48", "track": "0.48", "acq_date": "2026-09-30", "acq_time": "35", "satellite": "N21", "instrument": "VIIRS", "confidence": "n", "version": "2.0NRT", "bright_ti5": "291.04", "frp": "1.78", "daynight": "N"}}, {"type": "Feature", "geometry": {"type": "Point", "coordinates": [14.11605, -16.38808]}, "properties": {"latitude": "-16.38808", "longitude": "14.11605", "bright_ti4": "300.1", "scan": "0.52", "track": "0.41", "acq_date": "2026-09-30", "acq_time": "35", "satellite": "N21", "instrument": "VIIRS", "confidence": "n", "version": "2.0NRT", "bright_ti5": "287.83", "frp": "0.88", "daynight": "N"}}, {"type": "Feature", "geometry": {"type": "Point", "coordinates": [14.09734, -16.38164]}, "properties": {"latitude": "-16.38164", "longitude": "14.09734", "bright_ti4": "300.3", "scan": "0.52", "track": "0.41", "acq_date": "2026-09-30", "acq_time": "35", "satellite": "N21", "instrument": "VIIRS", "confidence": "n", "version": "2.0NRT", "bright_ti5": "288.64", "frp": "1.42", "daynight": "N"}}, {"type": "Feature", "geometry": {"type": "Point", "coordinates": [14.09254, -16.38098]}, "properties": {"latitude": "-16.38098", "longitude": "14.09254", "bright_ti4": "311.84", "scan": "0.51", "track": "0.41", "acq_date": "2026-09-30", "acq_time": "35", "satellite": "N21", "instrument": "VIIRS", "confidence": "n", "version": "2.0NRT", "bright_ti5": "289.24", "frp": "1.42", "daynight": "N"}}, {"type": "Feature", "geometry": {"type": "Point", "coordinates": [14.08774, -16.38032]}, "properties": {"latitude": "-16.38032", "longitude": "14.08774", "bright_ti4": "304.08", "scan": "0.51", "track": "0.41", "acq_date": "2026-09-30", "acq_time": "35", "satellite": "N21", "instrument": "VIIRS", "confidence": "n", "version": "2.0NRT", "bright_ti5": "287.97", "frp": "1.56", "daynight": "N"}}, {"type": "Feature", "geometry": {"type": "Point", "coordinates": [16.5104, -16.30878]}, "properties": {"latitude": "-16.30878", "longitude": "16.5104", "bright_ti4": "309.04", "scan": "0.48", "track": "0.48", "acq_date": "2026-09-30", "acq_time": "35", "satellite": "N21", "instrument": "VIIRS", "confidence": "n", "version": "2.0NRT", "bright_ti5": "291.58", "frp": "1.24", "daynight": "N"}}, {"type": "Feature", "geometry": {"type": "Point", "coordinates": [14.78729, -15.85932]}, "properties": {"latitude": "-15.85932", "longitude": "14.78729", "bright_ti4": "299.29", "scan": "0.56", "track": "0.43", "acq_date": "2026-09-30", "acq_time": "35", "satellite": "N21", "instrument": "VIIRS", "confidence": "n", "version": "2.0NRT", "bright_ti5": "287.47", "frp": "0.93", "daynight": "N"}}, {"type": "Feature", "geometry": {"type": "Point", "coordinates": [14.85687, -15.75243]}, "properties": {"latitude": "-15.75243", "longitude": "14.85687", "bright_ti4": "300.08", "scan": "0.56", "track": "0.43", "acq_date": "2026-09-30", "acq_time": "35", "satellite": "N21", "instrument": "VIIRS", "confidence": "n", "version": "2.0NRT", "bright_ti5": "286.51", "frp": "1.1", "daynight": "N"}}, {"type": "Feature", "geometry": {"type": "Point", "coordinates": [14.85389, -15.75241]}, "properties": {"latitude": "-15.75241", "longitude": "14.85389", "bright_ti4": "299.93", "scan": "0.56", "track": "0.43", "acq_date": "2026-09-30", "acq_time": "35", "satellite": "N21", "instrument": "VIIRS", "confidence": "n", "version": "2.0NRT", "bright_ti5": "285.45", "frp": "1.09", "daynight": "N"}}, {"type": "Feature", "geometry": {"type": "Point", "coordinates": [14.85446, -15.74848]}, "properties": {"latitude": "-15.74848", "longitude": "14.85446", "bright_ti4": "299.28", "scan": "0.56", "track": "0.43", "acq_date": "2026-09-30", "acq_time": "35", "satellite": "N21", "instrument": "VIIRS", "confidence": "n", "version": "2.0NRT", "bright_ti5": "285.64", "frp": "1.09", "daynight": "N"}}, {"type": "Feature", "geometry": {"type": "Point", "coordinates": [14.86135, -15.73739]}, "properties": {"latitude": "-15.73739", "longitude": "14.86135", "bright_ti4": "322.22", "scan": "0.56", "track": "0.43", "acq_date": "2026-09-30", "acq_time": "35", "satellite": "N21", "instrument": "VIIRS", "confidence": "n", "version": "2.0NRT", "bright_ti5": "286.63", "frp": "3.83", "daynight": "N"}}, {"type": "Feature", "geometry": {"type": "Point", "coordinates": [15.92181, -15.66326]}, "properties": {"latitude": "-15.66326", "longitude": "15.92181", "bright_ti4": "304.36", "scan": "0.43", "track": "0.46", "acq_date": "2026-09-30", "acq_time": "35", "satellite": "N21", "instrument": "VIIRS", "confidence": "n", "version": "2.0NRT", "bright_ti5": "289.76", "frp": "2.04", "daynight": "N"}}, {"type": "Feature", "geometry": {"type": "Point", "coordinates": [15.41803, -15.5137]}, "properties": {"latitude": "-15.5137", "longitude": "15.41803", "bright_ti4": "300.29", "scan": "0.4", "track": "0.44", "acq_date": "2026-09-30", "acq_time": "35", "satellite": "N21", "instrument": "VIIRS", "confidence": "n", "version": "2.0NRT", "bright_ti5": "283.63", "frp": "2.15", "daynight": "N"}}, {"type": "Feature", "geometry": {"type": "Point", "coordinates": [15.36559, -15.43201]}, "properties": {"latitude": "-15.43201", "longitude": "15.36559", "bright_ti4": "298.56", "scan": "0.4", "track": "0.44", "acq_date": "2026-09-30", "acq_time": "35", "satellite": "N21", "instrument": "VIIRS", "confidence": "n", "version": "2.0NRT", "bright_ti5": "288.28", "frp": "1.61", "daynight": "N"}}, {"type": "Feature", "geometry": {"type": "Point", "coordinates": [15.36193, -15.43153]}, "properties": {"latitude": "-15.43153", "longitude": "15.36193", "bright_ti4": "304.47", "scan": "0.4", "track": "0.44", "acq_date": "2026-09-30", "acq_time": "35", "satellite": "N21", "instrument": "VIIRS", "confidence": "n", "version": "2.0NRT", "bright_ti5": "287.73", "frp": "1.44", "daynight": "N"}}, {"type": "Feature", "geometry": {"type": "Point", "coordinates": [15.36617, -15.42797]}, "properties": {"latitude": "-15.42797", "longitude": "15.36617", "bright_ti4": "329.03", "scan": "0.4", "track": "0.44", "acq_date": "2026-09-30", "acq_time": "35", "satellite": "N21", "instrument": "VIIRS", "confidence": "n", "version": "2.0NRT", "bright_ti5": "288.16", "frp": "1.61", "daynight": "N"}}, {"type": "Feature", "geometry": {"type": "Point", "coordinates": [15.36251, -15.42749]}, "properties": {"latitude": "-15.42749", "longitude": "15.36251", "bright_ti4": "308", "scan": "0.4", "track": "0.44", "acq_date": "2026-09-30", "acq_time": "35", "satellite": "N21", "instrument": "VIIRS", "confidence": "n", "version": "2.0NRT", "bright_ti5": "287.79", "frp": "1.44", "daynight": "N"}}, {"type": "Feature", "geometry": {"type": "Point", "coordinates": [22.65854, -15.2483]}, "properties": {"latitude": "-15.2483", "longitude": "22.65854", "bright_ti4": "296.54", "scan": "0.6", "track": "0.71", "acq_date": "2026-09-30", "acq_time": "35", "satellite": "N21", "instrument": "VIIRS", "confidence": "n", "version": "2.0NRT", "bright_ti5": "276.35", "frp": "2.68", "daynight": "N"}}, {"type": "Feature", "geometry": {"type": "Point", "coordinates": [14.7619, -15.24405]}, "properties": {"latitude": "-15.24405", "longitude": "14.7619", "bright_ti4": "348.3", "scan": "0.54", "track": "0.42", "acq_date": "2026-09-30", "acq_time": "35", "satellite": "N21", "instrument": "VIIRS", "confidence": "n", "version": "2.0NRT", "bright_ti5": "293.44", "frp": "8.52", "daynight": "N"}}, {"type": "Feature", "geometry": {"type": "Point", "coordinates": [14.75684, -15.24337]}, "properties": {"latitude": "-15.24337", "longitude": "14.75684", "bright_ti4": "333.01", "scan": "0.54", "track": "0.42", "acq_date": "2026-09-30", "acq_time": "35", "satellite": "N21", "instrument": "VIIRS", "confidence": "n", "version": "2.0NRT", "bright_ti5": "291.02", "frp": "8.52", "daynight": "N"}}, {"type": "Feature", "geometry": {"type": "Point", "coordinates": [14.75179, -15.24269]}, "properties": {"latitude": "-15.24269", "longitude": "14.75179", "bright_ti4": "323.75", "scan": "0.54", "track": "0.42", "acq_date": "2026-09-30", "acq_time": "35", "satellite": "N21", "instrument": "VIIRS", "confidence": "n", "version": "2.0NRT", "bright_ti5": "288.53", "frp": "3.6", "daynight": "N"}}, {"type": "Feature", "geometry": {"type": "Point", "coordinates": [14.74169, -15.24133]}, "properties": {"latitude": "-15.24133", "longitude": "14.74169", "bright_ti4": "307", "scan": "0.54", "track": "0.42", "acq_date": "2026-09-30", "acq_time": "35", "satellite": "N21", "instrument": "VIIRS", "confidence": "n", "version": "2.0NRT", "bright_ti5": "287.58", "frp": "2.37", "daynight": "N"}}, {"type": "Feature", "geometry": {"type": "Point", "coordinates": [14.75739, -15.23948]}, "properties": {"latitude": "-15.23948", "longitude": "14.75739", "bright_ti4": "314.24", "scan": "0.54", "track": "0.42", "acq_date": "2026-09-30", "acq_time": "35", "satellite": "N21", "instrument": "VIIRS", "confidence": "n", "version": "2.0NRT", "bright_ti5": "288.02", "frp": "8.52", "daynight": "N"}}, {"type": "Feature", "geometry": {"type": "Point", "coordinates": [14.75233, -15.2388]}, "properties": {"latitude": "-15.2388", "longitude": "14.75233", "bright_ti4": "315.3", "scan": "0.54", "track": "0.42", "acq_date": "2026-09-30", "acq_time": "35", "satellite": "N21", "instrument": "VIIRS", "confidence": "n", "version": "2.0NRT", "bright_ti5": "287.95", "frp": "3.6", "daynight": "N"}}, {"type": "Feature", "geometry": {"type": "Point", "coordinates": [14.7686, -15.23307]}, "properties": {"latitude": "-15.23307", "longitude": "14.7686", "bright_ti4": "315.24", "scan": "0.54", "track": "0.42", "acq_date": "2026-09-30", "acq_time": "35", "satellite": "N21", "instrument": "VIIRS", "confidence": "n", "version": "2.0NRT", "bright_ti5": "286.99", "frp": "2.85", "daynight": "N"}}, {"type": "Feature", "geometry": {"type": "Point", "coordinates": [14.76916, -15.22918]}, "properties": {"latitude": "-15.22918", "longitude": "14.76916", "bright_ti4": "326.3", "scan": "0.54", "track": "0.42", "acq_date": "2026-09-30", "acq_time": "35", "satellite": "N21", "instrument": "VIIRS", "confidence": "n", "version": "2.0NRT", "bright_ti5": "281.99", "frp": "3.24", "daynight": "N"}}, {"type": "Feature", "geometry": {"type": "Point", "coordinates": [14.49307, -15.18438]}, "properties": {"latitude": "-15.18438", "longitude": "14.49307", "bright_ti4": "299.2", "scan": "0.52", "track": "0.42", "acq_date": "2026-09-30", "acq_time": "35", "satellite": "N21", "instrument": "VIIRS", "confidence": "n", "version": "2.0NRT", "bright_ti5": "286.07", "frp": "1.05", "daynight": "N"}}, {"type": "Feature", "geometry": {"type": "Point", "coordinates": [14.48817, -15.18372]}, "properties": {"latitude": "-15.18372", "longitude": "14.48817", "bright_ti4": "327.22", "scan": "0.52", "track": "0.42", "acq_date": "2026-09-30", "acq_time": "35", "satellite": "N21", "instrument": "VIIRS", "confidence": "n", "version": "2.0NRT", "bright_ti5": "287.01", "frp": "4.46", "daynight": "N"}}, {"type": "Feature", "geometry": {"type": "Point", "coordinates": [14.63018, -15.14564]}, "properties": {"latitude": "-15.14564", "longitude": "14.63018", "bright_ti4": "305.76", "scan": "0.53", "track": "0.42", "acq_date": "2026-09-30", "acq_time": "35", "satellite": "N21", "instrument": "VIIRS", "confidence": "n", "version": "2.0NRT", "bright_ti5": "287.34", "frp": "1.59", "daynight": "N"}}, {"type": "Feature", "geometry": {"type": "Point", "coordinates": [14.6506, -15.1445]}, "properties": {"latitude": "-15.1445", "longitude": "14.6506", "bright_ti4": "304.94", "scan": "0.53", "track": "0.42", "acq_date": "2026-09-30", "acq_time": "35", "satellite": "N21", "instrument": "VIIRS", "confidence": "n", "version": "2.0NRT", "bright_ti5": "287.62", "frp": "1.66", "daynight": "N"}}, {"type": "Feature", "geometry": {"type": "Point", "coordinates": [15.2179, -15.14178]}, "properties": {"latitude": "-15.14178", "longitude": "15.2179", "bright_ti4": "339.28", "scan": "0.38", "track": "0.44", "acq_date": "2026-09-30", "acq_time": "35", "satellite": "N21", "instrument": "VIIRS", "confidence": "n", "version": "2.0NRT", "bright_ti5": "293.73", "frp": "8.51", "daynight": "N"}}, {"type": "Feature", "geometry": {"type": "Point", "coordinates": [15.21434, -15.1413]}, "properties": {"latitude": "-15.1413", "longitude": "15.21434", "bright_ti4": "304.85", "scan": "0.38", "track": "0.43", "acq_date": "2026-09-30", "acq_time": "35", "satellite": "N21", "instrument": "VIIRS", "confidence": "n", "version": "2.0NRT", "bright_ti5": "280.88", "frp": "8.51", "daynight": "N"}}, {"type": "Feature", "geometry": {"type": "Point", "coordinates": [15.066, -15.1404]}, "properties": {"latitude": "-15.1404", "longitude": "15.066", "bright_ti4": "299.07", "scan": "0.57", "track": "0.43", "acq_date": "2026-09-30", "acq_time": "35", "satellite": "N21", "instrument": "VIIRS", "confidence": "n", "version": "2.0NRT", "bright_ti5": "286.96", "frp": "0.88", "daynight": "N"}}, {"type": "Feature", "geometry": {"type": "Point", "coordinates": [15.21132, -15.13682]}, "properties": {"latitude": "-15.13682", "longitude": "15.21132", "bright_ti4": "306.08", "scan": "0.38", "track": "0.43", "acq_date": "2026-09-30", "acq_time": "35", "satellite": "N21", "instrument": "VIIRS", "confidence": "n", "version": "2.0NRT", "bright_ti5": "287.57", "frp": "0.85", "daynight": "N"}}, {"type": "Feature", "geometry": {"type": "Point", "coordinates": [15.06322, -15.13681]}, "properties": {"latitude": "-15.13681", "longitude": "15.06322", "bright_ti4": "299.14", "scan": "0.56", "track": "0.43", "acq_date": "2026-09-30", "acq_time": "35", "satellite": "N21", "instrument": "VIIRS", "confidence": "n", "version": "2.0NRT", "bright_ti5": "285.79", "frp": "1.58", "daynight": "N"}}, {"type": "Feature", "geometry": {"type": "Point", "coordinates": [15.06657, -15.13645]}, "properties": {"latitude": "-15.13645", "longitude": "15.06657", "bright_ti4": "298", "scan": "0.57", "track": "0.43", "acq_date": "2026-09-30", "acq_time": "35", "satellite": "N21", "instrument": "VIIRS", "confidence": "n", "version": "2.0NRT", "bright_ti5": "286.11", "frp": "0.74", "daynight": "N"}}, {"type": "Feature", "geometry": {"type": "Point", "coordinates": [15.21188, -15.13284]}, "properties": {"latitude": "-15.13284", "longitude": "15.21188", "bright_ti4": "299.08", "scan": "0.38", "track": "0.43", "acq_date": "2026-09-30", "acq_time": "35", "satellite": "N21", "instrument": "VIIRS", "confidence": "n", "version": "2.0NRT", "bright_ti5": "285.19", "frp": "0.85", "daynight": "N"}}, {"type": "Feature", "geometry": {"type": "Point", "coordinates": [14.787, -15.063]}, "properties": {"latitude": "-15.063", "longitude": "14.787", "bright_ti4": "299.14", "scan": "0.54", "track": "0.42", "acq_date": "2026-09-30", "acq_time": "35", "satellite": "N21", "instrument": "VIIRS", "confidence": "n", "version": "2.0NRT", "bright_ti5": "287.32", "frp": "1.39", "daynight": "N"}}, {"type": "Feature", "geometry": {"type": "Point", "coordinates": [15.3577, -14.8957]}, "properties": {"latitude": "-14.8957", "longitude": "15.3577", "bright_ti4": "302.25", "scan": "0.39", "track": "0.44", "acq_date": "2026-09-30", "acq_time": "35", "satellite": "N21", "instrument": "VIIRS", "confidence": "n", "version": "2.0NRT", "bright_ti5": "289.45", "frp": "0.54", "daynight": "N"}}, {"type": "Feature", "geometry": {"type": "Point", "coordinates": [17.03926, -14.73674]}, "properties": {"latitude": "-14.73674", "longitude": "17.03926", "bright_ti4": "327.32", "scan": "0.5", "track": "0.49", "acq_date": "2026-09-30", "acq_time": "35", "satellite": "N21", "instrument": "VIIRS", "confidence": "n", "version": "2.0NRT", "bright_ti5": "289.75", "frp": "6.69", "daynight": "N"}}, {"type": "Feature", "geometry": {"type": "Point", "coordinates": [18.18349, -14.6824]}, "properties": {"latitude": "-14.6824", "longitude": "18.18349", "bright_ti4": "301.76", "scan": "0.59", "track": "0.53", "acq_date": "2026-09-30", "acq_time": "35", "satellite": "N21", "instrument": "VIIRS", "confidence": "n", "version": "2.0NRT", "bright_ti5": "288.09", "frp": "2.1", "daynight": "N"}}, {"type": "Feature", "geometry": {"type": "Point", "coordinates": [18.18836, -14.68203]}, "properties": {"latitude": "-14.68203", "longitude": "18.18836", "bright_ti4": "298.81", "scan": "0.59", "track": "0.53", "acq_date": "2026-09-30", "acq_time": "35", "satellite": "N21", "instrument": "VIIRS", "confidence": "n", "version": "2.0NRT", "bright_ti5": "288.03", "frp": "1.5", "daynight": "N"}}, {"type": "Feature", "geometry": {"type": "Point", "coordinates": [18.18285, -14.68138]}, "properties": {"latitude": "-14.68138", "longitude": "18.18285", "bright_ti4": "301.81", "scan": "0.59", "track": "0.53", "acq_date": "2026-09-30", "acq_time": "35", "satellite": "N21", "instrument": "VIIRS", "confidence": "n", "version": "2.0NRT", "bright_ti5": "288.17", "frp": "1.5", "daynight": "N"}}, {"type": "Feature", "geometry": {"type": "Point", "coordinates": [18.17867, -14.67688]}, "properties": {"latitude": "-14.67688", "longitude": "18.17867", "bright_ti4": "301.27", "scan": "0.59", "track": "0.53", "acq_date": "2026-09-30", "acq_time": "35", "satellite": "N21", "instrument": "VIIRS", "confidence": "n", "version": "2.0NRT", "bright_ti5": "287.15", "frp": "2.1", "daynight": "N"}}, {"type": "Feature", "geometry": {"type": "Point", "coordinates": [18.17319, -14.6762]}, "properties": {"latitude": "-14.6762", "longitude": "18.17319", "bright_ti4": "300.61", "scan": "0.59", "track": "0.53", "acq_date": "2026-09-30", "acq_time": "35", "satellite": "N21", "instrument": "VIIRS", "confidence": "n", "version": "2.0NRT", "bright_ti5": "288.22", "frp": "2.49", "daynight": "N"}}, {"type": "Feature", "geometry": {"type": "Point", "coordinates": [18.17805, -14.6759]}, "properties": {"latitude": "-14.6759", "longitude": "18.17805", "bright_ti4": "302.29", "scan": "0.59", "track": "0.53", "acq_date": "2026-09-30", "acq_time": "35", "satellite": "N21", "instrument": "VIIRS", "confidence": "n", "version": "2.0NRT", "bright_ti5": "287.48", "frp": "1.8", "daynight": "N"}}, {"type": "Feature", "geometry": {"type": "Point", "coordinates": [18.17256, -14.67525]}, "properties": {"latitude": "-14.67525", "longitude": "18.17256", "bright_ti4": "300.11", "scan": "0.59", "track": "0.53", "acq_date": "2026-09-30", "acq_time": "35", "satellite": "N21", "instrument": "VIIRS", "confidence": "n", "version": "2.0NRT", "bright_ti5": "288.31", "frp": "1.8", "daynight": "N"}}, {"type": "Feature", "geometry": {"type": "Point", "coordinates": [18.17389, -14.67138]}, "properties": {"latitude": "-14.67138", "longitude": "18.17389", "bright_ti4": "321.12", "scan": "0.59", "track": "0.53", "acq_date": "2026-09-30", "acq_time": "35", "satellite": "N21", "instrument": "VIIRS", "confidence": "n", "version": "2.0NRT", "bright_ti5": "288.32", "frp": "5.45", "daynight": "N"}}, {"type": "Feature", "geometry": {"type": "Point", "coordinates": [18.1684, -14.67069]}, "properties": {"latitude": "-14.67069", "longitude": "18.1684", "bright_ti4": "324.77", "scan": "0.59", "track": "0.53", "acq_date": "2026-09-30", "acq_time": "35", "satellite": "N21", "instrument": "VIIRS", "confidence": "n", "version": "2.0NRT", "bright_ti5": "286.94", "frp": "5.45", "daynight": "N"}}, {"type": "Feature", "geometry": {"type": "Point", "coordinates": [18.17326, -14.67043]}, "properties": {"latitude": "-14.67043", "longitude": "18.17326", "bright_ti4": "330.05", "scan": "0.59", "track": "0.53", "acq_date": "2026-09-30", "acq_time": "35", "satellite": "N21", "instrument": "VIIRS", "confidence": "n", "version": "2.0NRT", "bright_ti5": "288.87", "frp": "6.96", "daynight": "N"}}, {"type": "Feature", "geometry": {"type": "Point", "coordinates": [18.16776, -14.66979]}, "properties": {"latitude": "-14.66979", "longitude": "18.16776", "bright_ti4": "310.13", "scan": "0.59", "track": "0.53", "acq_date": "2026-09-30", "acq_time": "35", "satellite": "N21", "instrument": "VIIRS", "confidence": "n", "version": "2.0NRT", "bright_ti5": "285.29", "frp": "3.54", "daynight": "N"}}, {"type": "Feature", "geometry": {"type": "Point", "coordinates": [14.17853, -14.08278]}, "properties": {"latitude": "-14.08278", "longitude": "14.17853", "bright_ti4": "299.8", "scan": "0.49", "track": "0.4", "acq_date": "2026-09-30", "acq_time": "35", "satellite": "N21", "instrument": "VIIRS", "confidence": "n", "version": "2.0NRT", "bright_ti5": "289.75", "frp": "0.67", "daynight": "N"}}, {"type": "Feature", "geometry": {"type": "Point", "coordinates": [14.17432, -14.08219]}, "properties": {"latitude": "-14.08219", "longitude": "14.17432", "bright_ti4": "301.72", "scan": "0.49", "track": "0.4", "acq_date": "2026-09-30", "acq_time": "35", "satellite": "N21", "instrument": "VIIRS", "confidence": "n", "version": "2.0NRT", "bright_ti5": "289.47", "frp": "0.67", "daynight": "N"}}, {"type": "Feature", "geometry": {"type": "Point", "coordinates": [13.87621, -13.98764]}, "properties": {"latitude": "-13.98764", "longitude": "13.87621", "bright_ti4": "311.66", "scan": "0.47", "track": "0.4", "acq_date": "2026-09-30", "acq_time": "35", "satellite": "N21", "instrument": "VIIRS", "confidence": "n", "version": "2.0NRT", "bright_ti5": "288.94", "frp": "0.29", "daynight": "N"}}, {"type": "Feature", "geometry": {"type": "Point", "coordinates": [21.59897, -13.81155]}, "properties": {"latitude": "-13.81155", "longitude": "21.59897", "bright_ti4": "303.36", "scan": "0.49", "track": "0.65", "acq_date": "2026-09-30", "acq_time": "35", "satellite": "N21", "instrument": "VIIRS", "confidence": "n", "version": "2.0NRT", "bright_ti5": "283.66", "frp": "3.15", "daynight": "N"}}, {"type": "Feature", "geometry": {"type": "Point", "coordinates": [14.26269, -13.46761]}, "properties": {"latitude": "-13.46761", "longitude": "14.26269", "bright_ti4": "310.17", "scan": "0.49", "track": "0.4", "acq_date": "2026-09-30", "acq_time": "35", "satellite": "N21", "instrument": "VIIRS", "confidence": "n", "version": "2.0NRT", "bright_ti5": "288.61", "frp": "1.39", "daynight": "N"}}, {"type": "Feature", "geometry": {"type": "Point", "coordinates": [14.25821, -13.46698]}, "properties": {"latitude": "-13.46698", "longitude": "14.25821", "bright_ti4": "302.13", "scan": "0.49", "track": "0.4", "acq_date": "2026-09-30", "acq_time": "35", "satellite": "N21", "instrument": "VIIRS", "confidence": "n", "version": "2.0NRT", "bright_ti5": "288.36", "frp": "1.48", "daynight": "N"}}, {"type": "Feature", "geometry": {"type": "Point", "coordinates": [14.85325, -13.09845]}, "properties": {"latitude": "-13.09845", "longitude": "14.85325", "bright_ti4": "319.02", "scan": "0.52", "track": "0.41", "acq_date": "2026-09-30", "acq_time": "35", "satellite": "N21", "instrument": "VIIRS", "confidence": "n", "version": "2.0NRT", "bright_ti5": "282.73", "frp": "2.84", "daynight": "N"}}, {"type": "Feature", "geometry": {"type": "Point", "coordinates": [16.2688, -12.35323]}, "properties": {"latitude": "-12.35323", "longitude": "16.2688", "bright_ti4": "297.95", "scan": "0.41", "track": "0.45", "acq_date": "2026-09-30", "acq_time": "35", "satellite": "N21", "instrument": "VIIRS", "confidence": "n", "version": "2.0NRT", "bright_ti5": "283.59", "frp": "0.66", "daynight": "N"}}, {"type": "Feature", "geometry": {"type": "Point", "coordinates": [17.2334, -11.78875]}, "properties": {"latitude": "-11.78875", "longitude": "17.2334", "bright_ti4": "320.75", "scan": "0.47", "track": "0.47", "acq_date": "2026-09-30", "acq_time": "35", "satellite": "N21", "instrument": "VIIRS", "confidence": "n", "version": "2.0NRT", "bright_ti5": "283.86", "frp": "4.95", "daynight": "N"}}, {"type": "Feature", "geometry": {"type": "Point", "coordinates": [17.22911, -11.78818]}, "properties": {"latitude": "-11.78818", "longitude": "17.22911", "bright_ti4": "325.2", "scan": "0.47", "track": "0.47", "acq_date": "2026-09-30", "acq_time": "35", "satellite": "N21", "instrument": "VIIRS", "confidence": "n", "version": "2.0NRT", "bright_ti5": "284.2", "frp": "5.13", "daynight": "N"}}, {"type": "Feature", "geometry": {"type": "Point", "coordinates": [13.40545, -10.07356]}, "properties": {"latitude": "-10.07356", "longitude": "13.40545", "bright_ti4": "319.22", "scan": "0.42", "track": "0.37", "acq_date": "2026-09-30", "acq_time": "35", "satellite": "N21", "instrument": "VIIRS", "confidence": "n", "version": "2.0NRT", "bright_ti5": "290.14", "frp": "1.79", "daynight": "N"}}, {"type": "Feature", "geometry": {"type": "Point", "coordinates": [13.39188, -10.06101]}, "properties": {"latitude": "-10.06101", "longitude": "13.39188", "bright_ti4": "302.51", "scan": "0.42", "track": "0.37", "acq_date": "2026-09-30", "acq_time": "35", "satellite": "N21", "instrument": "VIIRS", "confidence": "n", "version": "2.0NRT", "bright_ti5": "290.01", "frp": "0.63", "daynight": "N"}}, {"type": "Feature", "geometry": {"type": "Point", "coordinates": [13.3881, -10.06045]}, "properties": {"latitude": "-10.06045", "longitude": "13.3881", "bright_ti4": "304.29", "scan": "0.42", "track": "0.37", "acq_date": "2026-09-30", "acq_time": "35", "satellite": "N21", "instrument": "VIIRS", "confidence": "n", "version": "2.0NRT", "bright_ti5": "290", "frp": "0.63", "daynight": "N"}}, {"type": "Feature", "geometry": {"type": "Point", "coordinates": [15.91092, -24.27674]}, "properties": {"latitude": "-24.27674", "longitude": "15.91092", "bright_ti4": "301.24", "scan": "0.55", "track": "0.51", "acq_date": "2026-09-30", "acq_time": "37", "satellite": "N21", "instrument": "VIIRS", "confidence": "n", "version": "2.0NRT", "bright_ti5": "287.76", "frp": "0.57", "daynight": "N"}}, {"type": "Feature", "geometry": {"type": "Point", "coordinates": [22.79025, -19.08364]}, "properties": {"latitude": "-19.08364", "longitude": "22.79025", "bright_ti4": "305.92", "scan": "0.68", "track": "0.74", "acq_date": "2026-09-30", "acq_time": "37", "satellite": "N21", "instrument": "VIIRS", "confidence": "n", "version": "2.0NRT", "bright_ti5": "281.52", "frp": "2.53", "daynight": "N"}}, {"type": "Feature", "geometry": {"type": "Point", "coordinates": [17.02365, -19.07201]}, "properties": {"latitude": "-19.07201", "longitude": "17.02365", "bright_ti4": "305.38", "scan": "0.56", "track": "0.52", "acq_date": "2026-09-30", "acq_time": "37", "satellite": "N21", "instrument": "VIIRS", "confidence": "n", "version": "2.0NRT", "bright_ti5": "287.99", "frp": "1.17", "daynight": "N"}}, {"type": "Feature", "geometry": {"type": "Point", "coordinates": [17.00778, -19.03536]}, "properties": {"latitude": "-19.03536", "longitude": "17.00778", "bright_ti4": "299.02", "scan": "0.56", "track": "0.52", "acq_date": "2026-09-30", "acq_time": "37", "satellite": "N21", "instrument": "VIIRS", "confidence": "n", "version": "2.0NRT", "bright_ti5": "287.65", "frp": "1.55", "daynight": "N"}}, {"type": "Feature", "geometry": {"type": "Point", "coordinates": [17.00841, -19.03063]}, "properties": {"latitude": "-19.03063", "longitude": "17.00841", "bright_ti4": "300.19", "scan": "0.56", "track": "0.52", "acq_date": "2026-09-30", "acq_time": "37", "satellite": "N21", "instrument": "VIIRS", "confidence": "n", "version": "2.0NRT", "bright_ti5": "288.03", "frp": "1.86", "daynight": "N"}}, {"type": "Feature", "geometry": {"type": "Point", "coordinates": [17.01344, -19.0276]}, "properties": {"latitude": "-19.0276", "longitude": "17.01344", "bright_ti4": "307.84", "scan": "0.56", "track": "0.52", "acq_date": "2026-09-30", "acq_time": "37", "satellite": "N21", "instrument": "VIIRS", "confidence": "n", "version": "2.0NRT", "bright_ti5": "286.06", "frp": "2.07", "daynight": "N"}}, {"type": "Feature", "geometry": {"type": "Point", "coordinates": [17.00813, -19.02702]}, "properties": {"latitude": "-19.02702", "longitude": "17.00813", "bright_ti4": "305.79", "scan": "0.56", "track": "0.52", "acq_date": "2026-09-30", "acq_time": "37", "satellite": "N21", "instrument": "VIIRS", "confidence": "n", "version": "2.0NRT", "bright_ti5": "288.92", "frp": "2.07", "daynight": "N"}}, {"type": "Feature", "geometry": {"type": "Point", "coordinates": [17.01433, -19.02652]}, "properties": {"latitude": "-19.02652", "longitude": "17.01433", "bright_ti4": "313.25", "scan": "0.56", "track": "0.52", "acq_date": "2026-09-30", "acq_time": "37", "satellite": "N21", "instrument": "VIIRS", "confidence": "n", "version": "2.0NRT", "bright_ti5": "286.75", "frp": "2.24", "daynight": "N"}}, {"type": "Feature", "geometry": {"type": "Point", "coordinates": [17.00903, -19.0259]}, "properties": {"latitude": "-19.0259", "longitude": "17.00903", "bright_ti4": "298.25", "scan": "0.56", "track": "0.52", "acq_date": "2026-09-30", "acq_time": "37", "satellite": "N21", "instrument": "VIIRS", "confidence": "n", "version": "2.0NRT", "bright_ti5": "287.02", "frp": "1.86", "daynight": "N"}}, {"type": "Feature", "geometry": {"type": "Point", "coordinates": [17.01939, -19.02345]}, "properties": {"latitude": "-19.02345", "longitude": "17.01939", "bright_ti4": "299.7", "scan": "0.56", "track": "0.52", "acq_date": "2026-09-30", "acq_time": "37", "satellite": "N21", "instrument": "VIIRS", "confidence": "n", "version": "2.0NRT", "bright_ti5": "288.14", "frp": "1.83", "daynight": "N"}}, {"type": "Feature", "geometry": {"type": "Point", "coordinates": [17.01407, -19.02286]}, "properties": {"latitude": "-19.02286", "longitude": "17.01407", "bright_ti4": "308.43", "scan": "0.56", "track": "0.52", "acq_date": "2026-09-30", "acq_time": "37", "satellite": "N21", "instrument": "VIIRS", "confidence": "n", "version": "2.0NRT", "bright_ti5": "287.35", "frp": "3.09", "daynight": "N"}}, {"type": "Feature", "geometry": {"type": "Point", "coordinates": [17.01495, -19.02178]}, "properties": {"latitude": "-19.02178", "longitude": "17.01495", "bright_ti4": "313.53", "scan": "0.56", "track": "0.52", "acq_date": "2026-09-30", "acq_time": "37", "satellite": "N21", "instrument": "VIIRS", "confidence": "n", "version": "2.0NRT", "bright_ti5": "289.01", "frp": "2.91", "daynight": "N"}}, {"type": "Feature", "geometry": {"type": "Point", "coordinates": [17.02003, -19.01871]}, "properties": {"latitude": "-19.01871", "longitude": "17.02003", "bright_ti4": "313.57", "scan": "0.56", "track": "0.52", "acq_date": "2026-09-30", "acq_time": "37", "satellite": "N21", "instrument": "VIIRS", "confidence": "n", "version": "2.0NRT", "bright_ti5": "289.7", "frp": "1.83", "daynight": "N"}}, {"type": "Feature", "geometry": {"type": "Point", "coordinates": [17.02088, -19.01766]}, "properties": {"latitude": "-19.01766", "longitude": "17.02088", "bright_ti4": "312.33", "scan": "0.56", "track": "0.52", "acq_date": "2026-09-30", "acq_time": "37", "satellite": "N21", "instrument": "VIIRS", "confidence": "n", "version": "2.0NRT", "bright_ti5": "289.34", "frp": "2.91", "daynight": "N"}}, {"type": "Feature", "geometry": {"type": "Point", "coordinates": [18.57803, -33.97276]}, "properties": {"latitude": "-33.97276", "longitude": "18.57803", "bright_ti4": "297.94", "scan": "0.5", "track": "0.66", "acq_date": "2026-09-30", "acq_time": "39", "satellite": "N21", "instrument": "VIIRS", "confidence": "n", "version": "2.0NRT", "bright_ti5": "283.75", "frp": "0.79", "daynight": "N"}}, {"type": "Feature", "geometry": {"type": "Point", "coordinates": [18.04631, -32.95924]}, "properties": {"latitude": "-32.95924", "longitude": "18.04631", "bright_ti4": "301.51", "scan": "0.46", "track": "0.64", "acq_date": "2026-09-30", "acq_time": "39", "satellite": "N21", "instrument": "VIIRS", "confidence": "n", "version": "2.0NRT", "bright_ti5": "285.97", "frp": "1.41", "daynight": "N"}}, {"type": "Feature", "geometry": {"type": "Point", "coordinates": [18.75759, -32.94192]}, "properties": {"latitude": "-32.94192", "longitude": "18.75759", "bright_ti4": "318.97", "scan": "0.51", "track": "0.66", "acq_date": "2026-09-30", "acq_time": "39", "satellite": "N21", "instrument": "VIIRS", "confidence": "n", "version": "2.0NRT", "bright_ti5": "294.16", "frp": "2.79", "daynight": "N"}}, {"type": "Feature", "geometry": {"type": "Point", "coordinates": [18.75834, -32.94173]}, "properties": {"latitude": "-32.94173", "longitude": "18.75834", "bright_ti4": "320.28", "scan": "0.51", "track": "0.66", "acq_date": "2026-09-30", "acq_time": "39", "satellite": "N21", "instrument": "VIIRS", "confidence": "n", "version": "2.0NRT", "bright_ti5": "294.64", "frp": "2.82", "daynight": "N"}}, {"type": "Feature", "geometry": {"type": "Point", "coordinates": [-175.12558, -21.23613]}, "properties": {"latitude": "-21.23613", "longitude": "-175.12558", "bright_ti4": "348.25", "scan": "0.39", "track": "0.36", "acq_date": "2026-09-30", "acq_time": "115", "satellite": "N21", "instrument": "VIIRS", "confidence": "n", "version": "2.0NRT", "bright_ti5": "295.47", "frp": "9.21", "daynight": "D"}}, {"type": "Feature", "geometry": {"type": "Point", "coordinates": [-175.19295, -21.20154]}, "properties": {"latitude": "-21.20154", "longitude": "-175.19295", "bright_ti4": "339.83", "scan": "0.39", "track": "0.36", "acq_date": "2026-09-30", "acq_time": "115", "satellite": "N21", "instrument": "VIIRS", "confidence": "n", "version": "2.0NRT", "bright_ti5": "296.92", "frp": "7.3", "daynight": "D"}}, {"type": "Feature", "geometry": {"type": "Point", "coordinates": [-169.85864, -19.10195]}, "properties": {"latitude": "-19.10195", "longitude": "-169.85864", "bright_ti4": "347.75", "scan": "0.55", "track": "0.43", "acq_date": "2026-09-30", "acq_time": "115", "satellite": "N21", "instrument": "VIIRS", "confidence": "n", "version": "2.0NRT", "bright_ti5": "298.74", "frp": "19.53", "daynight": "D"}}, {"type": "Feature", "geometry": {"type": "Point", "coordinates": [127.52061, 62.90566]}, "properties": {"latitude": "62.90566", "longitude": "127.52061", "bright_ti4": "338.63", "scan": "0.58", "track": "0.7", "acq_date": "2026-09-30", "acq_time": "143", "satellite": "N21", "instrument": "VIIRS", "confidence": "n", "version": "2.0NRT", "bright_ti5": "279.19", "frp": "6.4", "daynight": "D"}}, {"type": "Feature", "geometry": {"type": "Point", "coordinates": [24.42138, 64.644]}, "properties": {"latitude": "64.644", "longitude": "24.42138", "bright_ti4": "316.44", "scan": "0.39", "track": "0.44", "acq_date": "2026-09-30", "acq_time": "152", "satellite": "N21", "instrument": "VIIRS", "confidence": "n", "version": "2.0NRT", "bright_ti5": "279.03", "frp": "2.65", "daynight": "N"}}, {"type": "Feature", "geometry": {"type": "Point", "coordinates": [24.4195, 64.64929]}, "properties": {"latitude": "64.64929", "longitude": "24.4195", "bright_ti4": "307.75", "scan": "0.39", "track": "0.44", "acq_date": "2026-09-30", "acq_time": "152", "satellite": "N21", "instrument": "VIIRS", "confidence": "n", "version": "2.0NRT", "bright_ti5": "278.52", "frp": "0.89", "daynight": "N"}}, {"type": "Feature", "geometry": {"type": "Point", "coordinates": [24.42959, 64.65614]}, "properties": {"latitude": "64.65614", "longitude": "24.42959", "bright_ti4": "295.62", "scan": "0.39", "track": "0.44", "acq_date": "2026-09-30", "acq_time": "152", "satellite": "N21", "instrument": "VIIRS", "confidence": "n", "version": "2.0NRT", "bright_ti5": "277", "frp": "0.88", "daynight": "N"}}, {"type": "Feature", "geometry": {"type": "Point", "coordinates": [21.27987, 64.66367]}, "properties": {"latitude": "64.66367", "longitude": "21.27987", "bright_ti4": "331.85", "scan": "0.5", "track": "0.41", "acq_date": "2026-09-30", "acq_time": "152", "satellite": "N21", "instrument": "VIIRS", "confidence": "n", "version": "2.0NRT", "bright_ti5": "275.35", "frp": "9.03", "daynight": "N"}}, {"type": "Feature", "geometry": {"type": "Point", "coordinates": [22.21471, 65.56191]}, "properties": {"latitude": "65.56191", "longitude": "22.21471", "bright_ti4": "328.19", "scan": "0.49", "track": "0.4", "acq_date": "2026-09-30", "acq_time": "152", "satellite": "N21", "instrument": "VIIRS", "confidence": "n", "version": "2.0NRT", "bright_ti5": "275.9", "frp": "4.01", "daynight": "N"}}, {"type": "Feature", "geometry": {"type": "Point", "coordinates": [22.22869, 65.56287]}, "properties": {"latitude": "65.56287", "longitude": "22.22869", "bright_ti4": "301.41", "scan": "0.49", "track": "0.4", "acq_date": "2026-09-30", "acq_time": "152", "satellite": "N21", "instrument": "VIIRS", "confidence": "n", "version": "2.0NRT", "bright_ti5": "274.5", "frp": "1.79", "daynight": "N"}}, {"type": "Feature", "geometry": {"type": "Point", "coordinates": [24.17846, 65.76397]}, "properties": {"latitude": "65.76397", "longitude": "24.17846", "bright_ti4": "299.88", "scan": "0.53", "track": "0.42", "acq_date": "2026-09-30", "acq_time": "152", "satellite": "N21", "instrument": "VIIRS", "confidence": "n", "version": "2.0NRT", "bright_ti5": "274.51", "frp": "2.22", "daynight": "N"}}, {"type": "Feature", "geometry": {"type": "Point", "coordinates": [24.18347, 65.76725]}, "properties": {"latitude": "65.76725", "longitude": "24.18347", "bright_ti4": "317.16", "scan": "0.53", "track": "0.42", "acq_date": "2026-09-30", "acq_time": "152", "satellite": "N21", "instrument": "VIIRS", "confidence": "n", "version": "2.0NRT", "bright_ti5": "275.77", "frp": "2.22", "daynight": "N"}}, {"type": "Feature", "geometry": {"type": "Point", "coordinates": [24.19838, 65.768]}, "properties": {"latitude": "65.768", "longitude": "24.19838", "bright_ti4": "305.44", "scan": "0.53", "track": "0.42", "acq_date": "2026-09-30", "acq_time": "152", "satellite": "N21", "instrument": "VIIRS", "confidence": "n", "version": "2.0NRT", "bright_ti5": "278.28", "frp": "2.79", "daynight": "N"}}, {"type": "Feature", "geometry": {"type": "Point", "coordinates": [24.18847, 65.77053]}, "properties": {"latitude": "65.77053", "longitude": "24.18847", "bright_ti4": "324.93", "scan": "0.53", "track": "0.42", "acq_date": "2026-09-30", "acq_time": "152", "satellite": "N21", "instrument": "VIIRS", "confidence": "n", "version": "2.0NRT", "bright_ti5": "274.55", "frp": "2.79", "daynight": "N"}}, {"type": "Feature", "geometry": {"type": "Point", "coordinates": [14.17826, 66.30939]}, "properties": {"latitude": "66.30939", "longitude": "14.17826", "bright_ti4": "298.82", "scan": "0.38", "track": "0.36", "acq_date": "2026-09-30", "acq_time": "152", "satellite": "N21", "instrument": "VIIRS", "confidence": "n", "version": "2.0NRT", "bright_ti5": "276.54", "frp": "1.1", "daynight": "N"}}, {"type": "Feature", "geometry": {"type": "Point", "coordinates": [9.143, 63.31777]}, "properties": {"latitude": "63.31777", "longitude": "9.143", "bright_ti4": "311.67", "scan": "0.39", "track": "0.36", "acq_date": "2026-09-30", "acq_time": "154", "satellite": "N21", "instrument": "VIIRS", "confidence": "n", "version": "2.0NRT", "bright_ti5": "283.92", "frp": "1.66", "daynight": "N"}}, {"type": "Feature", "geometry": {"type": "Point", "coordinates": [21.18085, 48.60312]}, "properties": {"latitude": "48.60312", "longitude": "21.18085", "bright_ti4": "295.7", "scan": "0.6", "track": "0.71", "acq_date": "2026-09-30", "acq_time": "156", "satellite": "N21", "instrument": "VIIRS", "confidence": "n", "version": "2.0NRT", "bright_ti5": "282.63", "frp": "2.73", "daynight": "N"}}, {"type": "Feature", "geometry": {"type": "Point", "coordinates": [21.1758, 48.60331]}, "properties": {"latitude": "48.60331", "longitude": "21.1758", "bright_ti4": "313.46", "scan": "0.6", "track": "0.71", "acq_date": "2026-09-30", "acq_time": "156", "satellite": "N21", "instrument": "VIIRS", "confidence": "n", "version": "2.0NRT", "bright_ti5": "282.24", "frp": "4.1", "daynight": "N"}}, {"type": "Feature", "geometry": {"type": "Point", "coordinates": [21.1736, 48.60571]}, "properties": {"latitude": "48.60571", "longitude": "21.1736", "bright_ti4": "305.91", "scan": "0.6", "track": "0.71", "acq_date": "2026-09-30", "acq_time": "156", "satellite": "N21", "instrument": "VIIRS", "confidence": "n", "version": "2.0NRT", "bright_ti5": "282.42", "frp": "2.73", "daynight": "N"}}, {"type": "Feature", "geometry": {"type": "Point", "coordinates": [21.1974, 48.61202]}, "properties": {"latitude": "48.61202", "longitude": "21.1974", "bright_ti4": "296.12", "scan": "0.6", "track": "0.71", "acq_date": "2026-09-30", "acq_time": "156", "satellite": "N21", "instrument": "VIIRS", "confidence": "n", "version": "2.0NRT", "bright_ti5": "283.21", "frp": "2.18", "daynight": "N"}}, {"type": "Feature", "geometry": {"type": "Point", "coordinates": [21.19009, 48.61463]}, "properties": {"latitude": "48.61463", "longitude": "21.19009", "bright_ti4": "314.06", "scan": "0.6", "track": "0.71", "acq_date": "2026-09-30", "acq_time": "156", "satellite": "N21", "instrument": "VIIRS", "confidence": "n", "version": "2.0NRT", "bright_ti5": "284.33", "frp": "3.38", "daynight": "N"}}, {"type": "Feature", "geometry": {"type": "Point", "coordinates": [21.18285, 48.61721]}, "properties": {"latitude": "48.61721", "longitude": "21.18285", "bright_ti4": "297.03", "scan": "0.6", "track": "0.71", "acq_date": "2026-09-30", "acq_time": "156", "satellite": "N21", "instrument": "VIIRS", "confidence": "n", "version": "2.0NRT", "bright_ti5": "281.58", "frp": "3.38", "daynight": "N"}}, {"type": "Feature", "geometry": {"type": "Point", "coordinates": [21.18979, 48.62054]}, "properties": {"latitude": "48.62054", "longitude": "21.18979", "bright_ti4": "320.25", "scan": "0.6", "track": "0.71", "acq_date": "2026-09-30", "acq_time": "156", "satellite": "N21", "instrument": "VIIRS", "confidence": "n", "version": "2.0NRT", "bright_ti5": "283.03", "frp": "4.45", "daynight": "N"}}, {"type": "Feature", "geometry": {"type": "Point", "coordinates": [15.63836, 49.89318]}, "properties": {"latitude": "49.89318", "longitude": "15.63836", "bright_ti4": "303.24", "scan": "0.32", "track": "0.55", "acq_date": "2026-09-30", "acq_time": "156", "satellite": "N21", "instrument": "VIIRS", "confidence": "n", "version": "2.0NRT", "bright_ti5": "286.18", "frp": "0.62", "daynight": "N"}}, {"type": "Feature", "geometry": {"type": "Point", "coordinates": [19.28977, 50.33284]}, "properties": {"latitude": "50.33284", "longitude": "19.28977", "bright_ti4": "301.46", "scan": "0.44", "track": "0.62", "acq_date": "2026-09-30", "acq_time": "156", "satellite": "N21", "instrument": "VIIRS", "confidence": "n", "version": "2.0NRT", "bright_ti5": "282.63", "frp": "1.37", "daynight": "N"}}, {"type": "Feature", "geometry": {"type": "Point", "coordinates": [19.28949, 50.3362]}, "properties": {"latitude": "50.3362", "longitude": "19.28949", "bright_ti4": "315.95", "scan": "0.44", "track": "0.62", "acq_date": "2026-09-30", "acq_time": "156", "satellite": "N21", "instrument": "VIIRS", "confidence": "n", "version": "2.0NRT", "bright_ti5": "285.21", "frp": "2.92", "daynight": "N"}}, {"type": "Feature", "geometry": {"type": "Point", "coordinates": [19.45855, 50.49099]}, "properties": {"latitude": "50.49099", "longitude": "19.45855", "bright_ti4": "296.44", "scan": "0.44", "track": "0.62", "acq_date": "2026-09-30", "acq_time": "156", "satellite": "N21", "instrument": "VIIRS", "confidence": "n", "version": "2.0NRT", "bright_ti5": "282.68", "frp": "1.03", "daynight": "N"}}, {"type": "Feature", "geometry": {"type": "Point", "coordinates": [13.5922, 50.57531]}, "properties": {"latitude": "50.57531", "longitude": "13.5922", "bright_ti4": "327.06", "scan": "0.51", "track": "0.49", "acq_date": "2026-09-30", "acq_time": "156", "satellite": "N21", "instrument": "VIIRS", "confidence": "n", "version": "2.0NRT", "bright_ti5": "283.54", "frp": "4.22", "daynight": "N"}}, {"type": "Feature", "geometry": {"type": "Point", "coordinates": [10.48459, 51.36268]}, "properties": {"latitude": "51.36268", "longitude": "10.48459", "bright_ti4": "298.61", "scan": "0.55", "track": "0.43", "acq_date": "2026-09-30", "acq_time": "156", "satellite": "N21", "instrument": "VIIRS", "confidence": "n", "version": "2.0NRT", "bright_ti5": "283.34", "frp": "0.88", "daynight": "N"}}, {"type": "Feature", "geometry": {"type": "Point", "coordinates": [10.47896, 51.36332]}, "properties": {"latitude": "51.36332", "longitude": "10.47896", "bright_ti4": "300.76", "scan": "0.55", "track": "0.43", "acq_date": "2026-09-30", "acq_time": "156", "satellite": "N21", "instrument": "VIIRS", "confidence": "n", "version": "2.0NRT", "bright_ti5": "284.8", "frp": "1.45", "daynight": "N"}}, {"type": "Feature", "geometry": {"type": "Point", "coordinates": [6.74279, 51.46117]}, "properties": {"latitude": "51.46117", "longitude": "6.74279", "bright_ti4": "299.74", "scan": "0.43", "track": "0.38", "acq_date": "2026-09-30", "acq_time": "156", "satellite": "N21", "instrument": "VIIRS", "confidence": "n", "version": "2.0NRT", "bright_ti5": "285.86", "frp": "0.43", "daynight": "N"}}, {"type": "Feature", "geometry": {"type": "Point", "coordinates": [6.71985, 51.48024]}, "properties": {"latitude": "51.48024", "longitude": "6.71985", "bright_ti4": "319.96", "scan": "0.42", "track": "0.38", "acq_date": "2026-09-30", "acq_time": "156", "satellite": "N21", "instrument": "VIIRS", "confidence": "n", "version": "2.0NRT", "bright_ti5": "286.61", "frp": "2.73", "daynight": "N"}}, {"type": "Feature", "geometry": {"type": "Point", "coordinates": [6.69461, 51.48142]}, "properties": {"latitude": "51.48142", "longitude": "6.69461", "bright_ti4": "303.15", "scan": "0.42", "track": "0.38", "acq_date": "2026-09-30", "acq_time": "156", "satellite": "N21", "instrument": "VIIRS", "confidence": "n", "version": "2.0NRT", "bright_ti5": "286.87", "frp": "0.9", "daynight": "N"}}, {"type": "Feature", "geometry": {"type": "Point", "coordinates": [6.70803, 51.48251]}, "properties": {"latitude": "51.48251", "longitude": "6.70803", "bright_ti4": "329", "scan": "0.42", "track": "0.38", "acq_date": "2026-09-30", "acq_time": "156", "satellite": "N21", "instrument": "VIIRS", "confidence": "n", "version": "2.0NRT", "bright_ti5": "289.67", "frp": "5.25", "daynight": "N"}}, {"type": "Feature", "geometry": {"type": "Point", "coordinates": [6.70214, 51.48364]}, "properties": {"latitude": "51.48364", "longitude": "6.70214", "bright_ti4": "338.41", "scan": "0.42", "track": "0.38", "acq_date": "2026-09-30", "acq_time": "156", "satellite": "N21", "instrument": "VIIRS", "confidence": "n", "version": "2.0NRT", "bright_ti5": "289.68", "frp": "5.25", "daynight": "N"}}, {"type": "Feature", "geometry": {"type": "Point", "coordinates": [6.70967, 51.48585]}, "properties": {"latitude": "51.48585", "longitude": "6.70967", "bright_ti4": "309.52", "scan": "0.42", "track": "0.38", "acq_date": "2026-09-30", "acq_time": "156", "satellite": "N21", "instrument": "VIIRS", "confidence": "n", "version": "2.0NRT", "bright_ti5": "288.24", "frp": "2.16", "daynight": "N"}}, {"type": "Feature", "geometry": {"type": "Point", "coordinates": [6.72973, 51.5003]}, "properties": {"latitude": "51.5003", "longitude": "6.72973", "bright_ti4": "298.41", "scan": "0.42", "track": "0.38", "acq_date": "2026-09-30", "acq_time": "156", "satellite": "N21", "instrument": "VIIRS", "confidence": "n", "version": "2.0NRT", "bright_ti5": "284.68", "frp": "0.97", "daynight": "N"}}, {"type": "Feature", "geometry": {"type": "Point", "coordinates": [6.97374, 51.51962]}, "properties": {"latitude": "51.51962", "longitude": "6.97374", "bright_ti4": "299.12", "scan": "0.43", "track": "0.38", "acq_date": "2026-09-30", "acq_time": "156", "satellite": "N21", "instrument": "VIIRS", "confidence": "n", "version": "2.0NRT", "bright_ti5": "285.06", "frp": "0.81", "daynight": "N"}}, {"type": "Feature", "geometry": {"type": "Point", "coordinates": [8.51079, 51.6179]}, "properties": {"latitude": "51.6179", "longitude": "8.51079", "bright_ti4": "298.74", "scan": "0.47", "track": "0.4", "acq_date": "2026-09-30", "acq_time": "156", "satellite": "N21", "instrument": "VIIRS", "confidence": "n", "version": "2.0NRT", "bright_ti5": "285.61", "frp": "0.89", "daynight": "N"}}, {"type": "Feature", "geometry": {"type": "Point", "coordinates": [15.97964, 51.68233]}, "properties": {"latitude": "51.68233", "longitude": "15.97964", "bright_ti4": "296.51", "scan": "0.58", "track": "0.52", "acq_date": "2026-09-30", "acq_time": "156", "satellite": "N21", "instrument": "VIIRS", "confidence": "n", "version": "2.0NRT", "bright_ti5": "281.67", "frp": "3.89", "daynight": "N"}}, {"type": "Feature", "geometry": {"type": "Point", "coordinates": [15.98588, 51.68595]}, "properties": {"latitude": "51.68595", "longitude": "15.98588", "bright_ti4": "314.49", "scan": "0.59", "track": "0.52", "acq_date": "2026-09-30", "acq_time": "156", "satellite": "N21", "instrument": "VIIRS", "confidence": "n", "version": "2.0NRT", "bright_ti5": "281.94", "frp": "4.56", "daynight": "N"}}, {"type": "Feature", "geometry": {"type": "Point", "coordinates": [15.98294, 51.68673]}, "properties": {"latitude": "51.68673", "longitude": "15.98294", "bright_ti4": "333.07", "scan": "0.58", "track": "0.52", "acq_date": "2026-09-30", "acq_time": "156", "satellite": "N21", "instrument": "VIIRS", "confidence": "n", "version": "2.0NRT", "bright_ti5": "282.08", "frp": "3.89", "daynight": "N"}}, {"type": "Feature", "geometry": {"type": "Point", "coordinates": [15.9781, 51.68811]}, "properties": {"latitude": "51.68811", "longitude": "15.9781", "bright_ti4": "318.7", "scan": "0.58", "track": "0.52", "acq_date": "2026-09-30", "acq_time": "156", "satellite": "N21", "instrument": "VIIRS", "confidence": "n", "version": "2.0NRT", "bright_ti5": "281.99", "frp": "4.56", "daynight": "N"}}, {"type": "Feature", "geometry": {"type": "Point", "coordinates": [8.05538, 51.76419]}, "properties": {"latitude": "51.76419", "longitude": "8.05538", "bright_ti4": "301.54", "scan": "0.45", "track": "0.39", "acq_date": "2026-09-30", "acq_time": "156", "satellite": "N21", "instrument": "VIIRS", "confidence": "n", "version": "2.0NRT", "bright_ti5": "287.72", "frp": "0.96", "daynight": "N"}}, {"type": "Feature", "geometry": {"type": "Point", "coordinates": [4.1068, 51.94374]}, "properties": {"latitude": "51.94374", "longitude": "4.1068", "bright_ti4": "299.66", "scan": "0.39", "track": "0.36", "acq_date": "2026-09-30", "acq_time": "156", "satellite": "N21", "instrument": "VIIRS", "confidence": "n", "version": "2.0NRT", "bright_ti5": "285.79", "frp": "0.94", "daynight": "N"}}, {"type": "Feature", "geometry": {"type": "Point", "coordinates": [10.40613, 52.15096]}, "properties": {"latitude": "52.15096", "longitude": "10.40613", "bright_ti4": "295.63", "scan": "0.53", "track": "0.42", "acq_date": "2026-09-30", "acq_time": "156", "satellite": "N21", "instrument": "VIIRS", "confidence": "n", "version": "2.0NRT", "bright_ti5": "273.34", "frp": "1.04", "daynight": "N"}}, {"type": "Feature", "geometry": {"type": "Point", "coordinates": [10.3988, 52.15258]}, "properties": {"latitude": "52.15258", "longitude": "10.3988", "bright_ti4": "308.14", "scan": "0.53", "track": "0.42", "acq_date": "2026-09-30", "acq_time": "156", "satellite": "N21", "instrument": "VIIRS", "confidence": "n", "version": "2.0NRT", "bright_ti5": "274.48", "frp": "1.07", "daynight": "N"}}, {"type": "Feature", "geometry": {"type": "Point", "coordinates": [10.40829, 52.15459]}, "properties": {"latitude": "52.15459", "longitude": "10.40829", "bright_ti4": "322.85", "scan": "0.53", "track": "0.42", "acq_date": "2026-09-30", "acq_time": "156", "satellite": "N21", "instrument": "VIIRS", "confidence": "n", "version": "2.0NRT", "bright_ti5": "274.02", "frp": "3.93", "daynight": "N"}}, {"type": "Feature", "geometry": {"type": "Point", "coordinates": [10.40098, 52.1562]}, "properties": {"latitude": "52.1562", "longitude": "10.40098", "bright_ti4": "315.88", "scan": "0.53", "track": "0.42", "acq_date": "2026-09-30", "acq_time": "156", "satellite": "N21", "instrument": "VIIRS", "confidence": "n", "version": "2.0NRT", "bright_ti5": "274.77", "frp": "1.94", "daynight": "N"}}, {"type": "Feature", "geometry": {"type": "Point", "coordinates": [10.41994, 52.16024]}, "properties": {"latitude": "52.16024", "longitude": "10.41994", "bright_ti4": "295.3", "scan": "0.53", "track": "0.42", "acq_date": "2026-09-30", "acq_time": "156", "satellite": "N21", "instrument": "VIIRS", "confidence": "n", "version": "2.0NRT", "bright_ti5": "275.12", "frp": "0.77", "daynight": "N"}}, {"type": "Feature", "geometry": {"type": "Point", "coordinates": [10.43041, 52.16484]}, "properties": {"latitude": "52.16484", "longitude": "10.43041", "bright_ti4": "295.38", "scan": "0.53", "track": "0.42", "acq_date": "2026-09-30", "acq_time": "156", "satellite": "N21", "instrument": "VIIRS", "confidence": "n", "version": "2.0NRT", "bright_ti5": "276.95", "frp": "0.76", "daynight": "N"}}, {"type": "Feature", "geometry": {"type": "Point", "coordinates": [14.62322, 52.16973]}, "properties": {"latitude": "52.16973", "longitude": "14.62322", "bright_ti4": "336.6", "scan": "0.5", "track": "0.49", "acq_date": "2026-09-30", "acq_time": "156", "satellite": "N21", "instrument": "VIIRS", "confidence": "n", "version": "2.0NRT", "bright_ti5": "280.23", "frp": "7.4", "daynight": "N"}}, {"type": "Feature", "geometry": {"type": "Point", "coordinates": [14.62534, 52.17212]}, "properties": {"latitude": "52.17212", "longitude": "14.62534", "bright_ti4": "337.4", "scan": "0.5", "track": "0.49", "acq_date": "2026-09-30", "acq_time": "156", "satellite": "N21", "instrument": "VIIRS", "confidence": "n", "version": "2.0NRT", "bright_ti5": "281.15", "frp": "9.97", "daynight": "N"}}, {"type": "Feature", "geometry": {"type": "Point", "coordinates": [8.04728, 52.20843]}, "properties": {"latitude": "52.20843", "longitude": "8.04728", "bright_ti4": "313.48", "scan": "0.45", "track": "0.39", "acq_date": "2026-09-30", "acq_time": "156", "satellite": "N21", "instrument": "VIIRS", "confidence": "n", "version": "2.0NRT", "bright_ti5": "287.6", "frp": "2.02", "daynight": "N"}}, {"type": "Feature", "geometry": {"type": "Point", "coordinates": [10.24748, 52.31572]}, "properties": {"latitude": "52.31572", "longitude": "10.24748", "bright_ti4": "300.22", "scan": "0.52", "track": "0.41", "acq_date": "2026-09-30", "acq_time": "156", "satellite": "N21", "instrument": "VIIRS", "confidence": "n", "version": "2.0NRT", "bright_ti5": "274.27", "frp": "1.59", "daynight": "N"}}, {"type": "Feature", "geometry": {"type": "Point", "coordinates": [7.32093, 52.46579]}, "properties": {"latitude": "52.46579", "longitude": "7.32093", "bright_ti4": "307.04", "scan": "0.43", "track": "0.38", "acq_date": "2026-09-30", "acq_time": "156", "satellite": "N21", "instrument": "VIIRS", "confidence": "n", "version": "2.0NRT", "bright_ti5": "286.54", "frp": "1.31", "daynight": "N"}}, {"type": "Feature", "geometry": {"type": "Point", "coordinates": [4.614, 52.47252]}, "properties": {"latitude": "52.47252", "longitude": "4.614", "bright_ti4": "302.17", "scan": "0.39", "track": "0.36", "acq_date": "2026-09-30", "acq_time": "156", "satellite": "N21", "instrument": "VIIRS", "confidence": "n", "version": "2.0NRT", "bright_ti5": "288.15", "frp": "0.9", "daynight": "N"}}, {"type": "Feature", "geometry": {"type": "Point", "coordinates": [4.58619, 52.47717]}, "properties": {"latitude": "52.47717", "longitude": "4.58619", "bright_ti4": "306.1", "scan": "0.39", "track": "0.36", "acq_date": "2026-09-30", "acq_time": "156", "satellite": "N21", "instrument": "VIIRS", "confidence": "n", "version": "2.0NRT", "bright_ti5": "287.87", "frp": "1.09", "daynight": "N"}}, {"type": "Feature", "geometry": {"type": "Point", "coordinates": [4.60022, 52.48177]}, "properties": {"latitude": "52.48177", "longitude": "4.60022", "bright_ti4": "304.48", "scan": "0.39", "track": "0.36", "acq_date": "2026-09-30", "acq_time": "156", "satellite": "N21", "instrument": "VIIRS", "confidence": "n", "version": "2.0NRT", "bright_ti5": "289.17", "frp": "2.95", "daynight": "N"}}, {"type": "Feature", "geometry": {"type": "Point", "coordinates": [4.59466, 52.4827]}, "properties": {"latitude": "52.4827", "longitude": "4.59466", "bright_ti4": "341.56", "scan": "0.39", "track": "0.36", "acq_date": "2026-09-30", "acq_time": "156", "satellite": "N21", "instrument": "VIIRS", "confidence": "n", "version": "2.0NRT", "bright_ti5": "289.26", "frp": "2.95", "daynight": "N"}}, {"type": "Feature", "geometry": {"type": "Point", "coordinates": [4.5891, 52.48363]}, "properties": {"latitude": "52.48363", "longitude": "4.5891", "bright_ti4": "302.99", "scan": "0.39", "track": "0.36", "acq_date": "2026-09-30", "acq_time": "156", "satellite": "N21", "instrument": "VIIRS", "confidence": "n", "version": "2.0NRT", "bright_ti5": "287.04", "frp": "1.42", "daynight": "N"}}, {"type": "Feature", "geometry": {"type": "Point", "coordinates": [4.58353, 52.48456]}, "properties": {"latitude": "52.48456", "longitude": "4.58353", "bright_ti4": "315.93", "scan": "0.39", "track": "0.36", "acq_date": "2026-09-30", "acq_time": "156", "satellite": "N21", "instrument": "VIIRS", "confidence": "n", "version": "2.0NRT", "bright_ti5": "288", "frp": "1.42", "daynight": "N"}}, {"type": "Feature", "geometry": {"type": "Point", "coordinates": [4.61717, 52.49285]}, "properties": {"latitude": "52.49285", "longitude": "4.61717", "bright_ti4": "334.5", "scan": "0.39", "track": "0.36", "acq_date": "2026-09-30", "acq_time": "156", "satellite": "N21", "instrument": "VIIRS", "confidence": "n", "version": "2.0NRT", "bright_ti5": "290.67", "frp": "3.07", "daynight": "N"}}, {"type": "Feature", "geometry": {"type": "Point", "coordinates": [4.6116, 52.49378]}, "properties": {"latitude": "52.49378", "longitude": "4.6116", "bright_ti4": "314.39", "scan": "0.39", "track": "0.36", "acq_date": "2026-09-30", "acq_time": "156", "satellite": "N21", "instrument": "VIIRS", "confidence": "n", "version": "2.0NRT", "bright_ti5": "289.93", "frp": "3.07", "daynight": "N"}}, {"type": "Feature", "geometry": {"type": "Point", "coordinates": [19.67215, 52.58056]}, "properties": {"latitude": "52.58056", "longitude": "19.67215", "bright_ti4": "302.07", "scan": "0.38", "track": "0.59", "acq_date": "2026-09-30", "acq_time": "156", "satellite": "N21", "instrument": "VIIRS", "confidence": "n", "version": "2.0NRT", "bright_ti5": "278.63", "frp": "1.31", "daynight": "N"}}, {"type": "Feature", "geometry": {"type": "Point", "coordinates": [19.69557, 52.58543]}, "properties": {"latitude": "52.58543", "longitude": "19.69557", "bright_ti4": "298.1", "scan": "0.38", "track": "0.59", "acq_date": "2026-09-30", "acq_time": "156", "satellite": "N21", "instrument": "VIIRS", "confidence": "n", "version": "2.0NRT", "bright_ti5": "279.48", "frp": "0.84", "daynight": "N"}}, {"type": "Feature", "geometry": {"type": "Point", "coordinates": [8.67636, 53.13828]}, "properties": {"latitude": "53.13828", "longitude": "8.67636", "bright_ti4": "317.65", "scan": "0.45", "track": "0.39", "acq_date": "2026-09-30", "acq_time": "156", "satellite": "N21", "instrument": "VIIRS", "confidence": "n", "version": "2.0NRT", "bright_ti5": "289.52", "frp": "2.63", "daynight": "N"}}, {"type": "Feature", "geometry": {"type": "Point", "coordinates": [10.03859, 53.5119]}, "properties": {"latitude": "53.5119", "longitude": "10.03859", "bright_ti4": "302.46", "scan": "0.48", "track": "0.4", "acq_date": "2026-09-30", "acq_time": "156", "satellite": "N21", "instrument": "VIIRS", "confidence": "n", "version": "2.0NRT", "bright_ti5": "288.58", "frp": "1.02", "daynight": "N"}}, {"type": "Feature", "geometry": {"type": "Point", "coordinates": [9.90559, 53.52057]}, "properties": {"latitude": "53.52057", "longitude": "9.90559", "bright_ti4": "311.69", "scan": "0.48", "track": "0.4", "acq_date": "2026-09-30", "acq_time": "156", "satellite": "N21", "instrument": "VIIRS", "confidence": "n", "version": "2.0NRT", "bright_ti5": "282.75", "frp": "1.29", "daynight": "N"}}, {"type": "Feature", "geometry": {"type": "Point", "coordinates": [-0.24111, 53.63218]}, "properties": {"latitude": "53.63218", "longitude": "-0.24111", "bright_ti4": "312.63", "scan": "0.43", "track": "0.38", "acq_date": "2026-09-30", "acq_time": "156", "satellite": "N21", "instrument": "VIIRS", "confidence": "n", "version": "2.0NRT", "bright_ti5": "287.77", "frp": "1.3", "daynight": "N"}}, {"type": "Feature", "geometry": {"type": "Point", "coordinates": [-0.2476, 53.63297]}, "properties": {"latitude": "53.63297", "longitude": "-0.2476", "bright_ti4": "304.22", "scan": "0.43", "track": "0.38", "acq_date": "2026-09-30", "acq_time": "156", "satellite": "N21", "instrument": "VIIRS", "confidence": "n", "version": "2.0NRT", "bright_ti5": "289.59", "frp": "1.94", "daynight": "N"}}, {"type": "Feature", "geometry": {"type": "Point", "coordinates": [23.90221, 53.67778]}, "properties": {"latitude": "53.67778", "longitude": "23.90221", "bright_ti4": "319.32", "scan": "0.49", "track": "0.65", "acq_date": "2026-09-30", "acq_time": "156", "satellite": "N21", "instrument": "VIIRS", "confidence": "n", "version": "2.0NRT", "bright_ti5": "281.79", "frp": "2.93", "daynight": "N"}}, {"type": "Feature", "geometry": {"type": "Point", "coordinates": [21.80013, 55.09318]}, "properties": {"latitude": "55.09318", "longitude": "21.80013", "bright_ti4": "297.33", "scan": "0.37", "track": "0.58", "acq_date": "2026-09-30", "acq_time": "156", "satellite": "N21", "instrument": "VIIRS", "confidence": "n", "version": "2.0NRT", "bright_ti5": "277.09", "frp": "0.32", "daynight": "N"}}, {"type": "Feature", "geometry": {"type": "Point", "coordinates": [11.09951, 55.65278]}, "properties": {"latitude": "55.65278", "longitude": "11.09951", "bright_ti4": "320.71", "scan": "0.47", "track": "0.4", "acq_date": "2026-09-30", "acq_time": "156", "satellite": "N21", "instrument": "VIIRS", "confidence": "n", "version": "2.0NRT", "bright_ti5": "283.08", "frp": "2.37", "daynight": "N"}}, {"type": "Feature", "geometry": {"type": "Point", "coordinates": [17.56818, 40.54278]}, "properties": {"latitude": "40.54278", "longitude": "17.56818", "bright_ti4": "318.53", "scan": "0.78", "track": "0.78", "acq_date": "2026-09-30", "acq_time": "158", "satellite": "N21", "instrument": "VIIRS", "confidence": "n", "version": "2.0NRT", "bright_ti5": "285.15", "frp": "4.29", "daynight": "N"}}, {"type": "Feature", "geometry": {"type": "Point", "coordinates": [12.54743, 43.3659]}, "properties": {"latitude": "43.3659", "longitude": "12.54743", "bright_ti4": "295.24", "scan": "0.37", "track": "0.58", "acq_date": "2026-09-30", "acq_time": "158", "satellite": "N21", "instrument": "VIIRS", "confidence": "n", "version": "2.0NRT", "bright_ti5": "284.04", "frp": "0.9", "daynight": "N"}}, {"type": "Feature", "geometry": {"type": "Point", "coordinates": [16.44319, 43.54144]}, "properties": {"latitude": "43.54144", "longitude": "16.44319", "bright_ti4": "296.55", "scan": "0.56", "track": "0.69", "acq_date": "2026-09-30", "acq_time": "158", "satellite": "N21", "instrument": "VIIRS", "confidence": "n", "version": "2.0NRT", "bright_ti5": "286.42", "frp": "1.13", "daynight": "N"}}, {"type": "Feature", "geometry": {"type": "Point", "coordinates": [12.12921, 45.05766]}, "properties": {"latitude": "45.05766", "longitude": "12.12921", "bright_ti4": "296.02", "scan": "0.63", "track": "0.54", "acq_date": "2026-09-30", "acq_time": "158", "satellite": "N21", "instrument": "VIIRS", "confidence": "n", "version": "2.0NRT", "bright_ti5": "285.14", "frp": "0.69", "daynight": "N"}}, {"type": "Feature", "geometry": {"type": "Point", "coordinates": [19.48002, 45.07579]}, "properties": {"latitude": "45.07579", "longitude": "19.48002", "bright_ti4": "295.14", "scan": "0.68", "track": "0.74", "acq_date": "2026-09-30", "acq_time": "158", "satellite": "N21", "instrument": "VIIRS", "confidence": "n", "version": "2.0NRT", "bright_ti5": "281.95", "frp": "2.05", "daynight": "N"}}, {"type": "Feature", "geometry": {"type": "Point", "coordinates": [19.56507, 45.10323]}, "properties": {"latitude": "45.10323", "longitude": "19.56507", "bright_ti4": "297.51", "scan": "0.68", "track": "0.74", "acq_date": "2026-09-30", "acq_time": "158", "satellite": "N21", "instrument": "VIIRS", "confidence": "n", "version": "2.0NRT", "bright_ti5": "280.87", "frp": "1.35", "daynight": "N"}}, {"type": "Feature", "geometry": {"type": "Point", "coordinates": [9.94326, 45.14335]}, "properties": {"latitude": "45.14335", "longitude": "9.94326", "bright_ti4": "336.34", "scan": "0.5", "track": "0.49", "acq_date": "2026-09-30", "acq_time": "158", "satellite": "N21", "instrument": "VIIRS", "confidence": "n", "version": "2.0NRT", "bright_ti5": "287.96", "frp": "7.01", "daynight": "N"}}, {"type": "Feature", "geometry": {"type": "Point", "coordinates": [20.65201, 45.29218]}, "properties": {"latitude": "45.29218", "longitude": "20.65201", "bright_ti4": "295.12", "scan": "0.75", "track": "0.77", "acq_date": "2026-09-30", "acq_time": "158", "satellite": "N21", "instrument": "VIIRS", "confidence": "n", "version": "2.0NRT", "bright_ti5": "278.83", "frp": "0.78", "daynight": "N"}}, {"type": "Feature", "geometry": {"type": "Point", "coordinates": [20.65674, 45.29842]}, "properties": {"latitude": "45.29842", "longitude": "20.65674", "bright_ti4": "306.47", "scan": "0.75", "track": "0.77", "acq_date": "2026-09-30", "acq_time": "158", "satellite": "N21", "instrument": "VIIRS", "confidence": "n", "version": "2.0NRT", "bright_ti5": "281.56", "frp": "3.65", "daynight": "N"}}, {"type": "Feature", "geometry": {"type": "Point", "coordinates": [20.0677, 45.30589]}, "properties": {"latitude": "45.30589", "longitude": "20.0677", "bright_ti4": "295.56", "scan": "0.71", "track": "0.75", "acq_date": "2026-09-30", "acq_time": "158", "satellite": "N21", "instrument": "VIIRS", "confidence": "n", "version": "2.0NRT", "bright_ti5": "280.33", "frp": "1.06", "daynight": "N"}}, {"type": "Feature", "geometry": {"type": "Point", "coordinates": [11.94604, 45.38287]}, "properties": {"latitude": "45.38287", "longitude": "11.94604", "bright_ti4": "302.31", "scan": "0.61", "track": "0.53", "acq_date": "2026-09-30", "acq_time": "158", "satellite": "N21", "instrument": "VIIRS", "confidence": "n", "version": "2.0NRT", "bright_ti5": "287.24", "frp": "2.13", "daynight": "N"}}, {"type": "Feature", "geometry": {"type": "Point", "coordinates": [10.45561, 45.45938]}, "properties": {"latitude": "45.45938", "longitude": "10.45561", "bright_ti4": "307.09", "scan": "0.52", "track": "0.5", "acq_date": "2026-09-30", "acq_time": "158", "satellite": "N21", "instrument": "VIIRS", "confidence": "n", "version": "2.0NRT", "bright_ti5": "287.95", "frp": "1.89", "daynight": "N"}}, {"type": "Feature", "geometry": {"type": "Point", "coordinates": [10.21495, 45.4787]}, "properties": {"latitude": "45.4787", "longitude": "10.21495", "bright_ti4": "315.71", "scan": "0.5", "track": "0.49", "acq_date": "2026-09-30", "acq_time": "158", "satellite": "N21", "instrument": "VIIRS", "confidence": "n", "version": "2.0NRT", "bright_ti5": "285.33", "frp": "3.73", "daynight": "N"}}, {"type": "Feature", "geometry": {"type": "Point", "coordinates": [10.24317, 45.50809]}, "properties": {"latitude": "45.50809", "longitude": "10.24317", "bright_ti4": "298.82", "scan": "0.5", "track": "0.49", "acq_date": "2026-09-30", "acq_time": "158", "satellite": "N21", "instrument": "VIIRS", "confidence": "n", "version": "2.0NRT", "bright_ti5": "287.03", "frp": "1.85", "daynight": "N"}}, {"type": "Feature", "geometry": {"type": "Point", "coordinates": [9.60226, 45.63725]}, "properties": {"latitude": "45.63725", "longitude": "9.60226", "bright_ti4": "302.52", "scan": "0.47", "track": "0.48", "acq_date": "2026-09-30", "acq_time": "158", "satellite": "N21", "instrument": "VIIRS", "confidence": "n", "version": "2.0NRT", "bright_ti5": "288.43", "frp": "1.37", "daynight": "N"}}, {"type": "Feature", "geometry": {"type": "Point", "coordinates": [9.46502, 45.68172]}, "properties": {"latitude": "45.68172", "longitude": "9.46502", "bright_ti4": "301.4", "scan": "0.46", "track": "0.47", "acq_date": "2026-09-30", "acq_time": "158", "satellite": "N21", "instrument": "VIIRS", "confidence": "n", "version": "2.0NRT", "bright_ti5": "286.29", "frp": "1.35", "daynight": "N"}}, {"type": "Feature", "geometry": {"type": "Point", "coordinates": [9.46564, 45.68374]}, "properties": {"latitude": "45.68374", "longitude": "9.46564", "bright_ti4": "300.82", "scan": "0.46", "track": "0.47", "acq_date": "2026-09-30", "acq_time": "158", "satellite": "N21", "instrument": "VIIRS", "confidence": "n", "version": "2.0NRT", "bright_ti5": "286.51", "frp": "1.08", "daynight": "N"}}, {"type": "Feature", "geometry": {"type": "Point", "coordinates": [8.6854, 45.78191]}, "properties": {"latitude": "45.78191", "longitude": "8.6854", "bright_ti4": "301.41", "scan": "0.42", "track": "0.45", "acq_date": "2026-09-30", "acq_time": "158", "satellite": "N21", "instrument": "VIIRS", "confidence": "n", "version": "2.0NRT", "bright_ti5": "287.12", "frp": "0.95", "daynight": "N"}}, {"type": "Feature", "geometry": {"type": "Point", "coordinates": [4.45577, 46.05122]}, "properties": {"latitude": "46.05122", "longitude": "4.45577", "bright_ti4": "297.43", "scan": "0.44", "track": "0.38", "acq_date": "2026-09-30", "acq_time": "158", "satellite": "N21", "instrument": "VIIRS", "confidence": "n", "version": "2.0NRT", "bright_ti5": "285.69", "frp": "0.74", "daynight": "N"}}, {"type": "Feature", "geometry": {"type": "Point", "coordinates": [13.62392, 46.06713]}, "properties": {"latitude": "46.06713", "longitude": "13.62392", "bright_ti4": "300.05", "scan": "0.35", "track": "0.56", "acq_date": "2026-09-30", "acq_time": "158", "satellite": "N21", "instrument": "VIIRS", "confidence": "n", "version": "2.0NRT", "bright_ti5": "284.49", "frp": "1.27", "daynight": "N"}}, {"type": "Feature", "geometry": {"type": "Point", "coordinates": [7.56407, 47.17097]}, "properties": {"latitude": "47.17097", "longitude": "7.56407", "bright_ti4": "297.78", "scan": "0.53", "track": "0.42", "acq_date": "2026-09-30", "acq_time": "158", "satellite": "N21", "instrument": "VIIRS", "confidence": "n", "version": "2.0NRT", "bright_ti5": "284.55", "frp": "1.93", "daynight": "N"}}, {"type": "Feature", "geometry": {"type": "Point", "coordinates": [7.56585, 47.17466]}, "properties": {"latitude": "47.17466", "longitude": "7.56585", "bright_ti4": "311.28", "scan": "0.53", "track": "0.42", "acq_date": "2026-09-30", "acq_time": "158", "satellite": "N21", "instrument": "VIIRS", "confidence": "n", "version": "2.0NRT", "bright_ti5": "285.39", "frp": "1.93", "daynight": "N"}}, {"type": "Feature", "geometry": {"type": "Point", "coordinates": [14.3305, 48.259]}, "properties": {"latitude": "48.259", "longitude": "14.3305", "bright_ti4": "297.39", "scan": "0.32", "track": "0.55", "acq_date": "2026-09-30", "acq_time": "158", "satellite": "N21", "instrument": "VIIRS", "confidence": "n", "version": "2.0NRT", "bright_ti5": "284.19", "frp": "0.63", "daynight": "N"}}, {"type": "Feature", "geometry": {"type": "Point", "coordinates": [14.32443, 48.27161]}, "properties": {"latitude": "48.27161", "longitude": "14.32443", "bright_ti4": "309.3", "scan": "0.32", "track": "0.55", "acq_date": "2026-09-30", "acq_time": "158", "satellite": "N21", "instrument": "VIIRS", "confidence": "n", "version": "2.0NRT", "bright_ti5": "285.5", "frp": "2.82", "daynight": "N"}}, {"type": "Feature", "geometry": {"type": "Point", "coordinates": [14.33939, 48.27291]}, "properties": {"latitude": "48.27291", "longitude": "14.33939", "bright_ti4": "336.61", "scan": "0.32", "track": "0.55", "acq_date": "2026-09-30", "acq_time": "158", "satellite": "N21", "instrument": "VIIRS", "confidence": "n", "version": "2.0NRT", "bright_ti5": "288.03", "frp": "3.51", "daynight": "N"}}, {"type": "Feature", "geometry": {"type": "Point", "coordinates": [14.33538, 48.27402]}, "properties": {"latitude": "48.27402", "longitude": "14.33538", "bright_ti4": "335.46", "scan": "0.32", "track": "0.55", "acq_date": "2026-09-30", "acq_time": "158", "satellite": "N21", "instrument": "VIIRS", "confidence": "n", "version": "2.0NRT", "bright_ti5": "289.41", "frp": "3.51", "daynight": "N"}}, {"type": "Feature", "geometry": {"type": "Point", "coordinates": [14.34641, 48.27642]}, "properties": {"latitude": "48.27642", "longitude": "14.34641", "bright_ti4": "303.05", "scan": "0.32", "track": "0.55", "acq_date": "2026-09-30", "acq_time": "158", "satellite": "N21", "instrument": "VIIRS", "confidence": "n", "version": "2.0NRT", "bright_ti5": "285.91", "frp": "1.51", "daynight": "N"}}, {"type": "Feature", "geometry": {"type": "Point", "coordinates": [14.34239, 48.27753]}, "properties": {"latitude": "48.27753", "longitude": "14.34239", "bright_ti4": "298.38", "scan": "0.32", "track": "0.55", "acq_date": "2026-09-30", "acq_time": "158", "satellite": "N21", "instrument": "VIIRS", "confidence": "n", "version": "2.0NRT", "bright_ti5": "286.46", "frp": "1.48", "daynight": "N"}}, {"type": "Feature", "geometry": {"type": "Point", "coordinates": [14.33838, 48.27865]}, "properties": {"latitude": "48.27865", "longitude": "14.33838", "bright_ti4": "324.57", "scan": "0.32", "track": "0.55", "acq_date": "2026-09-30", "acq_time": "158", "satellite": "N21", "instrument": "VIIRS", "confidence": "n", "version": "2.0NRT", "bright_ti5": "287.81", "frp": "1.48", "daynight": "N"}}, {"type": "Feature", "geometry": {"type": "Point", "coordinates": [14.32638, 48.28199]}, "properties": {"latitude": "48.28199", "longitude": "14.32638", "bright_ti4": "300.36", "scan": "0.32", "track": "0.54", "acq_date": "2026-09-30", "acq_time": "158", "satellite": "N21", "instrument": "VIIRS", "confidence": "n", "version": "2.0NRT", "bright_ti5": "288.13", "frp": "0.87", "daynight": "N"}}, {"type": "Feature", "geometry": {"type": "Point", "coordinates": [17.1903, 48.45544]}, "properties": {"latitude": "48.45544", "longitude": "17.1903", "bright_ti4": "307.93", "scan": "0.42", "track": "0.61", "acq_date": "2026-09-30", "acq_time": "158", "satellite": "N21", "instrument": "VIIRS", "confidence": "n", "version": "2.0NRT", "bright_ti5": "286.77", "frp": "1.66", "daynight": "N"}}, {"type": "Feature", "geometry": {"type": "Point", "coordinates": [4.56425, 48.76697]}, "properties": {"latitude": "48.76697", "longitude": "4.56425", "bright_ti4": "300.65", "scan": "0.41", "track": "0.37", "acq_date": "2026-09-30", "acq_time": "158", "satellite": "N21", "instrument": "VIIRS", "confidence": "n", "version": "2.0NRT", "bright_ti5": "287.95", "frp": "1.02", "daynight": "N"}}, {"type": "Feature", "geometry": {"type": "Point", "coordinates": [8.25544, 50.0304]}, "properties": {"latitude": "50.0304", "longitude": "8.25544", "bright_ti4": "297.81", "scan": "0.49", "track": "0.41", "acq_date": "2026-09-30", "acq_time": "158", "satellite": "N21", "instrument": "VIIRS", "confidence": "n", "version": "2.0NRT", "bright_ti5": "286.56", "frp": "0.73", "daynight": "N"}}, {"type": "Feature", "geometry": {"type": "Point", "coordinates": [8.25566, 50.03259]}, "properties": {"latitude": "50.03259", "longitude": "8.25566", "bright_ti4": "299.7", "scan": "0.49", "track": "0.41", "acq_date": "2026-09-30", "acq_time": "158", "satellite": "N21", "instrument": "VIIRS", "confidence": "n", "version": "2.0NRT", "bright_ti5": "286.44", "frp": "0.79", "daynight": "N"}}, {"type": "Feature", "geometry": {"type": "Point", "coordinates": [3.9903, 50.47136]}, "properties": {"latitude": "50.47136", "longitude": "3.9903", "bright_ti4": "308.54", "scan": "0.39", "track": "0.36", "acq_date": "2026-09-30", "acq_time": "158", "satellite": "N21", "instrument": "VIIRS", "confidence": "n", "version": "2.0NRT", "bright_ti5": "281.63", "frp": "1.23", "daynight": "N"}}, {"type": "Feature", "geometry": {"type": "Point", "coordinates": [5.36817, 50.56906]}, "properties": {"latitude": "50.56906", "longitude": "5.36817", "bright_ti4": "302.67", "scan": "0.41", "track": "0.37", "acq_date": "2026-09-30", "acq_time": "158", "satellite": "N21", "instrument": "VIIRS", "confidence": "n", "version": "2.0NRT", "bright_ti5": "280.37", "frp": "0.88", "daynight": "N"}}, {"type": "Feature", "geometry": {"type": "Point", "coordinates": [3.48404, 50.60107]}, "properties": {"latitude": "50.60107", "longitude": "3.48404", "bright_ti4": "299.97", "scan": "0.39", "track": "0.36", "acq_date": "2026-09-30", "acq_time": "158", "satellite": "N21", "instrument": "VIIRS", "confidence": "n", "version": "2.0NRT", "bright_ti5": "287.76", "frp": "0.71", "daynight": "N"}}, {"type": "Feature", "geometry": {"type": "Point", "coordinates": [5.67424, 50.76498]}, "properties": {"latitude": "50.76498", "longitude": "5.67424", "bright_ti4": "296.94", "scan": "0.41", "track": "0.37", "acq_date": "2026-09-30", "acq_time": "158", "satellite": "N21", "instrument": "VIIRS", "confidence": "n", "version": "2.0NRT", "bright_ti5": "279.57", "frp": "0.73", "daynight": "N"}}, {"type": "Feature", "geometry": {"type": "Point", "coordinates": [5.67245, 50.76503]}, "properties": {"latitude": "50.76503", "longitude": "5.67245", "bright_ti4": "309.72", "scan": "0.41", "track": "0.37", "acq_date": "2026-09-30", "acq_time": "158", "satellite": "N21", "instrument": "VIIRS", "confidence": "n", "version": "2.0NRT", "bright_ti5": "281.19", "frp": "1.7", "daynight": "N"}}, {"type": "Feature", "geometry": {"type": "Point", "coordinates": [3.80739, 51.15613]}, "properties": {"latitude": "51.15613", "longitude": "3.80739", "bright_ti4": "295.65", "scan": "0.39", "track": "0.36", "acq_date": "2026-09-30", "acq_time": "158", "satellite": "N21", "instrument": "VIIRS", "confidence": "n", "version": "2.0NRT", "bright_ti5": "284.54", "frp": "0.45", "daynight": "N"}}, {"type": "Feature", "geometry": {"type": "Point", "coordinates": [4.32951, 51.16513]}, "properties": {"latitude": "51.16513", "longitude": "4.32951", "bright_ti4": "311.3", "scan": "0.39", "track": "0.36", "acq_date": "2026-09-30", "acq_time": "158", "satellite": "N21", "instrument": "VIIRS", "confidence": "n", "version": "2.0NRT", "bright_ti5": "286.38", "frp": "1.63", "daynight": "N"}}, {"type": "Feature", "geometry": {"type": "Point", "coordinates": [3.81153, 51.16584]}, "properties": {"latitude": "51.16584", "longitude": "3.81153", "bright_ti4": "335.04", "scan": "0.39", "track": "0.36", "acq_date": "2026-09-30", "acq_time": "158", "satellite": "N21", "instrument": "VIIRS", "confidence": "n", "version": "2.0NRT", "bright_ti5": "287.56", "frp": "5.15", "daynight": "N"}}, {"type": "Feature", "geometry": {"type": "Point", "coordinates": [3.80613, 51.16673]}, "properties": {"latitude": "51.16673", "longitude": "3.80613", "bright_ti4": "316.24", "scan": "0.39", "track": "0.36", "acq_date": "2026-09-30", "acq_time": "158", "satellite": "N21", "instrument": "VIIRS", "confidence": "n", "version": "2.0NRT", "bright_ti5": "286.81", "frp": "1.9", "daynight": "N"}}, {"type": "Feature", "geometry": {"type": "Point", "coordinates": [3.81289, 51.16908]}, "properties": {"latitude": "51.16908", "longitude": "3.81289", "bright_ti4": "328.59", "scan": "0.39", "track": "0.36", "acq_date": "2026-09-30", "acq_time": "158", "satellite": "N21", "instrument": "VIIRS", "confidence": "n", "version": "2.0NRT", "bright_ti5": "286.23", "frp": "4.83", "daynight": "N"}}, {"type": "Feature", "geometry": {"type": "Point", "coordinates": [3.80749, 51.16998]}, "properties": {"latitude": "51.16998", "longitude": "3.80749", "bright_ti4": "341.5", "scan": "0.39", "track": "0.36", "acq_date": "2026-09-30", "acq_time": "158", "satellite": "N21", "instrument": "VIIRS", "confidence": "n", "version": "2.0NRT", "bright_ti5": "290.49", "frp": "5.85", "daynight": "N"}}, {"type": "Feature", "geometry": {"type": "Point", "coordinates": [3.80208, 51.17087]}, "properties": {"latitude": "51.17087", "longitude": "3.80208", "bright_ti4": "313.83", "scan": "0.39", "track": "0.36", "acq_date": "2026-09-30", "acq_time": "158", "satellite": "N21", "instrument": "VIIRS", "confidence": "n", "version": "2.0NRT", "bright_ti5": "288.14", "frp": "5.85", "daynight": "N"}}, {"type": "Feature", "geometry": {"type": "Point", "coordinates": [3.80885, 51.17321]}, "properties": {"latitude": "51.17321", "longitude": "3.80885", "bright_ti4": "354.04", "scan": "0.39", "track": "0.36", "acq_date": "2026-09-30", "acq_time": "158", "satellite": "N21", "instrument": "VIIRS", "confidence": "n", "version": "2.0NRT", "bright_ti5": "292.13", "frp": "5.85", "daynight": "N"}}, {"type": "Feature", "geometry": {"type": "Point", "coordinates": [3.81021, 51.17645]}, "properties": {"latitude": "51.17645", "longitude": "3.81021", "bright_ti4": "303.33", "scan": "0.39", "track": "0.36", "acq_date": "2026-09-30", "acq_time": "158", "satellite": "N21", "instrument": "VIIRS", "confidence": "n", "version": "2.0NRT", "bright_ti5": "286.22", "frp": "1.14", "daynight": "N"}}, {"type": "Feature", "geometry": {"type": "Point", "coordinates": [3.81293, 51.18293]}, "properties": {"latitude": "51.18293", "longitude": "3.81293", "bright_ti4": "302.94", "scan": "0.39", "track": "0.36", "acq_date": "2026-09-30", "acq_time": "158", "satellite": "N21", "instrument": "VIIRS", "confidence": "n", "version": "2.0NRT", "bright_ti5": "286.92", "frp": "0.92", "daynight": "N"}}, {"type": "Feature", "geometry": {"type": "Point", "coordinates": [4.341, 51.25671]}, "properties": {"latitude": "51.25671", "longitude": "4.341", "bright_ti4": "301.69", "scan": "0.39", "track": "0.36", "acq_date": "2026-09-30", "acq_time": "158", "satellite": "N21", "instrument": "VIIRS", "confidence": "n", "version": "2.0NRT", "bright_ti5": "287.63", "frp": "0.92", "daynight": "N"}}, {"type": "Feature", "geometry": {"type": "Point", "coordinates": [7.01212, 51.29551]}, "properties": {"latitude": "51.29551", "longitude": "7.01212", "bright_ti4": "308.79", "scan": "0.43", "track": "0.38", "acq_date": "2026-09-30", "acq_time": "158", "satellite": "N21", "instrument": "VIIRS", "confidence": "n", "version": "2.0NRT", "bright_ti5": "288.46", "frp": "1.18", "daynight": "N"}}, {"type": "Feature", "geometry": {"type": "Point", "coordinates": [7.01305, 51.29638]}, "properties": {"latitude": "51.29638", "longitude": "7.01305", "bright_ti4": "305.82", "scan": "0.43", "track": "0.38", "acq_date": "2026-09-30", "acq_time": "158", "satellite": "N21", "instrument": "VIIRS", "confidence": "n", "version": "2.0NRT", "bright_ti5": "288.72", "frp": "1.39", "daynight": "N"}}, {"type": "Feature", "geometry": {"type": "Point", "coordinates": [4.34854, 51.31468]}, "properties": {"latitude": "51.31468", "longitude": "4.34854", "bright_ti4": "298.01", "scan": "0.39", "track": "0.36", "acq_date": "2026-09-30", "acq_time": "158", "satellite": "N21", "instrument": "VIIRS", "confidence": "n", "version": "2.0NRT", "bright_ti5": "284.76", "frp": "0.46", "daynight": "N"}}, {"type": "Feature", "geometry": {"type": "Point", "coordinates": [6.70746, 51.36314]}, "properties": {"latitude": "51.36314", "longitude": "6.70746", "bright_ti4": "302.6", "scan": "0.43", "track": "0.38", "acq_date": "2026-09-30", "acq_time": "158", "satellite": "N21", "instrument": "VIIRS", "confidence": "n", "version": "2.0NRT", "bright_ti5": "287.83", "frp": "0.87", "daynight": "N"}}, {"type": "Feature", "geometry": {"type": "Point", "coordinates": [6.70911, 51.36649]}, "properties": {"latitude": "51.36649", "longitude": "6.70911", "bright_ti4": "329.11", "scan": "0.43", "track": "0.38", "acq_date": "2026-09-30", "acq_time": "158", "satellite": "N21", "instrument": "VIIRS", "confidence": "n", "version": "2.0NRT", "bright_ti5": "288.96", "frp": "5.33", "daynight": "N"}}, {"type": "Feature", "geometry": {"type": "Point", "coordinates": [-8.68675, 52.64281]}, "properties": {"latitude": "52.64281", "longitude": "-8.68675", "bright_ti4": "298.82", "scan": "0.57", "track": "0.52", "acq_date": "2026-09-30", "acq_time": "158", "satellite": "N21", "instrument": "VIIRS", "confidence": "n", "version": "2.0NRT", "bright_ti5": "283.5", "frp": "0.96", "daynight": "N"}}, {"type": "Feature", "geometry": {"type": "Point", "coordinates": [10.02686, 36.50319]}, "properties": {"latitude": "36.50319", "longitude": "10.02686", "bright_ti4": "301.61", "scan": "0.43", "track": "0.62", "acq_date": "2026-09-30", "acq_time": "200", "satellite": "N21", "instrument": "VIIRS", "confidence": "n", "version": "2.0NRT", "bright_ti5": "290.48", "frp": "0.99", "daynight": "N"}}, {"type": "Feature", "geometry": {"type": "Point", "coordinates": [6.98311, 36.86792]}, "properties": {"latitude": "36.86792", "longitude": "6.98311", "bright_ti4": "319.16", "scan": "0.57", "track": "0.52", "acq_date": "2026-09-30", "acq_time": "200", "satellite": "N21", "instrument": "VIIRS", "confidence": "n", "version": "2.0NRT", "bright_ti5": "291.21", "frp": "3.89", "daynight": "N"}}, {"type": "Feature", "geometry": {"type": "Point", "coordinates": [6.94656, 36.87678]}, "properties": {"latitude": "36.87678", "longitude": "6.94656", "bright_ti4": "339.42", "scan": "0.57", "track": "0.52", "acq_date": "2026-09-30", "acq_time": "200", "satellite": "N21", "instrument": "VIIRS", "confidence": "n", "version": "2.0NRT", "bright_ti5": "292.33", "frp": "14.32", "daynight": "N"}}, {"type": "Feature", "geometry": {"type": "Point", "coordinates": [14.14317, 37.60062]}, "properties": {"latitude": "37.60062", "longitude": "14.14317", "bright_ti4": "310.03", "scan": "0.66", "track": "0.73", "acq_date": "2026-09-30", "acq_time": "200", "satellite": "N21", "instrument": "VIIRS", "confidence": "n", "version": "2.0NRT", "bright_ti5": "284.48", "frp": "3.2", "daynight": "N"}}, {"type": "Feature", "geometry": {"type": "Point", "coordinates": [14.14565, 37.60532]}, "properties": {"latitude": "37.60532", "longitude": "14.14565", "bright_ti4": "312.4", "scan": "0.65", "track": "0.73", "acq_date": "2026-09-30", "acq_time": "200", "satellite": "N21", "instrument": "VIIRS", "confidence": "n", "version": "2.0NRT", "bright_ti5": "284.83", "frp": "4.28", "daynight": "N"}}, {"type": "Feature", "geometry": {"type": "Point", "coordinates": [15.21551, 38.79255]}, "properties": {"latitude": "38.79255", "longitude": "15.21551", "bright_ti4": "305.82", "scan": "0.68", "track": "0.74", "acq_date": "2026-09-30", "acq_time": "200", "satellite": "N21", "instrument": "VIIRS", "confidence": "n", "version": "2.0NRT", "bright_ti5": "281.49", "frp": "1.71", "daynight": "N"}}, {"type": "Feature", "geometry": {"type": "Point", "coordinates": [9.02227, 39.08116]}, "properties": {"latitude": "39.08116", "longitude": "9.02227", "bright_ti4": "300.66", "scan": "0.32", "track": "0.55", "acq_date": "2026-09-30", "acq_time": "200", "satellite": "N21", "instrument": "VIIRS", "confidence": "n", "version": "2.0NRT", "bright_ti5": "283.48", "frp": "0.59", "daynight": "N"}}, {"type": "Feature", "geometry": {"type": "Point", "coordinates": [9.12875, 39.33804]}, "properties": {"latitude": "39.33804", "longitude": "9.12875", "bright_ti4": "295.71", "scan": "0.32", "track": "0.55", "acq_date": "2026-09-30", "acq_time": "200", "satellite": "N21", "instrument": "VIIRS", "confidence": "n", "version": "2.0NRT", "bright_ti5": "277.01", "frp": "0.37", "daynight": "N"}}, {"type": "Feature", "geometry": {"type": "Point", "coordinates": [16.61062, 40.23472]}, "properties": {"latitude": "40.23472", "longitude": "16.61062", "bright_ti4": "296.69", "scan": "0.72", "track": "0.76", "acq_date": "2026-09-30", "acq_time": "200", "satellite": "N21", "instrument": "VIIRS", "confidence": "n", "version": "2.0NRT", "bright_ti5": "284.88", "frp": "1.11", "daynight": "N"}}, {"type": "Feature", "geometry": {"type": "Point", "coordinates": [-3.47152, 40.24511]}, "properties": {"latitude": "40.24511", "longitude": "-3.47152", "bright_ti4": "301.35", "scan": "0.4", "track": "0.37", "acq_date": "2026-09-30", "acq_time": "200", "satellite": "N21", "instrument": "VIIRS", "confidence": "n", "version": "2.0NRT", "bright_ti5": "281.47", "frp": "1.34", "daynight": "N"}}, {"type": "Feature", "geometry": {"type": "Point", "coordinates": [-3.47622, 40.24576]}, "properties": {"latitude": "40.24576", "longitude": "-3.47622", "bright_ti4": "312.78", "scan": "0.4", "track": "0.37", "acq_date": "2026-09-30", "acq_time": "200", "satellite": "N21", "instrument": "VIIRS", "confidence": "n", "version": "2.0NRT", "bright_ti5": "282.97", "frp": "1.34", "daynight": "N"}}, {"type": "Feature", "geometry": {"type": "Point", "coordinates": [1.034, 41.1095]}, "properties": {"latitude": "41.1095", "longitude": "1.034", "bright_ti4": "312.16", "scan": "0.41", "track": "0.37", "acq_date": "2026-09-30", "acq_time": "200", "satellite": "N21", "instrument": "VIIRS", "confidence": "n", "version": "2.0NRT", "bright_ti5": "289.95", "frp": "1.38", "daynight": "N"}}, {"type": "Feature", "geometry": {"type": "Point", "coordinates": [1.6623, 41.31354]}, "properties": {"latitude": "41.31354", "longitude": "1.6623", "bright_ti4": "309.77", "scan": "0.42", "track": "0.37", "acq_date": "2026-09-30", "acq_time": "200", "satellite": "N21", "instrument": "VIIRS", "confidence": "n", "version": "2.0NRT", "bright_ti5": "290.08", "frp": "1.54", "daynight": "N"}}, {"type": "Feature", "geometry": {"type": "Point", "coordinates": [1.98116, 41.45526]}, "properties": {"latitude": "41.45526", "longitude": "1.98116", "bright_ti4": "307.76", "scan": "0.42", "track": "0.38", "acq_date": "2026-09-30", "acq_time": "200", "satellite": "N21", "instrument": "VIIRS", "confidence": "n", "version": "2.0NRT", "bright_ti5": "289.99", "frp": "1.06", "daynight": "N"}}, {"type": "Feature", "geometry": {"type": "Point", "coordinates": [2.18507, 41.47422]}, "properties": {"latitude": "41.47422", "longitude": "2.18507", "bright_ti4": "300.69", "scan": "0.43", "track": "0.38", "acq_date": "2026-09-30", "acq_time": "200", "satellite": "N21", "instrument": "VIIRS", "confidence": "n", "version": "2.0NRT", "bright_ti5": "289.95", "frp": "0.63", "daynight": "N"}}, {"type": "Feature", "geometry": {"type": "Point", "coordinates": [1.77012, 42.70286]}, "properties": {"latitude": "42.70286", "longitude": "1.77012", "bright_ti4": "298.23", "scan": "0.41", "track": "0.37", "acq_date": "2026-09-30", "acq_time": "200", "satellite": "N21", "instrument": "VIIRS", "confidence": "n", "version": "2.0NRT", "bright_ti5": "285.37", "frp": "1", "daynight": "N"}}, {"type": "Feature", "geometry": {"type": "Point", "coordinates": [1.77647, 42.70527]}, "properties": {"latitude": "42.70527", "longitude": "1.77647", "bright_ti4": "305.97", "scan": "0.41", "track": "0.37", "acq_date": "2026-09-30", "acq_time": "200", "satellite": "N21", "instrument": "VIIRS", "confidence": "n", "version": "2.0NRT", "bright_ti5": "284.1", "frp": "1", "daynight": "N"}}, {"type": "Feature", "geometry": {"type": "Point", "coordinates": [1.77132, 42.70617]}, "properties": {"latitude": "42.70617", "longitude": "1.77132", "bright_ti4": "310.38", "scan": "0.41", "track": "0.37", "acq_date": "2026-09-30", "acq_time": "200", "satellite": "N21", "instrument": "VIIRS", "confidence": "n", "version": "2.0NRT", "bright_ti5": "289.65", "frp": "1", "daynight": "N"}}, {"type": "Feature", "geometry": {"type": "Point", "coordinates": [1.7777, 42.70858]}, "properties": {"latitude": "42.70858", "longitude": "1.7777", "bright_ti4": "340.18", "scan": "0.41", "track": "0.37", "acq_date": "2026-09-30", "acq_time": "200", "satellite": "N21", "instrument": "VIIRS", "confidence": "n", "version": "2.0NRT", "bright_ti5": "294.68", "frp": "3.88", "daynight": "N"}}, {"type": "Feature", "geometry": {"type": "Point", "coordinates": [1.77254, 42.70948]}, "properties": {"latitude": "42.70948", "longitude": "1.77254", "bright_ti4": "307.35", "scan": "0.41", "track": "0.37", "acq_date": "2026-09-30", "acq_time": "200", "satellite": "N21", "instrument": "VIIRS", "confidence": "n", "version": "2.0NRT", "bright_ti5": "286.97", "frp": "3.88", "daynight": "N"}}, {"type": "Feature", "geometry": {"type": "Point", "coordinates": [1.77389, 42.71277]}, "properties": {"latitude": "42.71277", "longitude": "1.77389", "bright_ti4": "315.67", "scan": "0.41", "track": "0.37", "acq_date": "2026-09-30", "acq_time": "200", "satellite": "N21", "instrument": "VIIRS", "confidence": "n", "version": "2.0NRT", "bright_ti5": "285.81", "frp": "3.88", "daynight": "N"}}, {"type": "Feature", "geometry": {"type": "Point", "coordinates": [1.50003, 42.89387]}, "properties": {"latitude": "42.89387", "longitude": "1.50003", "bright_ti4": "308.55", "scan": "0.4", "track": "0.37", "acq_date": "2026-09-30", "acq_time": "200", "satellite": "N21", "instrument": "VIIRS", "confidence": "n", "version": "2.0NRT", "bright_ti5": "287.76", "frp": "1.63", "daynight": "N"}}, {"type": "Feature", "geometry": {"type": "Point", "coordinates": [1.49035, 42.89557]}, "properties": {"latitude": "42.89557", "longitude": "1.49035", "bright_ti4": "308.28", "scan": "0.4", "track": "0.37", "acq_date": "2026-09-30", "acq_time": "200", "satellite": "N21", "instrument": "VIIRS", "confidence": "n", "version": "2.0NRT", "bright_ti5": "288.08", "frp": "1.32", "daynight": "N"}}, {"type": "Feature", "geometry": {"type": "Point", "coordinates": [1.48555, 42.8964]}, "properties": {"latitude": "42.8964", "longitude": "1.48555", "bright_ti4": "297.36", "scan": "0.4", "track": "0.37", "acq_date": "2026-09-30", "acq_time": "200", "satellite": "N21", "instrument": "VIIRS", "confidence": "n", "version": "2.0NRT", "bright_ti5": "286.73", "frp": "1.22", "daynight": "N"}}, {"type": "Feature", "geometry": {"type": "Point", "coordinates": [1.47669, 42.90145]}, "properties": {"latitude": "42.90145", "longitude": "1.47669", "bright_ti4": "321.2", "scan": "0.4", "track": "0.37", "acq_date": "2026-09-30", "acq_time": "200", "satellite": "N21", "instrument": "VIIRS", "confidence": "n", "version": "2.0NRT", "bright_ti5": "290.94", "frp": "1.56", "daynight": "N"}}, {"type": "Feature", "geometry": {"type": "Point", "coordinates": [1.47182, 42.9023]}, "properties": {"latitude": "42.9023", "longitude": "1.47182", "bright_ti4": "299.93", "scan": "0.4", "track": "0.37", "acq_date": "2026-09-30", "acq_time": "200", "satellite": "N21", "instrument": "VIIRS", "confidence": "n", "version": "2.0NRT", "bright_ti5": "286.76", "frp": "1.56", "daynight": "N"}}, {"type": "Feature", "geometry": {"type": "Point", "coordinates": [1.47274, 42.90564]}, "properties": {"latitude": "42.90564", "longitude": "1.47274", "bright_ti4": "329.17", "scan": "0.4", "track": "0.37", "acq_date": "2026-09-30", "acq_time": "200", "satellite": "N21", "instrument": "VIIRS", "confidence": "n", "version": "2.0NRT", "bright_ti5": "286.95", "frp": "3.43", "daynight": "N"}}, {"type": "Feature", "geometry": {"type": "Point", "coordinates": [-8.43519, 43.34425]}, "properties": {"latitude": "43.34425", "longitude": "-8.43519", "bright_ti4": "296.94", "scan": "0.45", "track": "0.47", "acq_date": "2026-09-30", "acq_time": "200", "satellite": "N21", "instrument": "VIIRS", "confidence": "n", "version": "2.0NRT", "bright_ti5": "286.42", "frp": "0.38", "daynight": "N"}}, {"type": "Feature", "geometry": {"type": "Point", "coordinates": [4.89448, 43.43297]}, "properties": {"latitude": "43.43297", "longitude": "4.89448", "bright_ti4": "310.58", "scan": "0.5", "track": "0.41", "acq_date": "2026-09-30", "acq_time": "200", "satellite": "N21", "instrument": "VIIRS", "confidence": "n", "version": "2.0NRT", "bright_ti5": "289.96", "frp": "2.1", "daynight": "N"}}, {"type": "Feature", "geometry": {"type": "Point", "coordinates": [4.88993, 43.43779]}, "properties": {"latitude": "43.43779", "longitude": "4.88993", "bright_ti4": "317.06", "scan": "0.5", "track": "0.41", "acq_date": "2026-09-30", "acq_time": "200", "satellite": "N21", "instrument": "VIIRS", "confidence": "n", "version": "2.0NRT", "bright_ti5": "289.78", "frp": "2.1", "daynight": "N"}}, {"type": "Feature", "geometry": {"type": "Point", "coordinates": [4.8854, 43.4426]}, "properties": {"latitude": "43.4426", "longitude": "4.8854", "bright_ti4": "307.38", "scan": "0.5", "track": "0.41", "acq_date": "2026-09-30", "acq_time": "200", "satellite": "N21", "instrument": "VIIRS", "confidence": "n", "version": "2.0NRT", "bright_ti5": "289.2", "frp": "1.26", "daynight": "N"}}, {"type": "Feature", "geometry": {"type": "Point", "coordinates": [4.89869, 43.44382]}, "properties": {"latitude": "43.44382", "longitude": "4.89869", "bright_ti4": "329.12", "scan": "0.5", "track": "0.41", "acq_date": "2026-09-30", "acq_time": "200", "satellite": "N21", "instrument": "VIIRS", "confidence": "n", "version": "2.0NRT", "bright_ti5": "290.49", "frp": "6.06", "daynight": "N"}}, {"type": "Feature", "geometry": {"type": "Point", "coordinates": [4.90084, 43.44541]}, "properties": {"latitude": "43.44541", "longitude": "4.90084", "bright_ti4": "329.93", "scan": "0.5", "track": "0.41", "acq_date": "2026-09-30", "acq_time": "200", "satellite": "N21", "instrument": "VIIRS", "confidence": "n", "version": "2.0NRT", "bright_ti5": "289.94", "frp": "4.28", "daynight": "N"}}, {"type": "Feature", "geometry": {"type": "Point", "coordinates": [4.89489, 43.44664]}, "properties": {"latitude": "43.44664", "longitude": "4.89489", "bright_ti4": "313.89", "scan": "0.5", "track": "0.41", "acq_date": "2026-09-30", "acq_time": "200", "satellite": "N21", "instrument": "VIIRS", "confidence": "n", "version": "2.0NRT", "bright_ti5": "289.97", "frp": "3.39", "daynight": "N"}}, {"type": "Feature", "geometry": {"type": "Point", "coordinates": [4.89415, 43.44864]}, "properties": {"latitude": "43.44864", "longitude": "4.89415", "bright_ti4": "307.16", "scan": "0.5", "track": "0.41", "acq_date": "2026-09-30", "acq_time": "200", "satellite": "N21", "instrument": "VIIRS", "confidence": "n", "version": "2.0NRT", "bright_ti5": "289.3", "frp": "1.63", "daynight": "N"}}, {"type": "Feature", "geometry": {"type": "Point", "coordinates": [9.80575, 28.18812]}, "properties": {"latitude": "28.18812", "longitude": "9.80575", "bright_ti4": "296.66", "scan": "0.68", "track": "0.74", "acq_date": "2026-09-30", "acq_time": "202", "satellite": "N21", "instrument": "VIIRS", "confidence": "n", "version": "2.0NRT", "bright_ti5": "274.29", "frp": "1.29", "daynight": "N"}}, {"type": "Feature", "geometry": {"type": "Point", "coordinates": [9.78628, 28.63209]}, "properties": {"latitude": "28.63209", "longitude": "9.78628", "bright_ti4": "310.46", "scan": "0.66", "track": "0.73", "acq_date": "2026-09-30", "acq_time": "202", "satellite": "N21", "instrument": "VIIRS", "confidence": "n", "version": "2.0NRT", "bright_ti5": "277.48", "frp": "2.76", "daynight": "N"}}, {"type": "Feature", "geometry": {"type": "Point", "coordinates": [9.78309, 28.63771]}, "properties": {"latitude": "28.63771", "longitude": "9.78309", "bright_ti4": "304.68", "scan": "0.66", "track": "0.73", "acq_date": "2026-09-30", "acq_time": "202", "satellite": "N21", "instrument": "VIIRS", "confidence": "n", "version": "2.0NRT", "bright_ti5": "276.63", "frp": "2.02", "daynight": "N"}}, {"type": "Feature", "geometry": {"type": "Point", "coordinates": [9.79034, 28.73446]}, "properties": {"latitude": "28.73446", "longitude": "9.79034", "bright_ti4": "322.88", "scan": "0.66", "track": "0.73", "acq_date": "2026-09-30", "acq_time": "202", "satellite": "N21", "instrument": "VIIRS", "confidence": "n", "version": "2.0NRT", "bright_ti5": "280.31", "frp": "3.68", "daynight": "N"}}, {"type": "Feature", "geometry": {"type": "Point", "coordinates": [9.9118, 28.81924]}, "properties": {"latitude": "28.81924", "longitude": "9.9118", "bright_ti4": "298.35", "scan": "0.67", "track": "0.73", "acq_date": "2026-09-30", "acq_time": "202", "satellite": "N21", "instrument": "VIIRS", "confidence": "n", "version": "2.0NRT", "bright_ti5": "281.42", "frp": "0.98", "daynight": "N"}}, {"type": "Feature", "geometry": {"type": "Point", "coordinates": [1.90026, 30.91018]}, "properties": {"latitude": "30.91018", "longitude": "1.90026", "bright_ti4": "303.89", "scan": "0.41", "track": "0.45", "acq_date": "2026-09-30", "acq_time": "202", "satellite": "N21", "instrument": "VIIRS", "confidence": "n", "version": "2.0NRT", "bright_ti5": "290.11", "frp": "1.01", "daynight": "N"}}, {"type": "Feature", "geometry": {"type": "Point", "coordinates": [6.05251, 31.84714]}, "properties": {"latitude": "31.84714", "longitude": "6.05251", "bright_ti4": "313.23", "scan": "0.34", "track": "0.56", "acq_date": "2026-09-30", "acq_time": "202", "satellite": "N21", "instrument": "VIIRS", "confidence": "n", "version": "2.0NRT", "bright_ti5": "275.65", "frp": "1.57", "daynight": "N"}}, {"type": "Feature", "geometry": {"type": "Point", "coordinates": [6.47245, 32.13251]}, "properties": {"latitude": "32.13251", "longitude": "6.47245", "bright_ti4": "296.71", "scan": "0.35", "track": "0.57", "acq_date": "2026-09-30", "acq_time": "202", "satellite": "N21", "instrument": "VIIRS", "confidence": "n", "version": "2.0NRT", "bright_ti5": "285.32", "frp": "4.21", "daynight": "N"}}, {"type": "Feature", "geometry": {"type": "Point", "coordinates": [6.4689, 32.13337]}, "properties": {"latitude": "32.13337", "longitude": "6.4689", "bright_ti4": "367", "scan": "0.35", "track": "0.57", "acq_date": "2026-09-30", "acq_time": "202", "satellite": "N21", "instrument": "VIIRS", "confidence": "h", "version": "2.0NRT", "bright_ti5": "287.95", "frp": "4.21", "daynight": "N"}}, {"type": "Feature", "geometry": {"type": "Point", "coordinates": [-8.46983, 32.317]}, "properties": {"latitude": "32.317", "longitude": "-8.46983", "bright_ti4": "305.55", "scan": "0.51", "track": "0.41", "acq_date": "2026-09-30", "acq_time": "202", "satellite": "N21", "instrument": "VIIRS", "confidence": "n", "version": "2.0NRT", "bright_ti5": "289.56", "frp": "1.15", "daynight": "N"}}, {"type": "Feature", "geometry": {"type": "Point", "coordinates": [6.62843, 32.44412]}, "properties": {"latitude": "32.44412", "longitude": "6.62843", "bright_ti4": "311.48", "scan": "0.35", "track": "0.57", "acq_date": "2026-09-30", "acq_time": "202", "satellite": "N21", "instrument": "VIIRS", "confidence": "n", "version": "2.0NRT", "bright_ti5": "287.77", "frp": "0.94", "daynight": "N"}}, {"type": "Feature", "geometry": {"type": "Point", "coordinates": [6.71068, 32.5135]}, "properties": {"latitude": "32.5135", "longitude": "6.71068", "bright_ti4": "310.46", "scan": "0.35", "track": "0.57", "acq_date": "2026-09-30", "acq_time": "202", "satellite": "N21", "instrument": "VIIRS", "confidence": "n", "version": "2.0NRT", "bright_ti5": "279.08", "frp": "0.87", "daynight": "N"}}, {"type": "Feature", "geometry": {"type": "Point", "coordinates": [12.70086, 32.79114]}, "properties": {"latitude": "32.79114", "longitude": "12.70086", "bright_ti4": "302.9", "scan": "0.75", "track": "0.77", "acq_date": "2026-09-30", "acq_time": "202", "satellite": "N21", "instrument": "VIIRS", "confidence": "n", "version": "2.0NRT", "bright_ti5": "289.45", "frp": "2.32", "daynight": "N"}}, {"type": "Feature", "geometry": {"type": "Point", "coordinates": [-8.60828, 33.13414]}, "properties": {"latitude": "33.13414", "longitude": "-8.60828", "bright_ti4": "304.51", "scan": "0.52", "track": "0.42", "acq_date": "2026-09-30", "acq_time": "202", "satellite": "N21", "instrument": "VIIRS", "confidence": "n", "version": "2.0NRT", "bright_ti5": "292.65", "frp": "0.86", "daynight": "N"}}, {"type": "Feature", "geometry": {"type": "Point", "coordinates": [-7.53629, 33.4355]}, "properties": {"latitude": "33.4355", "longitude": "-7.53629", "bright_ti4": "301.42", "scan": "0.47", "track": "0.4", "acq_date": "2026-09-30", "acq_time": "202", "satellite": "N21", "instrument": "VIIRS", "confidence": "n", "version": "2.0NRT", "bright_ti5": "289.05", "frp": "0.49", "daynight": "N"}}, {"type": "Feature", "geometry": {"type": "Point", "coordinates": [-0.34437, 33.47401]}, "properties": {"latitude": "33.47401", "longitude": "-0.34437", "bright_ti4": "317.98", "scan": "0.44", "track": "0.38", "acq_date": "2026-09-30", "acq_time": "202", "satellite": "N21", "instrument": "VIIRS", "confidence": "n", "version": "2.0NRT", "bright_ti5": "288.19", "frp": "2.35", "daynight": "N"}}, {"type": "Feature", "geometry": {"type": "Point", "coordinates": [12.60999, 33.89258]}, "properties": {"latitude": "33.89258", "longitude": "12.60999", "bright_ti4": "324.66", "scan": "0.69", "track": "0.74", "acq_date": "2026-09-30", "acq_time": "202", "satellite": "N21", "instrument": "VIIRS", "confidence": "n", "version": "2.0NRT", "bright_ti5": "290.88", "frp": "3.38", "daynight": "N"}}, {"type": "Feature", "geometry": {"type": "Point", "coordinates": [2.05692, 34.43526]}, "properties": {"latitude": "34.43526", "longitude": "2.05692", "bright_ti4": "297.29", "scan": "0.54", "track": "0.42", "acq_date": "2026-09-30", "acq_time": "202", "satellite": "N21", "instrument": "VIIRS", "confidence": "n", "version": "2.0NRT", "bright_ti5": "285.4", "frp": "1.4", "daynight": "N"}}, {"type": "Feature", "geometry": {"type": "Point", "coordinates": [-2.34849, 34.59494]}, "properties": {"latitude": "34.59494", "longitude": "-2.34849", "bright_ti4": "314.66", "scan": "0.39", "track": "0.36", "acq_date": "2026-09-30", "acq_time": "202", "satellite": "N21", "instrument": "VIIRS", "confidence": "n", "version": "2.0NRT", "bright_ti5": "291.38", "frp": "1.87", "daynight": "N"}}, {"type": "Feature", "geometry": {"type": "Point", "coordinates": [0.32771, 34.7987]}, "properties": {"latitude": "34.7987", "longitude": "0.32771", "bright_ti4": "302.3", "scan": "0.45", "track": "0.39", "acq_date": "2026-09-30", "acq_time": "202", "satellite": "N21", "instrument": "VIIRS", "confidence": "n", "version": "2.0NRT", "bright_ti5": "288.19", "frp": "0.96", "daynight": "N"}}, {"type": "Feature", "geometry": {"type": "Point", "coordinates": [-6.10716, 34.85892]}, "properties": {"latitude": "34.85892", "longitude": "-6.10716", "bright_ti4": "306.46", "scan": "0.43", "track": "0.38", "acq_date": "2026-09-30", "acq_time": "202", "satellite": "N21", "instrument": "VIIRS", "confidence": "n", "version": "2.0NRT", "bright_ti5": "290.15", "frp": "1.25", "daynight": "N"}}, {"type": "Feature", "geometry": {"type": "Point", "coordinates": [-6.10877, 34.86074]}, "properties": {"latitude": "34.86074", "longitude": "-6.10877", "bright_ti4": "303.44", "scan": "0.43", "track": "0.38", "acq_date": "2026-09-30", "acq_time": "202", "satellite": "N21", "instrument": "VIIRS", "confidence": "n", "version": "2.0NRT", "bright_ti5": "290.11", "frp": "1.18", "daynight": "N"}}, {"type": "Feature", "geometry": {"type": "Point", "coordinates": [5.71927, 34.98271]}, "properties": {"latitude": "34.98271", "longitude": "5.71927", "bright_ti4": "298.97", "scan": "0.54", "track": "0.51", "acq_date": "2026-09-30", "acq_time": "202", "satellite": "N21", "instrument": "VIIRS", "confidence": "n", "version": "2.0NRT", "bright_ti5": "283.16", "frp": "0.89", "daynight": "N"}}, {"type": "Feature", "geometry": {"type": "Point", "coordinates": [8.17144, 35.22973]}, "properties": {"latitude": "35.22973", "longitude": "8.17144", "bright_ti4": "306.78", "scan": "0.37", "track": "0.58", "acq_date": "2026-09-30", "acq_time": "202", "satellite": "N21", "instrument": "VIIRS", "confidence": "n", "version": "2.0NRT", "bright_ti5": "285.58", "frp": "0.88", "daynight": "N"}}, {"type": "Feature", "geometry": {"type": "Point", "coordinates": [-1.34462, 35.31084]}, "properties": {"latitude": "35.31084", "longitude": "-1.34462", "bright_ti4": "302.8", "scan": "0.4", "track": "0.37", "acq_date": "2026-09-30", "acq_time": "202", "satellite": "N21", "instrument": "VIIRS", "confidence": "n", "version": "2.0NRT", "bright_ti5": "288.23", "frp": "0.89", "daynight": "N"}}, {"type": "Feature", "geometry": {"type": "Point", "coordinates": [5.7639, 35.34938]}, "properties": {"latitude": "35.34938", "longitude": "5.7639", "bright_ti4": "295.83", "scan": "0.54", "track": "0.51", "acq_date": "2026-09-30", "acq_time": "202", "satellite": "N21", "instrument": "VIIRS", "confidence": "n", "version": "2.0NRT", "bright_ti5": "267.73", "frp": "0.82", "daynight": "N"}}, {"type": "Feature", "geometry": {"type": "Point", "coordinates": [-0.39819, 35.45819]}, "properties": {"latitude": "35.45819", "longitude": "-0.39819", "bright_ti4": "304.19", "scan": "0.42", "track": "0.38", "acq_date": "2026-09-30", "acq_time": "202", "satellite": "N21", "instrument": "VIIRS", "confidence": "n", "version": "2.0NRT", "bright_ti5": "291.93", "frp": "1.19", "daynight": "N"}}, {"type": "Feature", "geometry": {"type": "Point", "coordinates": [-0.39269, 35.46077]}, "properties": {"latitude": "35.46077", "longitude": "-0.39269", "bright_ti4": "302.81", "scan": "0.42", "track": "0.38", "acq_date": "2026-09-30", "acq_time": "202", "satellite": "N21", "instrument": "VIIRS", "confidence": "n", "version": "2.0NRT", "bright_ti5": "292.39", "frp": "1.19", "daynight": "N"}}, {"type": "Feature", "geometry": {"type": "Point", "coordinates": [-0.27664, 35.52869]}, "properties": {"latitude": "35.52869", "longitude": "-0.27664", "bright_ti4": "305.27", "scan": "0.42", "track": "0.38", "acq_date": "2026-09-30", "acq_time": "202", "satellite": "N21", "instrument": "VIIRS", "confidence": "n", "version": "2.0NRT", "bright_ti5": "294.93", "frp": "0.71", "daynight": "N"}}, {"type": "Feature", "geometry": {"type": "Point", "coordinates": [-0.27564, 35.53207]}, "properties": {"latitude": "35.53207", "longitude": "-0.27564", "bright_ti4": "308.92", "scan": "0.42", "track": "0.38", "acq_date": "2026-09-30", "acq_time": "202", "satellite": "N21", "instrument": "VIIRS", "confidence": "n", "version": "2.0NRT", "bright_ti5": "295.76", "frp": "1.43", "daynight": "N"}}, {"type": "Feature", "geometry": {"type": "Point", "coordinates": [-0.26054, 35.76345]}, "properties": {"latitude": "35.76345", "longitude": "-0.26054", "bright_ti4": "312.17", "scan": "0.42", "track": "0.38", "acq_date": "2026-09-30", "acq_time": "202", "satellite": "N21", "instrument": "VIIRS", "confidence": "n", "version": "2.0NRT", "bright_ti5": "294.24", "frp": "2.04", "daynight": "N"}}, {"type": "Feature", "geometry": {"type": "Point", "coordinates": [-0.26417, 35.76765]}, "properties": {"latitude": "35.76765", "longitude": "-0.26417", "bright_ti4": "319.42", "scan": "0.42", "track": "0.38", "acq_date": "2026-09-30", "acq_time": "202", "satellite": "N21", "instrument": "VIIRS", "confidence": "n", "version": "2.0NRT", "bright_ti5": "296.77", "frp": "2.04", "daynight": "N"}}, {"type": "Feature", "geometry": {"type": "Point", "coordinates": [-0.1813, 35.79858]}, "properties": {"latitude": "35.79858", "longitude": "-0.1813", "bright_ti4": "305.09", "scan": "0.42", "track": "0.38", "acq_date": "2026-09-30", "acq_time": "202", "satellite": "N21", "instrument": "VIIRS", "confidence": "n", "version": "2.0NRT", "bright_ti5": "294.08", "frp": "1.47", "daynight": "N"}}, {"type": "Feature", "geometry": {"type": "Point", "coordinates": [-0.21184, 35.80106]}, "properties": {"latitude": "35.80106", "longitude": "-0.21184", "bright_ti4": "306.34", "scan": "0.42", "track": "0.38", "acq_date": "2026-09-30", "acq_time": "202", "satellite": "N21", "instrument": "VIIRS", "confidence": "n", "version": "2.0NRT", "bright_ti5": "293.1", "frp": "1.26", "daynight": "N"}}, {"type": "Feature", "geometry": {"type": "Point", "coordinates": [-0.24477, 35.80332]}, "properties": {"latitude": "35.80332", "longitude": "-0.24477", "bright_ti4": "308.57", "scan": "0.42", "track": "0.38", "acq_date": "2026-09-30", "acq_time": "202", "satellite": "N21", "instrument": "VIIRS", "confidence": "n", "version": "2.0NRT", "bright_ti5": "292.8", "frp": "1.03", "daynight": "N"}}, {"type": "Feature", "geometry": {"type": "Point", "coordinates": [-0.2133, 35.80435]}, "properties": {"latitude": "35.80435", "longitude": "-0.2133", "bright_ti4": "308.05", "scan": "0.42", "track": "0.38", "acq_date": "2026-09-30", "acq_time": "202", "satellite": "N21", "instrument": "VIIRS", "confidence": "n", "version": "2.0NRT", "bright_ti5": "292.51", "frp": "1.15", "daynight": "N"}}, {"type": "Feature", "geometry": {"type": "Point", "coordinates": [-0.25391, 35.80494]}, "properties": {"latitude": "35.80494", "longitude": "-0.25391", "bright_ti4": "311.36", "scan": "0.42", "track": "0.38", "acq_date": "2026-09-30", "acq_time": "202", "satellite": "N21", "instrument": "VIIRS", "confidence": "n", "version": "2.0NRT", "bright_ti5": "291.5", "frp": "5.85", "daynight": "N"}}, {"type": "Feature", "geometry": {"type": "Point", "coordinates": [-0.25849, 35.80574]}, "properties": {"latitude": "35.80574", "longitude": "-0.25849", "bright_ti4": "330.91", "scan": "0.42", "track": "0.38", "acq_date": "2026-09-30", "acq_time": "202", "satellite": "N21", "instrument": "VIIRS", "confidence": "n", "version": "2.0NRT", "bright_ti5": "293.8", "frp": "5.55", "daynight": "N"}}, {"type": "Feature", "geometry": {"type": "Point", "coordinates": [-0.24163, 35.8059]}, "properties": {"latitude": "35.8059", "longitude": "-0.24163", "bright_ti4": "303.35", "scan": "0.42", "track": "0.38", "acq_date": "2026-09-30", "acq_time": "202", "satellite": "N21", "instrument": "VIIRS", "confidence": "n", "version": "2.0NRT", "bright_ti5": "292.9", "frp": "1.26", "daynight": "N"}}, {"type": "Feature", "geometry": {"type": "Point", "coordinates": [-0.24382, 35.80671]}, "properties": {"latitude": "35.80671", "longitude": "-0.24382", "bright_ti4": "303.19", "scan": "0.42", "track": "0.38", "acq_date": "2026-09-30", "acq_time": "202", "satellite": "N21", "instrument": "VIIRS", "confidence": "n", "version": "2.0NRT", "bright_ti5": "292.58", "frp": "1.03", "daynight": "N"}}, {"type": "Feature", "geometry": {"type": "Point", "coordinates": [-0.25296, 35.80832]}, "properties": {"latitude": "35.80832", "longitude": "-0.25296", "bright_ti4": "335.56", "scan": "0.42", "track": "0.38", "acq_date": "2026-09-30", "acq_time": "202", "satellite": "N21", "instrument": "VIIRS", "confidence": "n", "version": "2.0NRT", "bright_ti5": "294.25", "frp": "5.85", "daynight": "N"}}, {"type": "Feature", "geometry": {"type": "Point", "coordinates": [-0.25533, 35.80837]}, "properties": {"latitude": "35.80837", "longitude": "-0.25533", "bright_ti4": "351.69", "scan": "0.42", "track": "0.38", "acq_date": "2026-09-30", "acq_time": "202", "satellite": "N21", "instrument": "VIIRS", "confidence": "n", "version": "2.0NRT", "bright_ti5": "296.38", "frp": "15.71", "daynight": "N"}}, {"type": "Feature", "geometry": {"type": "Point", "coordinates": [-0.23614, 35.80847]}, "properties": {"latitude": "35.80847", "longitude": "-0.23614", "bright_ti4": "309.97", "scan": "0.42", "track": "0.38", "acq_date": "2026-09-30", "acq_time": "202", "satellite": "N21", "instrument": "VIIRS", "confidence": "n", "version": "2.0NRT", "bright_ti5": "292.79", "frp": "1.07", "daynight": "N"}}, {"type": "Feature", "geometry": {"type": "Point", "coordinates": [-0.25754, 35.80913]}, "properties": {"latitude": "35.80913", "longitude": "-0.25754", "bright_ti4": "324.42", "scan": "0.42", "track": "0.38", "acq_date": "2026-09-30", "acq_time": "202", "satellite": "N21", "instrument": "VIIRS", "confidence": "n", "version": "2.0NRT", "bright_ti5": "294.99", "frp": "5.55", "daynight": "N"}}, {"type": "Feature", "geometry": {"type": "Point", "coordinates": [-0.27122, 35.81155]}, "properties": {"latitude": "35.81155", "longitude": "-0.27122", "bright_ti4": "300.92", "scan": "0.42", "track": "0.38", "acq_date": "2026-09-30", "acq_time": "202", "satellite": "N21", "instrument": "VIIRS", "confidence": "n", "version": "2.0NRT", "bright_ti5": "290.65", "frp": "0.69", "daynight": "N"}}, {"type": "Feature", "geometry": {"type": "Point", "coordinates": [-0.27358, 35.81166]}, "properties": {"latitude": "35.81166", "longitude": "-0.27358", "bright_ti4": "300.9", "scan": "0.42", "track": "0.38", "acq_date": "2026-09-30", "acq_time": "202", "satellite": "N21", "instrument": "VIIRS", "confidence": "n", "version": "2.0NRT", "bright_ti5": "290.27", "frp": "0.68", "daynight": "N"}}, {"type": "Feature", "geometry": {"type": "Point", "coordinates": [-0.26807, 35.81422]}, "properties": {"latitude": "35.81422", "longitude": "-0.26807", "bright_ti4": "309.46", "scan": "0.42", "track": "0.38", "acq_date": "2026-09-30", "acq_time": "202", "satellite": "N21", "instrument": "VIIRS", "confidence": "n", "version": "2.0NRT", "bright_ti5": "292.29", "frp": "0.68", "daynight": "N"}}, {"type": "Feature", "geometry": {"type": "Point", "coordinates": [-0.32279, 35.82405]}, "properties": {"latitude": "35.82405", "longitude": "-0.32279", "bright_ti4": "312.29", "scan": "0.42", "track": "0.37", "acq_date": "2026-09-30", "acq_time": "202", "satellite": "N21", "instrument": "VIIRS", "confidence": "n", "version": "2.0NRT", "bright_ti5": "292.16", "frp": "1.47", "daynight": "N"}}, {"type": "Feature", "geometry": {"type": "Point", "coordinates": [0.12575, 36.01667]}, "properties": {"latitude": "36.01667", "longitude": "0.12575", "bright_ti4": "313.56", "scan": "0.43", "track": "0.38", "acq_date": "2026-09-30", "acq_time": "202", "satellite": "N21", "instrument": "VIIRS", "confidence": "n", "version": "2.0NRT", "bright_ti5": "295.13", "frp": "2.47", "daynight": "N"}}, {"type": "Feature", "geometry": {"type": "Point", "coordinates": [1.24113, 36.12496]}, "properties": {"latitude": "36.12496", "longitude": "1.24113", "bright_ti4": "305.96", "scan": "0.47", "track": "0.39", "acq_date": "2026-09-30", "acq_time": "202", "satellite": "N21", "instrument": "VIIRS", "confidence": "n", "version": "2.0NRT", "bright_ti5": "290.99", "frp": "1.25", "daynight": "N"}}, {"type": "Feature", "geometry": {"type": "Point", "coordinates": [1.24219, 36.12851]}, "properties": {"latitude": "36.12851", "longitude": "1.24219", "bright_ti4": "304", "scan": "0.47", "track": "0.39", "acq_date": "2026-09-30", "acq_time": "202", "satellite": "N21", "instrument": "VIIRS", "confidence": "n", "version": "2.0NRT", "bright_ti5": "292.6", "frp": "1.25", "daynight": "N"}}, {"type": "Feature", "geometry": {"type": "Point", "coordinates": [8.10502, 36.17444]}, "properties": {"latitude": "36.17444", "longitude": "8.10502", "bright_ti4": "296.95", "scan": "0.34", "track": "0.56", "acq_date": "2026-09-30", "acq_time": "202", "satellite": "N21", "instrument": "VIIRS", "confidence": "n", "version": "2.0NRT", "bright_ti5": "285.16", "frp": "0.5", "daynight": "N"}}, {"type": "Feature", "geometry": {"type": "Point", "coordinates": [6.62363, 36.43089]}, "properties": {"latitude": "36.43089", "longitude": "6.62363", "bright_ti4": "306.69", "scan": "0.56", "track": "0.52", "acq_date": "2026-09-30", "acq_time": "202", "satellite": "N21", "instrument": "VIIRS", "confidence": "n", "version": "2.0NRT", "bright_ti5": "289.7", "frp": "1.82", "daynight": "N"}}, {"type": "Feature", "geometry": {"type": "Point", "coordinates": [2.87703, 36.59488]}, "properties": {"latitude": "36.59488", "longitude": "2.87703", "bright_ti4": "302.83", "scan": "0.54", "track": "0.42", "acq_date": "2026-09-30", "acq_time": "202", "satellite": "N21", "instrument": "VIIRS", "confidence": "n", "version": "2.0NRT", "bright_ti5": "290.82", "frp": "1.51", "daynight": "N"}}, {"type": "Feature", "geometry": {"type": "Point", "coordinates": [6.25678, 36.74525]}, "properties": {"latitude": "36.74525", "longitude": "6.25678", "bright_ti4": "338.41", "scan": "0.53", "track": "0.5", "acq_date": "2026-09-30", "acq_time": "202", "satellite": "N21", "instrument": "VIIRS", "confidence": "n", "version": "2.0NRT", "bright_ti5": "292.11", "frp": "17.09", "daynight": "N"}}, {"type": "Feature", "geometry": {"type": "Point", "coordinates": [7.30936, 36.76266]}, "properties": {"latitude": "36.76266", "longitude": "7.30936", "bright_ti4": "304.01", "scan": "0.6", "track": "0.53", "acq_date": "2026-09-30", "acq_time": "202", "satellite": "N21", "instrument": "VIIRS", "confidence": "n", "version": "2.0NRT", "bright_ti5": "290.17", "frp": "1.79", "daynight": "N"}}, {"type": "Feature", "geometry": {"type": "Point", "coordinates": [-4.05261, 38.66684]}, "properties": {"latitude": "38.66684", "longitude": "-4.05261", "bright_ti4": "298.06", "scan": "0.4", "track": "0.37", "acq_date": "2026-09-30", "acq_time": "202", "satellite": "N21", "instrument": "VIIRS", "confidence": "n", "version": "2.0NRT", "bright_ti5": "282.82", "frp": "1.22", "daynight": "N"}}, {"type": "Feature", "geometry": {"type": "Point", "coordinates": [9.87852, 27.72305]}, "properties": {"latitude": "27.72305", "longitude": "9.87852", "bright_ti4": "312.65", "scan": "0.71", "track": "0.75", "acq_date": "2026-09-30", "acq_time": "204", "satellite": "N21", "instrument": "VIIRS", "confidence": "n", "version": "2.0NRT", "bright_ti5": "287.51", "frp": "2.53", "daynight": "N"}}, {"type": "Feature", "geometry": {"type": "Point", "coordinates": [9.87716, 27.72549]}, "properties": {"latitude": "27.72549", "longitude": "9.87716", "bright_ti4": "306.92", "scan": "0.71", "track": "0.75", "acq_date": "2026-09-30", "acq_time": "204", "satellite": "N21", "instrument": "VIIRS", "confidence": "n", "version": "2.0NRT", "bright_ti5": "287.65", "frp": "2.54", "daynight": "N"}}, {"type": "Feature", "geometry": {"type": "Point", "coordinates": [9.78883, 28.07855]}, "properties": {"latitude": "28.07855", "longitude": "9.78883", "bright_ti4": "336.21", "scan": "0.68", "track": "0.74", "acq_date": "2026-09-30", "acq_time": "204", "satellite": "N21", "instrument": "VIIRS", "confidence": "n", "version": "2.0NRT", "bright_ti5": "277.94", "frp": "7.67", "daynight": "N"}}, {"type": "Feature", "geometry": {"type": "Point", "coordinates": [9.8047, 28.19204]}, "properties": {"latitude": "28.19204", "longitude": "9.8047", "bright_ti4": "298.5", "scan": "0.68", "track": "0.74", "acq_date": "2026-09-30", "acq_time": "204", "satellite": "N21", "instrument": "VIIRS", "confidence": "n", "version": "2.0NRT", "bright_ti5": "274.64", "frp": "0.95", "daynight": "N"}}, {"type": "Feature", "geometry": {"type": "Point", "coordinates": [-0.51914, 28.2018]}, "properties": {"latitude": "28.2018", "longitude": "-0.51914", "bright_ti4": "323.19", "scan": "0.51", "track": "0.41", "acq_date": "2026-09-30", "acq_time": "204", "satellite": "N21", "instrument": "VIIRS", "confidence": "n", "version": "2.0NRT", "bright_ti5": "292.71", "frp": "2.97", "daynight": "N"}}, {"type": "Feature", "geometry": {"type": "Point", "coordinates": [-0.16038, 28.21125]}, "properties": {"latitude": "28.21125", "longitude": "-0.16038", "bright_ti4": "316.27", "scan": "0.53", "track": "0.42", "acq_date": "2026-09-30", "acq_time": "204", "satellite": "N21", "instrument": "VIIRS", "confidence": "n", "version": "2.0NRT", "bright_ti5": "293.11", "frp": "1.14", "daynight": "N"}}, {"type": "Feature", "geometry": {"type": "Point", "coordinates": [-0.15666, 28.21153]}, "properties": {"latitude": "28.21153", "longitude": "-0.15666", "bright_ti4": "316.8", "scan": "0.53", "track": "0.42", "acq_date": "2026-09-30", "acq_time": "204", "satellite": "N21", "instrument": "VIIRS", "confidence": "n", "version": "2.0NRT", "bright_ti5": "292.94", "frp": "2.05", "daynight": "N"}}, {"type": "Feature", "geometry": {"type": "Point", "coordinates": [7.25907, 28.60244]}, "properties": {"latitude": "28.60244", "longitude": "7.25907", "bright_ti4": "307.24", "scan": "0.47", "track": "0.64", "acq_date": "2026-09-30", "acq_time": "204", "satellite": "N21", "instrument": "VIIRS", "confidence": "n", "version": "2.0NRT", "bright_ti5": "280.89", "frp": "2.99", "daynight": "N"}}, {"type": "Feature", "geometry": {"type": "Point", "coordinates": [-17.0088, 14.66702]}, "properties": {"latitude": "14.66702", "longitude": "-17.0088", "bright_ti4": "311.56", "scan": "0.33", "track": "0.55", "acq_date": "2026-09-30", "acq_time": "209", "satellite": "N21", "instrument": "VIIRS", "confidence": "n", "version": "2.0NRT", "bright_ti5": "288.54", "frp": "1.54", "daynight": "N"}}, {"type": "Feature", "geometry": {"type": "Point", "coordinates": [-17.0119, 14.66739]}, "properties": {"latitude": "14.66739", "longitude": "-17.0119", "bright_ti4": "306.19", "scan": "0.33", "track": "0.55", "acq_date": "2026-09-30", "acq_time": "209", "satellite": "N21", "instrument": "VIIRS", "confidence": "n", "version": "2.0NRT", "bright_ti5": "288.51", "frp": "1.65", "daynight": "N"}}, {"type": "Feature", "geometry": {"type": "Point", "coordinates": [-16.88519, 16.0685]}, "properties": {"latitude": "16.0685", "longitude": "-16.88519", "bright_ti4": "367", "scan": "0.34", "track": "0.56", "acq_date": "2026-09-30", "acq_time": "209", "satellite": "N21", "instrument": "VIIRS", "confidence": "h", "version": "2.0NRT", "bright_ti5": "294.69", "frp": "6.93", "daynight": "N"}}, {"type": "Feature", "geometry": {"type": "Point", "coordinates": [-2.88878, 4.596]}, "properties": {"latitude": "4.596", "longitude": "-2.88878", "bright_ti4": "329.38", "scan": "0.61", "track": "0.53", "acq_date": "2026-09-30", "acq_time": "211", "satellite": "N21", "instrument": "VIIRS", "confidence": "n", "version": "2.0NRT", "bright_ti5": "290.95", "frp": "29.22", "daynight": "N"}}, {"type": "Feature", "geometry": {"type": "Point", "coordinates": [-2.89415, 4.59691]}, "properties": {"latitude": "4.59691", "longitude": "-2.89415", "bright_ti4": "322.75", "scan": "0.6", "track": "0.53", "acq_date": "2026-09-30", "acq_time": "211", "satellite": "N21", "instrument": "VIIRS", "confidence": "n", "version": "2.0NRT", "bright_ti5": "289.08", "frp": "20.01", "daynight": "N"}}, {"type": "Feature", "geometry": {"type": "Point", "coordinates": [-2.88927, 4.59757]}, "properties": {"latitude": "4.59757", "longitude": "-2.88927", "bright_ti4": "342.75", "scan": "0.61", "track": "0.53", "acq_date": "2026-09-30", "acq_time": "211", "satellite": "N21", "instrument": "VIIRS", "confidence": "n", "version": "2.0NRT", "bright_ti5": "290.91", "frp": "24.77", "daynight": "N"}}, {"type": "Feature", "geometry": {"type": "Point", "coordinates": [-2.89466, 4.59845]}, "properties": {"latitude": "4.59845", "longitude": "-2.89466", "bright_ti4": "318.25", "scan": "0.61", "track": "0.53", "acq_date": "2026-09-30", "acq_time": "211", "satellite": "N21", "instrument": "VIIRS", "confidence": "n", "version": "2.0NRT", "bright_ti5": "288.76", "frp": "24.77", "daynight": "N"}}, {"type": "Feature", "geometry": {"type": "Point", "coordinates": [169.33598, -46.0962]}, "properties": {"latitude": "-46.0962", "longitude": "169.33598", "bright_ti4": "329.47", "scan": "0.39", "track": "0.36", "acq_date": "2026-09-30", "acq_time": "249", "satellite": "N21", "instrument": "VIIRS", "confidence": "n", "version": "2.0NRT", "bright_ti5": "292.2", "frp": "5.34", "daynight": "D"}}, {"type": "Feature", "geometry": {"type": "Point", "coordinates": [169.24203, -45.98458]}, "properties": {"latitude": "-45.98458", "longitude": "169.24203", "bright_ti4": "328.66", "scan": "0.39", "track": "0.36", "acq_date": "2026-09-30", "acq_time": "249", "satellite": "N21", "instrument": "VIIRS", "confidence": "n", "version": "2.0NRT", "bright_ti5": "291.8", "frp": "5.31", "daynight": "D"}}, {"type": "Feature", "geometry": {"type": "Point", "coordinates": [169.24704, -45.98376]}, "properties": {"latitude": "-45.98376", "longitude": "169.24704", "bright_ti4": "328.27", "scan": "0.39", "track": "0.36", "acq_date": "2026-09-30", "acq_time": "249", "satellite": "N21", "instrument": "VIIRS", "confidence": "n", "version": "2.0NRT", "bright_ti5": "292.89", "frp": "5.31", "daynight": "D"}}, {"type": "Feature", "geometry": {"type": "Point", "coordinates": [169.24092, -45.98128]}, "properties": {"latitude": "-45.98128", "longitude": "169.24092", "bright_ti4": "342.33", "scan": "0.39", "track": "0.36", "acq_date": "2026-09-30", "acq_time": "249", "satellite": "N21", "instrument": "VIIRS", "confidence": "n", "version": "2.0NRT", "bright_ti5": "293.64", "frp": "5.31", "daynight": "D"}}, {"type": "Feature", "geometry": {"type": "Point", "coordinates": [170.58673, -45.07866]}, "properties": {"latitude": "-45.07866", "longitude": "170.58673", "bright_ti4": "330.48", "scan": "0.42", "track": "0.38", "acq_date": "2026-09-30", "acq_time": "249", "satellite": "N21", "instrument": "VIIRS", "confidence": "n", "version": "2.0NRT", "bright_ti5": "296.26", "frp": "3.73", "daynight": "D"}}, {"type": "Feature", "geometry": {"type": "Point", "coordinates": [170.59186, -45.07772]}, "properties": {"latitude": "-45.07772", "longitude": "170.59186", "bright_ti4": "327.45", "scan": "0.42", "track": "0.38", "acq_date": "2026-09-30", "acq_time": "249", "satellite": "N21", "instrument": "VIIRS", "confidence": "n", "version": "2.0NRT", "bright_ti5": "289.29", "frp": "3.73", "daynight": "D"}}, {"type": "Feature", "geometry": {"type": "Point", "coordinates": [168.39581, -44.85938]}, "properties": {"latitude": "-44.85938", "longitude": "168.39581", "bright_ti4": "328.85", "scan": "0.39", "track": "0.36", "acq_date": "2026-09-30", "acq_time": "249", "satellite": "N21", "instrument": "VIIRS", "confidence": "n", "version": "2.0NRT", "bright_ti5": "293.22", "frp": "2.31", "daynight": "D"}}, {"type": "Feature", "geometry": {"type": "Point", "coordinates": [170.83835, -44.80708]}, "properties": {"latitude": "-44.80708", "longitude": "170.83835", "bright_ti4": "329.16", "scan": "0.43", "track": "0.38", "acq_date": "2026-09-30", "acq_time": "249", "satellite": "N21", "instrument": "VIIRS", "confidence": "n", "version": "2.0NRT", "bright_ti5": "292.12", "frp": "2.91", "daynight": "D"}}, {"type": "Feature", "geometry": {"type": "Point", "coordinates": [171.49243, -43.98006]}, "properties": {"latitude": "-43.98006", "longitude": "171.49243", "bright_ti4": "328.66", "scan": "0.46", "track": "0.39", "acq_date": "2026-09-30", "acq_time": "249", "satellite": "N21", "instrument": "VIIRS", "confidence": "n", "version": "2.0NRT", "bright_ti5": "291.27", "frp": "4.92", "daynight": "D"}}, {"type": "Feature", "geometry": {"type": "Point", "coordinates": [171.36023, -43.84203]}, "properties": {"latitude": "-43.84203", "longitude": "171.36023", "bright_ti4": "329.93", "scan": "0.45", "track": "0.39", "acq_date": "2026-09-30", "acq_time": "249", "satellite": "N21", "instrument": "VIIRS", "confidence": "n", "version": "2.0NRT", "bright_ti5": "292.36", "frp": "3.91", "daynight": "D"}}, {"type": "Feature", "geometry": {"type": "Point", "coordinates": [150.88239, -34.46156]}, "properties": {"latitude": "-34.46156", "longitude": "150.88239", "bright_ti4": "327.97", "scan": "0.49", "track": "0.65", "acq_date": "2026-09-30", "acq_time": "253", "satellite": "N21", "instrument": "VIIRS", "confidence": "n", "version": "2.0NRT", "bright_ti5": "297.78", "frp": "6.46", "daynight": "D"}}, {"type": "Feature", "geometry": {"type": "Point", "coordinates": [150.8791, -34.46073]}, "properties": {"latitude": "-34.46073", "longitude": "150.8791", "bright_ti4": "326.02", "scan": "0.49", "track": "0.65", "acq_date": "2026-09-30", "acq_time": "253", "satellite": "N21", "instrument": "VIIRS", "confidence": "l", "version": "2.0NRT", "bright_ti5": "297.27", "frp": "7.98", "daynight": "D"}}, {"type": "Feature", "geometry": {"type": "Point", "coordinates": [147.45621, -32.28244]}, "properties": {"latitude": "-32.28244", "longitude": "147.45621", "bright_ti4": "329.82", "scan": "0.75", "track": "0.77", "acq_date": "2026-09-30", "acq_time": "253", "satellite": "N21", "instrument": "VIIRS", "confidence": "n", "version": "2.0NRT", "bright_ti5": "297.19", "frp": "5.41", "daynight": "D"}}, {"type": "Feature", "geometry": {"type": "Point", "coordinates": [152.07735, -31.6916]}, "properties": {"latitude": "-31.6916", "longitude": "152.07735", "bright_ti4": "348.25", "scan": "0.4", "track": "0.6", "acq_date": "2026-09-30", "acq_time": "253", "satellite": "N21", "instrument": "VIIRS", "confidence": "n", "version": "2.0NRT", "bright_ti5": "299.35", "frp": "6.1", "daynight": "D"}}, {"type": "Feature", "geometry": {"type": "Point", "coordinates": [152.07739, -31.69092]}, "properties": {"latitude": "-31.69092", "longitude": "152.07739", "bright_ti4": "348.38", "scan": "0.4", "track": "0.6", "acq_date": "2026-09-30", "acq_time": "253", "satellite": "N21", "instrument": "VIIRS", "confidence": "n", "version": "2.0NRT", "bright_ti5": "299.57", "frp": "7.01", "daynight": "D"}}, {"type": "Feature", "geometry": {"type": "Point", "coordinates": [146.98975, -31.61669]}, "properties": {"latitude": "-31.61669", "longitude": "146.98975", "bright_ti4": "348.29", "scan": "0.8", "track": "0.78", "acq_date": "2026-09-30", "acq_time": "253", "satellite": "N21", "instrument": "VIIRS", "confidence": "n", "version": "2.0NRT", "bright_ti5": "299.14", "frp": "17.93", "daynight": "D"}}, {"type": "Feature", "geometry": {"type": "Point", "coordinates": [152.62219, -29.72038]}, "properties": {"latitude": "-29.72038", "longitude": "152.62219", "bright_ti4": "332.84", "scan": "0.35", "track": "0.57", "acq_date": "2026-09-30", "acq_time": "253", "satellite": "N21", "instrument": "VIIRS", "confidence": "n", "version": "2.0NRT", "bright_ti5": "296.08", "frp": "4.62", "daynight": "D"}}, {"type": "Feature", "geometry": {"type": "Point", "coordinates": [148.13956, -29.67842]}, "properties": {"latitude": "-29.67842", "longitude": "148.13956", "bright_ti4": "335.05", "scan": "0.66", "track": "0.73", "acq_date": "2026-09-30", "acq_time": "253", "satellite": "N21", "instrument": "VIIRS", "confidence": "n", "version": "2.0NRT", "bright_ti5": "302.54", "frp": "5.63", "daynight": "D"}}, {"type": "Feature", "geometry": {"type": "Point", "coordinates": [148.14069, -29.67619]}, "properties": {"latitude": "-29.67619", "longitude": "148.14069", "bright_ti4": "332.07", "scan": "0.66", "track": "0.73", "acq_date": "2026-09-30", "acq_time": "253", "satellite": "N21", "instrument": "VIIRS", "confidence": "n", "version": "2.0NRT", "bright_ti5": "302.32", "frp": "4.28", "daynight": "D"}}, {"type": "Feature", "geometry": {"type": "Point", "coordinates": [149.51392, -29.32736]}, "properties": {"latitude": "-29.32736", "longitude": "149.51392", "bright_ti4": "342.41", "scan": "0.54", "track": "0.68", "acq_date": "2026-09-30", "acq_time": "253", "satellite": "N21", "instrument": "VIIRS", "confidence": "n", "version": "2.0NRT", "bright_ti5": "306.92", "frp": "5.92", "daynight": "D"}}, {"type": "Feature", "geometry": {"type": "Point", "coordinates": [149.51324, -29.32467]}, "properties": {"latitude": "-29.32467", "longitude": "149.51324", "bright_ti4": "352.66", "scan": "0.54", "track": "0.68", "acq_date": "2026-09-30", "acq_time": "253", "satellite": "N21", "instrument": "VIIRS", "confidence": "n", "version": "2.0NRT", "bright_ti5": "306.05", "frp": "11.87", "daynight": "D"}}, {"type": "Feature", "geometry": {"type": "Point", "coordinates": [149.51355, -29.32108]}, "properties": {"latitude": "-29.32108", "longitude": "149.51355", "bright_ti4": "334.19", "scan": "0.54", "track": "0.68", "acq_date": "2026-09-30", "acq_time": "253", "satellite": "N21", "instrument": "VIIRS", "confidence": "n", "version": "2.0NRT", "bright_ti5": "302.5", "frp": "5.92", "daynight": "D"}}, {"type": "Feature", "geometry": {"type": "Point", "coordinates": [149.17593, -28.31403]}, "properties": {"latitude": "-28.31403", "longitude": "149.17593", "bright_ti4": "341.07", "scan": "0.55", "track": "0.68", "acq_date": "2026-09-30", "acq_time": "256", "satellite": "N21", "instrument": "VIIRS", "confidence": "n", "version": "2.0NRT", "bright_ti5": "309.03", "frp": "6.1", "daynight": "D"}}, {"type": "Feature", "geometry": {"type": "Point", "coordinates": [149.17906, -28.31011]}, "properties": {"latitude": "-28.31011", "longitude": "149.17906", "bright_ti4": "338.58", "scan": "0.55", "track": "0.68", "acq_date": "2026-09-30", "acq_time": "256", "satellite": "N21", "instrument": "VIIRS", "confidence": "n", "version": "2.0NRT", "bright_ti5": "308.13", "frp": "7.75", "daynight": "D"}}, {"type": "Feature", "geometry": {"type": "Point", "coordinates": [150.66838, -28.12251]}, "properties": {"latitude": "-28.12251", "longitude": "150.66838", "bright_ti4": "344.52", "scan": "0.45", "track": "0.63", "acq_date": "2026-09-30", "acq_time": "256", "satellite": "N21", "instrument": "VIIRS", "confidence": "n", "version": "2.0NRT", "bright_ti5": "308.8", "frp": "4.71", "daynight": "D"}}, {"type": "Feature", "geometry": {"type": "Point", "coordinates": [150.66789, -28.1167]}, "properties": {"latitude": "-28.1167", "longitude": "150.66789", "bright_ti4": "367", "scan": "0.45", "track": "0.63", "acq_date": "2026-09-30", "acq_time": "256", "satellite": "N21", "instrument": "VIIRS", "confidence": "h", "version": "2.0NRT", "bright_ti5": "308.77", "frp": "17.63", "daynight": "D"}}, {"type": "Feature", "geometry": {"type": "Point", "coordinates": [150.86609, -28.07821]}, "properties": {"latitude": "-28.07821", "longitude": "150.86609", "bright_ti4": "342.21", "scan": "0.43", "track": "0.62", "acq_date": "2026-09-30", "acq_time": "256", "satellite": "N21", "instrument": "VIIRS", "confidence": "n", "version": "2.0NRT", "bright_ti5": "302.88", "frp": "8.89", "daynight": "D"}}, {"type": "Feature", "geometry": {"type": "Point", "coordinates": [150.02808, -27.91707]}, "properties": {"latitude": "-27.91707", "longitude": "150.02808", "bright_ti4": "342.78", "scan": "0.49", "track": "0.65", "acq_date": "2026-09-30", "acq_time": "256", "satellite": "N21", "instrument": "VIIRS", "confidence": "n", "version": "2.0NRT", "bright_ti5": "308.03", "frp": "10.05", "daynight": "D"}}, {"type": "Feature", "geometry": {"type": "Point", "coordinates": [150.03307, -27.91672]}, "properties": {"latitude": "-27.91672", "longitude": "150.03307", "bright_ti4": "367", "scan": "0.49", "track": "0.65", "acq_date": "2026-09-30", "acq_time": "256", "satellite": "N21", "instrument": "VIIRS", "confidence": "h", "version": "2.0NRT", "bright_ti5": "309.7", "frp": "10.05", "daynight": "D"}}, {"type": "Feature", "geometry": {"type": "Point", "coordinates": [150.02708, -27.91331]}, "properties": {"latitude": "-27.91331", "longitude": "150.02708", "bright_ti4": "339.82", "scan": "0.49", "track": "0.65", "acq_date": "2026-09-30", "acq_time": "256", "satellite": "N21", "instrument": "VIIRS", "confidence": "n", "version": "2.0NRT", "bright_ti5": "308.47", "frp": "20.79", "daynight": "D"}}, {"type": "Feature", "geometry": {"type": "Point", "coordinates": [150.03207, -27.913]}, "properties": {"latitude": "-27.913", "longitude": "150.03207", "bright_ti4": "367", "scan": "0.49", "track": "0.65", "acq_date": "2026-09-30", "acq_time": "256", "satellite": "N21", "instrument": "VIIRS", "confidence": "h", "version": "2.0NRT", "bright_ti5": "313.1", "frp": "20.79", "daynight": "D"}}, {"type": "Feature", "geometry": {"type": "Point", "coordinates": [150.03706, -27.91268]}, "properties": {"latitude": "-27.91268", "longitude": "150.03706", "bright_ti4": "338.93", "scan": "0.49", "track": "0.65", "acq_date": "2026-09-30", "acq_time": "256", "satellite": "N21", "instrument": "VIIRS", "confidence": "n", "version": "2.0NRT", "bright_ti5": "308.09", "frp": "18.08", "daynight": "D"}}, {"type": "Feature", "geometry": {"type": "Point", "coordinates": [150.02766, -27.91104]}, "properties": {"latitude": "-27.91104", "longitude": "150.02766", "bright_ti4": "335.44", "scan": "0.49", "track": "0.65", "acq_date": "2026-09-30", "acq_time": "256", "satellite": "N21", "instrument": "VIIRS", "confidence": "n", "version": "2.0NRT", "bright_ti5": "307.62", "frp": "10.05", "daynight": "D"}}, {"type": "Feature", "geometry": {"type": "Point", "coordinates": [150.03265, -27.91069]}, "properties": {"latitude": "-27.91069", "longitude": "150.03265", "bright_ti4": "367", "scan": "0.49", "track": "0.65", "acq_date": "2026-09-30", "acq_time": "256", "satellite": "N21", "instrument": "VIIRS", "confidence": "h", "version": "2.0NRT", "bright_ti5": "309.58", "frp": "10.05", "daynight": "D"}}, {"type": "Feature", "geometry": {"type": "Point", "coordinates": [148.73431, -27.85843]}, "properties": {"latitude": "-27.85843", "longitude": "148.73431", "bright_ti4": "330.79", "scan": "0.59", "track": "0.7", "acq_date": "2026-09-30", "acq_time": "256", "satellite": "N21", "instrument": "VIIRS", "confidence": "n", "version": "2.0NRT", "bright_ti5": "303.03", "frp": "17.74", "daynight": "D"}}, {"type": "Feature", "geometry": {"type": "Point", "coordinates": [148.74036, -27.85807]}, "properties": {"latitude": "-27.85807", "longitude": "148.74036", "bright_ti4": "367", "scan": "0.58", "track": "0.7", "acq_date": "2026-09-30", "acq_time": "256", "satellite": "N21", "instrument": "VIIRS", "confidence": "h", "version": "2.0NRT", "bright_ti5": "308.89", "frp": "17.74", "daynight": "D"}}, {"type": "Feature", "geometry": {"type": "Point", "coordinates": [148.7726, -27.79776]}, "properties": {"latitude": "-27.79776", "longitude": "148.7726", "bright_ti4": "341.85", "scan": "0.58", "track": "0.7", "acq_date": "2026-09-30", "acq_time": "256", "satellite": "N21", "instrument": "VIIRS", "confidence": "n", "version": "2.0NRT", "bright_ti5": "301.93", "frp": "3.88", "daynight": "D"}}, {"type": "Feature", "geometry": {"type": "Point", "coordinates": [148.78459, -27.79708]}, "properties": {"latitude": "-27.79708", "longitude": "148.78459", "bright_ti4": "352.89", "scan": "0.58", "track": "0.7", "acq_date": "2026-09-30", "acq_time": "256", "satellite": "N21", "instrument": "VIIRS", "confidence": "n", "version": "2.0NRT", "bright_ti5": "304.9", "frp": "16.52", "daynight": "D"}}, {"type": "Feature", "geometry": {"type": "Point", "coordinates": [148.77176, -27.79683]}, "properties": {"latitude": "-27.79683", "longitude": "148.77176", "bright_ti4": "335.47", "scan": "0.58", "track": "0.7", "acq_date": "2026-09-30", "acq_time": "256", "satellite": "N21", "instrument": "VIIRS", "confidence": "n", "version": "2.0NRT", "bright_ti5": "302.52", "frp": "8.98", "daynight": "D"}}, {"type": "Feature", "geometry": {"type": "Point", "coordinates": [148.78375, -27.79608]}, "properties": {"latitude": "-27.79608", "longitude": "148.78375", "bright_ti4": "367", "scan": "0.58", "track": "0.7", "acq_date": "2026-09-30", "acq_time": "256", "satellite": "N21", "instrument": "VIIRS", "confidence": "h", "version": "2.0NRT", "bright_ti5": "305.68", "frp": "10.72", "daynight": "D"}}, {"type": "Feature", "geometry": {"type": "Point", "coordinates": [148.78967, -27.79571]}, "properties": {"latitude": "-27.79571", "longitude": "148.78967", "bright_ti4": "341.72", "scan": "0.58", "track": "0.7", "acq_date": "2026-09-30", "acq_time": "256", "satellite": "N21", "instrument": "VIIRS", "confidence": "n", "version": "2.0NRT", "bright_ti5": "302.82", "frp": "10.72", "daynight": "D"}}, {"type": "Feature", "geometry": {"type": "Point", "coordinates": [148.78424, -27.79062]}, "properties": {"latitude": "-27.79062", "longitude": "148.78424", "bright_ti4": "338.16", "scan": "0.58", "track": "0.7", "acq_date": "2026-09-30", "acq_time": "256", "satellite": "N21", "instrument": "VIIRS", "confidence": "n", "version": "2.0NRT", "bright_ti5": "305.39", "frp": "6.24", "daynight": "D"}}, {"type": "Feature", "geometry": {"type": "Point", "coordinates": [152.09549, -27.43902]}, "properties": {"latitude": "-27.43902", "longitude": "152.09549", "bright_ti4": "350.6", "scan": "0.36", "track": "0.57", "acq_date": "2026-09-30", "acq_time": "256", "satellite": "N21", "instrument": "VIIRS", "confidence": "n", "version": "2.0NRT", "bright_ti5": "294.12", "frp": "5.04", "daynight": "D"}}, {"type": "Feature", "geometry": {"type": "Point", "coordinates": [152.90063, -27.15445]}, "properties": {"latitude": "-27.15445", "longitude": "152.90063", "bright_ti4": "327.72", "scan": "0.63", "track": "0.54", "acq_date": "2026-09-30", "acq_time": "256", "satellite": "N21", "instrument": "VIIRS", "confidence": "n", "version": "2.0NRT", "bright_ti5": "296.27", "frp": "4.9", "daynight": "D"}}, {"type": "Feature", "geometry": {"type": "Point", "coordinates": [150.13022, -26.37103]}, "properties": {"latitude": "-26.37103", "longitude": "150.13022", "bright_ti4": "338.55", "scan": "0.46", "track": "0.64", "acq_date": "2026-09-30", "acq_time": "256", "satellite": "N21", "instrument": "VIIRS", "confidence": "n", "version": "2.0NRT", "bright_ti5": "296.13", "frp": "6.25", "daynight": "D"}}, {"type": "Feature", "geometry": {"type": "Point", "coordinates": [150.1436, -26.36413]}, "properties": {"latitude": "-26.36413", "longitude": "150.1436", "bright_ti4": "332.08", "scan": "0.46", "track": "0.64", "acq_date": "2026-09-30", "acq_time": "256", "satellite": "N21", "instrument": "VIIRS", "confidence": "n", "version": "2.0NRT", "bright_ti5": "294.92", "frp": "12.54", "daynight": "D"}}, {"type": "Feature", "geometry": {"type": "Point", "coordinates": [150.14764, -26.3579]}, "properties": {"latitude": "-26.3579", "longitude": "150.14764", "bright_ti4": "334.98", "scan": "0.46", "track": "0.64", "acq_date": "2026-09-30", "acq_time": "256", "satellite": "N21", "instrument": "VIIRS", "confidence": "n", "version": "2.0NRT", "bright_ti5": "296.27", "frp": "6.67", "daynight": "D"}}, {"type": "Feature", "geometry": {"type": "Point", "coordinates": [150.51443, -26.11995]}, "properties": {"latitude": "-26.11995", "longitude": "150.51443", "bright_ti4": "330.96", "scan": "0.44", "track": "0.62", "acq_date": "2026-09-30", "acq_time": "256", "satellite": "N21", "instrument": "VIIRS", "confidence": "n", "version": "2.0NRT", "bright_ti5": "298.17", "frp": "3.47", "daynight": "D"}}, {"type": "Feature", "geometry": {"type": "Point", "coordinates": [152.54266, -25.50654]}, "properties": {"latitude": "-25.50654", "longitude": "152.54266", "bright_ti4": "367", "scan": "0.32", "track": "0.55", "acq_date": "2026-09-30", "acq_time": "256", "satellite": "N21", "instrument": "VIIRS", "confidence": "h", "version": "2.0NRT", "bright_ti5": "300.5", "frp": "9.06", "daynight": "D"}}, {"type": "Feature", "geometry": {"type": "Point", "coordinates": [152.54045, -25.50239]}, "properties": {"latitude": "-25.50239", "longitude": "152.54045", "bright_ti4": "367", "scan": "0.32", "track": "0.55", "acq_date": "2026-09-30", "acq_time": "256", "satellite": "N21", "instrument": "VIIRS", "confidence": "h", "version": "2.0NRT", "bright_ti5": "298.37", "frp": "12.49", "daynight": "D"}}, {"type": "Feature", "geometry": {"type": "Point", "coordinates": [152.26166, -25.18425]}, "properties": {"latitude": "-25.18425", "longitude": "152.26166", "bright_ti4": "367", "scan": "0.33", "track": "0.55", "acq_date": "2026-09-30", "acq_time": "256", "satellite": "N21", "instrument": "VIIRS", "confidence": "h", "version": "2.0NRT", "bright_ti5": "299.98", "frp": "8.3", "daynight": "D"}}, {"type": "Feature", "geometry": {"type": "Point", "coordinates": [151.51038, -24.42615]}, "properties": {"latitude": "-24.42615", "longitude": "151.51038", "bright_ti4": "367", "scan": "0.36", "track": "0.57", "acq_date": "2026-09-30", "acq_time": "256", "satellite": "N21", "instrument": "VIIRS", "confidence": "h", "version": "2.0NRT", "bright_ti5": "301.04", "frp": "26.63", "daynight": "D"}}, {"type": "Feature", "geometry": {"type": "Point", "coordinates": [151.51392, -24.42581]}, "properties": {"latitude": "-24.42581", "longitude": "151.51392", "bright_ti4": "367", "scan": "0.36", "track": "0.57", "acq_date": "2026-09-30", "acq_time": "256", "satellite": "N21", "instrument": "VIIRS", "confidence": "h", "version": "2.0NRT", "bright_ti5": "300.31", "frp": "25.62", "daynight": "D"}}, {"type": "Feature", "geometry": {"type": "Point", "coordinates": [151.51012, -24.42511]}, "properties": {"latitude": "-24.42511", "longitude": "151.51012", "bright_ti4": "350.47", "scan": "0.36", "track": "0.57", "acq_date": "2026-09-30", "acq_time": "256", "satellite": "N21", "instrument": "VIIRS", "confidence": "n", "version": "2.0NRT", "bright_ti5": "300.59", "frp": "25.91", "daynight": "D"}}, {"type": "Feature", "geometry": {"type": "Point", "coordinates": [151.51369, -24.4248]}, "properties": {"latitude": "-24.4248", "longitude": "151.51369", "bright_ti4": "367", "scan": "0.36", "track": "0.57", "acq_date": "2026-09-30", "acq_time": "256", "satellite": "N21", "instrument": "VIIRS", "confidence": "h", "version": "2.0NRT", "bright_ti5": "302.04", "frp": "27.5", "daynight": "D"}}, {"type": "Feature", "geometry": {"type": "Point", "coordinates": [151.27768, -23.89028]}, "properties": {"latitude": "-23.89028", "longitude": "151.27768", "bright_ti4": "350.03", "scan": "0.37", "track": "0.58", "acq_date": "2026-09-30", "acq_time": "256", "satellite": "N21", "instrument": "VIIRS", "confidence": "n", "version": "2.0NRT", "bright_ti5": "294.17", "frp": "6.07", "daynight": "D"}}, {"type": "Feature", "geometry": {"type": "Point", "coordinates": [150.31926, -22.66122]}, "properties": {"latitude": "-22.66122", "longitude": "150.31926", "bright_ti4": "346.88", "scan": "0.41", "track": "0.61", "acq_date": "2026-09-30", "acq_time": "256", "satellite": "N21", "instrument": "VIIRS", "confidence": "n", "version": "2.0NRT", "bright_ti5": "294.01", "frp": "8.48", "daynight": "D"}}, {"type": "Feature", "geometry": {"type": "Point", "coordinates": [146.52158, -19.36592]}, "properties": {"latitude": "-19.36592", "longitude": "146.52158", "bright_ti4": "348.97", "scan": "0.67", "track": "0.74", "acq_date": "2026-09-30", "acq_time": "258", "satellite": "N21", "instrument": "VIIRS", "confidence": "n", "version": "2.0NRT", "bright_ti5": "289.13", "frp": "6.87", "daynight": "D"}}, {"type": "Feature", "geometry": {"type": "Point", "coordinates": [147.03419, -19.2748]}, "properties": {"latitude": "-19.2748", "longitude": "147.03419", "bright_ti4": "333.07", "scan": "0.62", "track": "0.72", "acq_date": "2026-09-30", "acq_time": "258", "satellite": "N21", "instrument": "VIIRS", "confidence": "n", "version": "2.0NRT", "bright_ti5": "291.5", "frp": "8.76", "daynight": "D"}}, {"type": "Feature", "geometry": {"type": "Point", "coordinates": [147.01328, -19.26326]}, "properties": {"latitude": "-19.26326", "longitude": "147.01328", "bright_ti4": "353.01", "scan": "0.62", "track": "0.72", "acq_date": "2026-09-30", "acq_time": "258", "satellite": "N21", "instrument": "VIIRS", "confidence": "n", "version": "2.0NRT", "bright_ti5": "289.92", "frp": "12.32", "daynight": "D"}}, {"type": "Feature", "geometry": {"type": "Point", "coordinates": [150.90523, -10.64974]}, "properties": {"latitude": "-10.64974", "longitude": "150.90523", "bright_ti4": "328.62", "scan": "0.53", "track": "0.5", "acq_date": "2026-09-30", "acq_time": "300", "satellite": "N21", "instrument": "VIIRS", "confidence": "n", "version": "2.0NRT", "bright_ti5": "293.33", "frp": "2.58", "daynight": "D"}}, {"type": "Feature", "geometry": {"type": "Point", "coordinates": [148.39188, -10.1891]}, "properties": {"latitude": "-10.1891", "longitude": "148.39188", "bright_ti4": "341.05", "scan": "0.39", "track": "0.59", "acq_date": "2026-09-30", "acq_time": "300", "satellite": "N21", "instrument": "VIIRS", "confidence": "n", "version": "2.0NRT", "bright_ti5": "290.69", "frp": "4.51", "daynight": "D"}}, {"type": "Feature", "geometry": {"type": "Point", "coordinates": [147.95448, -10.0183]}, "properties": {"latitude": "-10.0183", "longitude": "147.95448", "bright_ti4": "329.02", "scan": "0.42", "track": "0.61", "acq_date": "2026-09-30", "acq_time": "300", "satellite": "N21", "instrument": "VIIRS", "confidence": "n", "version": "2.0NRT", "bright_ti5": "292.35", "frp": "2.69", "daynight": "D"}}, {"type": "Feature", "geometry": {"type": "Point", "coordinates": [148.03697, -9.9975]}, "properties": {"latitude": "-9.9975", "longitude": "148.03697", "bright_ti4": "344.33", "scan": "0.41", "track": "0.61", "acq_date": "2026-09-30", "acq_time": "300", "satellite": "N21", "instrument": "VIIRS", "confidence": "n", "version": "2.0NRT", "bright_ti5": "293.89", "frp": "9.78", "daynight": "D"}}, {"type": "Feature", "geometry": {"type": "Point", "coordinates": [148.03636, -9.99193]}, "properties": {"latitude": "-9.99193", "longitude": "148.03636", "bright_ti4": "333.37", "scan": "0.41", "track": "0.61", "acq_date": "2026-09-30", "acq_time": "300", "satellite": "N21", "instrument": "VIIRS", "confidence": "n", "version": "2.0NRT", "bright_ti5": "292.87", "frp": "3.22", "daynight": "D"}}, {"type": "Feature", "geometry": {"type": "Point", "coordinates": [150.94145, -9.98565]}, "properties": {"latitude": "-9.98565", "longitude": "150.94145", "bright_ti4": "327.74", "scan": "0.52", "track": "0.5", "acq_date": "2026-09-30", "acq_time": "300", "satellite": "N21", "instrument": "VIIRS", "confidence": "n", "version": "2.0NRT", "bright_ti5": "293.81", "frp": "5.17", "daynight": "D"}}, {"type": "Feature", "geometry": {"type": "Point", "coordinates": [148.15599, -9.93173]}, "properties": {"latitude": "-9.93173", "longitude": "148.15599", "bright_ti4": "328.04", "scan": "0.4", "track": "0.6", "acq_date": "2026-09-30", "acq_time": "300", "satellite": "N21", "instrument": "VIIRS", "confidence": "n", "version": "2.0NRT", "bright_ti5": "288.87", "frp": "3.8", "daynight": "D"}}, {"type": "Feature", "geometry": {"type": "Point", "coordinates": [147.51935, -9.77513]}, "properties": {"latitude": "-9.77513", "longitude": "147.51935", "bright_ti4": "335.91", "scan": "0.44", "track": "0.62", "acq_date": "2026-09-30", "acq_time": "300", "satellite": "N21", "instrument": "VIIRS", "confidence": "n", "version": "2.0NRT", "bright_ti5": "295.67", "frp": "3.75", "daynight": "D"}}, {"type": "Feature", "geometry": {"type": "Point", "coordinates": [149.53984, -9.70287]}, "properties": {"latitude": "-9.70287", "longitude": "149.53984", "bright_ti4": "332.94", "scan": "0.32", "track": "0.54", "acq_date": "2026-09-30", "acq_time": "300", "satellite": "N21", "instrument": "VIIRS", "confidence": "n", "version": "2.0NRT", "bright_ti5": "290.77", "frp": "8.82", "daynight": "D"}}, {"type": "Feature", "geometry": {"type": "Point", "coordinates": [149.54279, -9.70247]}, "properties": {"latitude": "-9.70247", "longitude": "149.54279", "bright_ti4": "367", "scan": "0.32", "track": "0.54", "acq_date": "2026-09-30", "acq_time": "300", "satellite": "N21", "instrument": "VIIRS", "confidence": "h", "version": "2.0NRT", "bright_ti5": "294.05", "frp": "8.82", "daynight": "D"}}, {"type": "Feature", "geometry": {"type": "Point", "coordinates": [149.5457, -9.70208]}, "properties": {"latitude": "-9.70208", "longitude": "149.5457", "bright_ti4": "337.49", "scan": "0.32", "track": "0.54", "acq_date": "2026-09-30", "acq_time": "300", "satellite": "N21", "instrument": "VIIRS", "confidence": "n", "version": "2.0NRT", "bright_ti5": "291.83", "frp": "8.3", "daynight": "D"}}, {"type": "Feature", "geometry": {"type": "Point", "coordinates": [150.44936, -9.6204]}, "properties": {"latitude": "-9.6204", "longitude": "150.44936", "bright_ti4": "329.98", "scan": "0.55", "track": "0.51", "acq_date": "2026-09-30", "acq_time": "300", "satellite": "N21", "instrument": "VIIRS", "confidence": "n", "version": "2.0NRT", "bright_ti5": "290.88", "frp": "4.66", "daynight": "D"}}, {"type": "Feature", "geometry": {"type": "Point", "coordinates": [148.78668, -9.61087]}, "properties": {"latitude": "-9.61087", "longitude": "148.78668", "bright_ti4": "355.68", "scan": "0.36", "track": "0.57", "acq_date": "2026-09-30", "acq_time": "300", "satellite": "N21", "instrument": "VIIRS", "confidence": "l", "version": "2.0NRT", "bright_ti5": "285.71", "frp": "3.9", "daynight": "D"}}, {"type": "Feature", "geometry": {"type": "Point", "coordinates": [148.78595, -9.60563]}, "properties": {"latitude": "-9.60563", "longitude": "148.78595", "bright_ti4": "341.23", "scan": "0.36", "track": "0.57", "acq_date": "2026-09-30", "acq_time": "300", "satellite": "N21", "instrument": "VIIRS", "confidence": "n", "version": "2.0NRT", "bright_ti5": "290.15", "frp": "4.77", "daynight": "D"}}, {"type": "Feature", "geometry": {"type": "Point", "coordinates": [148.78676, -9.6052]}, "properties": {"latitude": "-9.6052", "longitude": "148.78676", "bright_ti4": "350.58", "scan": "0.36", "track": "0.57", "acq_date": "2026-09-30", "acq_time": "300", "satellite": "N21", "instrument": "VIIRS", "confidence": "n", "version": "2.0NRT", "bright_ti5": "291.59", "frp": "9.44", "daynight": "D"}}, {"type": "Feature", "geometry": {"type": "Point", "coordinates": [149.2536, -9.55649]}, "properties": {"latitude": "-9.55649", "longitude": "149.2536", "bright_ti4": "331.14", "scan": "0.33", "track": "0.55", "acq_date": "2026-09-30", "acq_time": "300", "satellite": "N21", "instrument": "VIIRS", "confidence": "n", "version": "2.0NRT", "bright_ti5": "286.93", "frp": "1.65", "daynight": "D"}}, {"type": "Feature", "geometry": {"type": "Point", "coordinates": [148.5206, -9.54298]}, "properties": {"latitude": "-9.54298", "longitude": "148.5206", "bright_ti4": "367", "scan": "0.37", "track": "0.58", "acq_date": "2026-09-30", "acq_time": "300", "satellite": "N21", "instrument": "VIIRS", "confidence": "h", "version": "2.0NRT", "bright_ti5": "296.94", "frp": "9.22", "daynight": "D"}}, {"type": "Feature", "geometry": {"type": "Point", "coordinates": [160.11304, -9.49982]}, "properties": {"latitude": "-9.49982", "longitude": "160.11304", "bright_ti4": "342.27", "scan": "0.43", "track": "0.38", "acq_date": "2026-09-30", "acq_time": "300", "satellite": "N21", "instrument": "VIIRS", "confidence": "n", "version": "2.0NRT", "bright_ti5": "299.04", "frp": "10.25", "daynight": "D"}}, {"type": "Feature", "geometry": {"type": "Point", "coordinates": [148.95209, -9.4759]}, "properties": {"latitude": "-9.4759", "longitude": "148.95209", "bright_ti4": "331.39", "scan": "0.35", "track": "0.57", "acq_date": "2026-09-30", "acq_time": "300", "satellite": "N21", "instrument": "VIIRS", "confidence": "n", "version": "2.0NRT", "bright_ti5": "292.41", "frp": "3.02", "daynight": "D"}}, {"type": "Feature", "geometry": {"type": "Point", "coordinates": [160.05972, -9.46353]}, "properties": {"latitude": "-9.46353", "longitude": "160.05972", "bright_ti4": "331.8", "scan": "0.43", "track": "0.38", "acq_date": "2026-09-30", "acq_time": "300", "satellite": "N21", "instrument": "VIIRS", "confidence": "n", "version": "2.0NRT", "bright_ti5": "295.89", "frp": "2.2", "daynight": "D"}}, {"type": "Feature", "geometry": {"type": "Point", "coordinates": [148.76605, -9.41555]}, "properties": {"latitude": "-9.41555", "longitude": "148.76605", "bright_ti4": "330.36", "scan": "0.36", "track": "0.57", "acq_date": "2026-09-30", "acq_time": "300", "satellite": "N21", "instrument": "VIIRS", "confidence": "n", "version": "2.0NRT", "bright_ti5": "294.81", "frp": "5.74", "daynight": "D"}}, {"type": "Feature", "geometry": {"type": "Point", "coordinates": [148.77515, -9.40905]}, "properties": {"latitude": "-9.40905", "longitude": "148.77515", "bright_ti4": "331.59", "scan": "0.36", "track": "0.57", "acq_date": "2026-09-30", "acq_time": "300", "satellite": "N21", "instrument": "VIIRS", "confidence": "n", "version": "2.0NRT", "bright_ti5": "295.74", "frp": "5.84", "daynight": "D"}}, {"type": "Feature", "geometry": {"type": "Point", "coordinates": [148.75951, -9.3946]}, "properties": {"latitude": "-9.3946", "longitude": "148.75951", "bright_ti4": "330.87", "scan": "0.36", "track": "0.57", "acq_date": "2026-09-30", "acq_time": "300", "satellite": "N21", "instrument": "VIIRS", "confidence": "n", "version": "2.0NRT", "bright_ti5": "295.18", "frp": "3.13", "daynight": "D"}}, {"type": "Feature", "geometry": {"type": "Point", "coordinates": [148.77963, -9.39249]}, "properties": {"latitude": "-9.39249", "longitude": "148.77963", "bright_ti4": "329.2", "scan": "0.36", "track": "0.57", "acq_date": "2026-09-30", "acq_time": "300", "satellite": "N21", "instrument": "VIIRS", "confidence": "n", "version": "2.0NRT", "bright_ti5": "294.53", "frp": "3.72", "daynight": "D"}}, {"type": "Feature", "geometry": {"type": "Point", "coordinates": [148.77885, -9.39199]}, "properties": {"latitude": "-9.39199", "longitude": "148.77885", "bright_ti4": "333.98", "scan": "0.36", "track": "0.57", "acq_date": "2026-09-30", "acq_time": "300", "satellite": "N21", "instrument": "VIIRS", "confidence": "n", "version": "2.0NRT", "bright_ti5": "294.31", "frp": "3.77", "daynight": "D"}}, {"type": "Feature", "geometry": {"type": "Point", "coordinates": [159.8268, -9.35627]}, "properties": {"latitude": "-9.35627", "longitude": "159.8268", "bright_ti4": "334.41", "scan": "0.42", "track": "0.38", "acq_date": "2026-09-30", "acq_time": "300", "satellite": "N21", "instrument": "VIIRS", "confidence": "n", "version": "2.0NRT", "bright_ti5": "297.14", "frp": "4.01", "daynight": "D"}}, {"type": "Feature", "geometry": {"type": "Point", "coordinates": [148.77425, -9.3553]}, "properties": {"latitude": "-9.3553", "longitude": "148.77425", "bright_ti4": "334.68", "scan": "0.36", "track": "0.57", "acq_date": "2026-09-30", "acq_time": "300", "satellite": "N21", "instrument": "VIIRS", "confidence": "n", "version": "2.0NRT", "bright_ti5": "295.89", "frp": "8.82", "daynight": "D"}}, {"type": "Feature", "geometry": {"type": "Point", "coordinates": [149.01796, -9.34638]}, "properties": {"latitude": "-9.34638", "longitude": "149.01796", "bright_ti4": "339.65", "scan": "0.34", "track": "0.56", "acq_date": "2026-09-30", "acq_time": "300", "satellite": "N21", "instrument": "VIIRS", "confidence": "n", "version": "2.0NRT", "bright_ti5": "293.38", "frp": "3.63", "daynight": "D"}}, {"type": "Feature", "geometry": {"type": "Point", "coordinates": [149.01672, -9.34411]}, "properties": {"latitude": "-9.34411", "longitude": "149.01672", "bright_ti4": "330.55", "scan": "0.34", "track": "0.56", "acq_date": "2026-09-30", "acq_time": "300", "satellite": "N21", "instrument": "VIIRS", "confidence": "n", "version": "2.0NRT", "bright_ti5": "292.95", "frp": "2.69", "daynight": "D"}}, {"type": "Feature", "geometry": {"type": "Point", "coordinates": [148.9942, -9.34189]}, "properties": {"latitude": "-9.34189", "longitude": "148.9942", "bright_ti4": "334.65", "scan": "0.34", "track": "0.56", "acq_date": "2026-09-30", "acq_time": "300", "satellite": "N21", "instrument": "VIIRS", "confidence": "n", "version": "2.0NRT", "bright_ti5": "292.91", "frp": "3.52", "daynight": "D"}}, {"type": "Feature", "geometry": {"type": "Point", "coordinates": [148.93327, -9.3395]}, "properties": {"latitude": "-9.3395", "longitude": "148.93327", "bright_ti4": "342.22", "scan": "0.35", "track": "0.56", "acq_date": "2026-09-30", "acq_time": "300", "satellite": "N21", "instrument": "VIIRS", "confidence": "n", "version": "2.0NRT", "bright_ti5": "296.08", "frp": "6.59", "daynight": "D"}}, {"type": "Feature", "geometry": {"type": "Point", "coordinates": [148.93636, -9.33909]}, "properties": {"latitude": "-9.33909", "longitude": "148.93636", "bright_ti4": "367", "scan": "0.35", "track": "0.56", "acq_date": "2026-09-30", "acq_time": "300", "satellite": "N21", "instrument": "VIIRS", "confidence": "h", "version": "2.0NRT", "bright_ti5": "298.78", "frp": "12.36", "daynight": "D"}}, {"type": "Feature", "geometry": {"type": "Point", "coordinates": [148.94507, -9.33267]}, "properties": {"latitude": "-9.33267", "longitude": "148.94507", "bright_ti4": "350.51", "scan": "0.35", "track": "0.56", "acq_date": "2026-09-30", "acq_time": "300", "satellite": "N21", "instrument": "VIIRS", "confidence": "n", "version": "2.0NRT", "bright_ti5": "297.34", "frp": "8.12", "daynight": "D"}}, {"type": "Feature", "geometry": {"type": "Point", "coordinates": [148.79405, -9.3314]}, "properties": {"latitude": "-9.3314", "longitude": "148.79405", "bright_ti4": "352.46", "scan": "0.35", "track": "0.57", "acq_date": "2026-09-30", "acq_time": "300", "satellite": "N21", "instrument": "VIIRS", "confidence": "n", "version": "2.0NRT", "bright_ti5": "296.03", "frp": "6.14", "daynight": "D"}}, {"type": "Feature", "geometry": {"type": "Point", "coordinates": [148.94443, -9.32749]}, "properties": {"latitude": "-9.32749", "longitude": "148.94443", "bright_ti4": "339.72", "scan": "0.35", "track": "0.56", "acq_date": "2026-09-30", "acq_time": "300", "satellite": "N21", "instrument": "VIIRS", "confidence": "n", "version": "2.0NRT", "bright_ti5": "298.68", "frp": "4.22", "daynight": "D"}}, {"type": "Feature", "geometry": {"type": "Point", "coordinates": [148.94069, -9.32271]}, "properties": {"latitude": "-9.32271", "longitude": "148.94069", "bright_ti4": "328.56", "scan": "0.35", "track": "0.56", "acq_date": "2026-09-30", "acq_time": "300", "satellite": "N21", "instrument": "VIIRS", "confidence": "l", "version": "2.0NRT", "bright_ti5": "300.23", "frp": "4.22", "daynight": "D"}}, {"type": "Feature", "geometry": {"type": "Point", "coordinates": [148.93494, -9.3024]}, "properties": {"latitude": "-9.3024", "longitude": "148.93494", "bright_ti4": "331.2", "scan": "0.35", "track": "0.56", "acq_date": "2026-09-30", "acq_time": "300", "satellite": "N21", "instrument": "VIIRS", "confidence": "n", "version": "2.0NRT", "bright_ti5": "296.57", "frp": "3.5", "daynight": "D"}}, {"type": "Feature", "geometry": {"type": "Point", "coordinates": [149.18457, -9.30081]}, "properties": {"latitude": "-9.30081", "longitude": "149.18457", "bright_ti4": "328.24", "scan": "0.33", "track": "0.56", "acq_date": "2026-09-30", "acq_time": "300", "satellite": "N21", "instrument": "VIIRS", "confidence": "n", "version": "2.0NRT", "bright_ti5": "292.93", "frp": "2.76", "daynight": "D"}}, {"type": "Feature", "geometry": {"type": "Point", "coordinates": [150.31758, -9.2941]}, "properties": {"latitude": "-9.2941", "longitude": "150.31758", "bright_ti4": "328.55", "scan": "0.56", "track": "0.51", "acq_date": "2026-09-30", "acq_time": "300", "satellite": "N21", "instrument": "VIIRS", "confidence": "l", "version": "2.0NRT", "bright_ti5": "300.24", "frp": "8.71", "daynight": "D"}}, {"type": "Feature", "geometry": {"type": "Point", "coordinates": [148.97484, -9.28144]}, "properties": {"latitude": "-9.28144", "longitude": "148.97484", "bright_ti4": "327.33", "scan": "0.34", "track": "0.56", "acq_date": "2026-09-30", "acq_time": "300", "satellite": "N21", "instrument": "VIIRS", "confidence": "n", "version": "2.0NRT", "bright_ti5": "295.38", "frp": "2.45", "daynight": "D"}}, {"type": "Feature", "geometry": {"type": "Point", "coordinates": [148.9846, -9.28017]}, "properties": {"latitude": "-9.28017", "longitude": "148.9846", "bright_ti4": "328.83", "scan": "0.34", "track": "0.56", "acq_date": "2026-09-30", "acq_time": "300", "satellite": "N21", "instrument": "VIIRS", "confidence": "n", "version": "2.0NRT", "bright_ti5": "295.59", "frp": "3.33", "daynight": "D"}}, {"type": "Feature", "geometry": {"type": "Point", "coordinates": [148.97437, -9.27625]}, "properties": {"latitude": "-9.27625", "longitude": "148.97437", "bright_ti4": "330.42", "scan": "0.34", "track": "0.56", "acq_date": "2026-09-30", "acq_time": "300", "satellite": "N21", "instrument": "VIIRS", "confidence": "n", "version": "2.0NRT", "bright_ti5": "294.89", "frp": "2.45", "daynight": "D"}}, {"type": "Feature", "geometry": {"type": "Point", "coordinates": [148.99379, -9.27374]}, "properties": {"latitude": "-9.27374", "longitude": "148.99379", "bright_ti4": "329.28", "scan": "0.34", "track": "0.56", "acq_date": "2026-09-30", "acq_time": "300", "satellite": "N21", "instrument": "VIIRS", "confidence": "n", "version": "2.0NRT", "bright_ti5": "295.57", "frp": "6.14", "daynight": "D"}}, {"type": "Feature", "geometry": {"type": "Point", "coordinates": [152.96805, -9.18318]}, "properties": {"latitude": "-9.18318", "longitude": "152.96805", "bright_ti4": "332.82", "scan": "0.56", "track": "0.43", "acq_date": "2026-09-30", "acq_time": "300", "satellite": "N21", "instrument": "VIIRS", "confidence": "n", "version": "2.0NRT", "bright_ti5": "293.93", "frp": "7.31", "daynight": "D"}}, {"type": "Feature", "geometry": {"type": "Point", "coordinates": [148.61356, -9.16238]}, "properties": {"latitude": "-9.16238", "longitude": "148.61356", "bright_ti4": "349.17", "scan": "0.36", "track": "0.58", "acq_date": "2026-09-30", "acq_time": "300", "satellite": "N21", "instrument": "VIIRS", "confidence": "n", "version": "2.0NRT", "bright_ti5": "293.35", "frp": "6.19", "daynight": "D"}}, {"type": "Feature", "geometry": {"type": "Point", "coordinates": [148.58983, -9.10637]}, "properties": {"latitude": "-9.10637", "longitude": "148.58983", "bright_ti4": "343.79", "scan": "0.36", "track": "0.58", "acq_date": "2026-09-30", "acq_time": "300", "satellite": "N21", "instrument": "VIIRS", "confidence": "n", "version": "2.0NRT", "bright_ti5": "294.28", "frp": "7.98", "daynight": "D"}}, {"type": "Feature", "geometry": {"type": "Point", "coordinates": [148.59309, -9.10595]}, "properties": {"latitude": "-9.10595", "longitude": "148.59309", "bright_ti4": "352.72", "scan": "0.36", "track": "0.58", "acq_date": "2026-09-30", "acq_time": "300", "satellite": "N21", "instrument": "VIIRS", "confidence": "n", "version": "2.0NRT", "bright_ti5": "294.92", "frp": "7.98", "daynight": "D"}}, {"type": "Feature", "geometry": {"type": "Point", "coordinates": [148.97185, -9.10426]}, "properties": {"latitude": "-9.10426", "longitude": "148.97185", "bright_ti4": "333.6", "scan": "0.34", "track": "0.56", "acq_date": "2026-09-30", "acq_time": "300", "satellite": "N21", "instrument": "VIIRS", "confidence": "n", "version": "2.0NRT", "bright_ti5": "292.97", "frp": "2.25", "daynight": "D"}}, {"type": "Feature", "geometry": {"type": "Point", "coordinates": [148.5827, -9.07567]}, "properties": {"latitude": "-9.07567", "longitude": "148.5827", "bright_ti4": "348.95", "scan": "0.36", "track": "0.58", "acq_date": "2026-09-30", "acq_time": "300", "satellite": "N21", "instrument": "VIIRS", "confidence": "n", "version": "2.0NRT", "bright_ti5": "292.52", "frp": "5.96", "daynight": "D"}}, {"type": "Feature", "geometry": {"type": "Point", "coordinates": [147.08664, -9.07185]}, "properties": {"latitude": "-9.07185", "longitude": "147.08664", "bright_ti4": "337.43", "scan": "0.46", "track": "0.64", "acq_date": "2026-09-30", "acq_time": "300", "satellite": "N21", "instrument": "VIIRS", "confidence": "n", "version": "2.0NRT", "bright_ti5": "293.66", "frp": "6.03", "daynight": "D"}}, {"type": "Feature", "geometry": {"type": "Point", "coordinates": [147.08669, -9.07151]}, "properties": {"latitude": "-9.07151", "longitude": "147.08669", "bright_ti4": "338.73", "scan": "0.46", "track": "0.64", "acq_date": "2026-09-30", "acq_time": "300", "satellite": "N21", "instrument": "VIIRS", "confidence": "n", "version": "2.0NRT", "bright_ti5": "293.73", "frp": "6.32", "daynight": "D"}}, {"type": "Feature", "geometry": {"type": "Point", "coordinates": [152.68665, -9.0348]}, "properties": {"latitude": "-9.0348", "longitude": "152.68665", "bright_ti4": "338.61", "scan": "0.39", "track": "0.44", "acq_date": "2026-09-30", "acq_time": "300", "satellite": "N21", "instrument": "VIIRS", "confidence": "n", "version": "2.0NRT", "bright_ti5": "294.09", "frp": "5.23", "daynight": "D"}}, {"type": "Feature", "geometry": {"type": "Point", "coordinates": [160.12273, -9.02907]}, "properties": {"latitude": "-9.02907", "longitude": "160.12273", "bright_ti4": "341.56", "scan": "0.43", "track": "0.38", "acq_date": "2026-09-30", "acq_time": "300", "satellite": "N21", "instrument": "VIIRS", "confidence": "n", "version": "2.0NRT", "bright_ti5": "295.41", "frp": "14.02", "daynight": "D"}}, {"type": "Feature", "geometry": {"type": "Point", "coordinates": [152.46968, -8.95743]}, "properties": {"latitude": "-8.95743", "longitude": "152.46968", "bright_ti4": "328.01", "scan": "0.4", "track": "0.44", "acq_date": "2026-09-30", "acq_time": "300", "satellite": "N21", "instrument": "VIIRS", "confidence": "n", "version": "2.0NRT", "bright_ti5": "294.48", "frp": "2.47", "daynight": "D"}}, {"type": "Feature", "geometry": {"type": "Point", "coordinates": [146.80112, -8.9084]}, "properties": {"latitude": "-8.9084", "longitude": "146.80112", "bright_ti4": "330.73", "scan": "0.48", "track": "0.65", "acq_date": "2026-09-30", "acq_time": "300", "satellite": "N21", "instrument": "VIIRS", "confidence": "n", "version": "2.0NRT", "bright_ti5": "292.4", "frp": "4.56", "daynight": "D"}}, {"type": "Feature", "geometry": {"type": "Point", "coordinates": [146.84062, -8.90728]}, "properties": {"latitude": "-8.90728", "longitude": "146.84062", "bright_ti4": "334.81", "scan": "0.48", "track": "0.65", "acq_date": "2026-09-30", "acq_time": "300", "satellite": "N21", "instrument": "VIIRS", "confidence": "n", "version": "2.0NRT", "bright_ti5": "292.67", "frp": "9.71", "daynight": "D"}}, {"type": "Feature", "geometry": {"type": "Point", "coordinates": [146.80106, -8.90622]}, "properties": {"latitude": "-8.90622", "longitude": "146.80106", "bright_ti4": "331", "scan": "0.48", "track": "0.65", "acq_date": "2026-09-30", "acq_time": "300", "satellite": "N21", "instrument": "VIIRS", "confidence": "n", "version": "2.0NRT", "bright_ti5": "292.33", "frp": "4.1", "daynight": "D"}}, {"type": "Feature", "geometry": {"type": "Point", "coordinates": [146.81631, -8.88832]}, "properties": {"latitude": "-8.88832", "longitude": "146.81631", "bright_ti4": "339.68", "scan": "0.48", "track": "0.65", "acq_date": "2026-09-30", "acq_time": "300", "satellite": "N21", "instrument": "VIIRS", "confidence": "n", "version": "2.0NRT", "bright_ti5": "294.29", "frp": "5.57", "daynight": "D"}}, {"type": "Feature", "geometry": {"type": "Point", "coordinates": [146.81625, -8.88626]}, "properties": {"latitude": "-8.88626", "longitude": "146.81625", "bright_ti4": "346.14", "scan": "0.48", "track": "0.65", "acq_date": "2026-09-30", "acq_time": "300", "satellite": "N21", "instrument": "VIIRS", "confidence": "n", "version": "2.0NRT", "bright_ti5": "294.54", "frp": "8.47", "daynight": "D"}}, {"type": "Feature", "geometry": {"type": "Point", "coordinates": [146.78397, -8.87447]}, "properties": {"latitude": "-8.87447", "longitude": "146.78397", "bright_ti4": "337.79", "scan": "0.48", "track": "0.65", "acq_date": "2026-09-30", "acq_time": "300", "satellite": "N21", "instrument": "VIIRS", "confidence": "n", "version": "2.0NRT", "bright_ti5": "292.44", "frp": "10.92", "daynight": "D"}}, {"type": "Feature", "geometry": {"type": "Point", "coordinates": [151.01971, -8.50384]}, "properties": {"latitude": "-8.50384", "longitude": "151.01971", "bright_ti4": "327.23", "scan": "0.49", "track": "0.48", "acq_date": "2026-09-30", "acq_time": "300", "satellite": "N21", "instrument": "VIIRS", "confidence": "n", "version": "2.0NRT", "bright_ti5": "296.06", "frp": "5.05", "daynight": "D"}}, {"type": "Feature", "geometry": {"type": "Point", "coordinates": [151.09276, -8.45327]}, "properties": {"latitude": "-8.45327", "longitude": "151.09276", "bright_ti4": "348.39", "scan": "0.48", "track": "0.48", "acq_date": "2026-09-30", "acq_time": "300", "satellite": "N21", "instrument": "VIIRS", "confidence": "n", "version": "2.0NRT", "bright_ti5": "297.37", "frp": "17.39", "daynight": "D"}}, {"type": "Feature", "geometry": {"type": "Point", "coordinates": [151.07684, -8.43296]}, "properties": {"latitude": "-8.43296", "longitude": "151.07684", "bright_ti4": "334.15", "scan": "0.48", "track": "0.48", "acq_date": "2026-09-30", "acq_time": "300", "satellite": "N21", "instrument": "VIIRS", "confidence": "n", "version": "2.0NRT", "bright_ti5": "298.38", "frp": "8.01", "daynight": "D"}}, {"type": "Feature", "geometry": {"type": "Point", "coordinates": [151.07838, -8.43272]}, "properties": {"latitude": "-8.43272", "longitude": "151.07838", "bright_ti4": "338.41", "scan": "0.48", "track": "0.48", "acq_date": "2026-09-30", "acq_time": "300", "satellite": "N21", "instrument": "VIIRS", "confidence": "n", "version": "2.0NRT", "bright_ti5": "298.26", "frp": "9.34", "daynight": "D"}}, {"type": "Feature", "geometry": {"type": "Point", "coordinates": [151.07628, -8.42855]}, "properties": {"latitude": "-8.42855", "longitude": "151.07628", "bright_ti4": "346.55", "scan": "0.48", "track": "0.48", "acq_date": "2026-09-30", "acq_time": "300", "satellite": "N21", "instrument": "VIIRS", "confidence": "n", "version": "2.0NRT", "bright_ti5": "298.71", "frp": "9.38", "daynight": "D"}}, {"type": "Feature", "geometry": {"type": "Point", "coordinates": [151.07784, -8.4283]}, "properties": {"latitude": "-8.4283", "longitude": "151.07784", "bright_ti4": "341.13", "scan": "0.48", "track": "0.48", "acq_date": "2026-09-30", "acq_time": "300", "satellite": "N21", "instrument": "VIIRS", "confidence": "n", "version": "2.0NRT", "bright_ti5": "298.29", "frp": "11.2", "daynight": "D"}}, {"type": "Feature", "geometry": {"type": "Point", "coordinates": [147.02515, -8.328]}, "properties": {"latitude": "-8.328", "longitude": "147.02515", "bright_ti4": "339.65", "scan": "0.46", "track": "0.63", "acq_date": "2026-09-30", "acq_time": "300", "satellite": "N21", "instrument": "VIIRS", "confidence": "n", "version": "2.0NRT", "bright_ti5": "285.48", "frp": "6.29", "daynight": "D"}}, {"type": "Feature", "geometry": {"type": "Point", "coordinates": [146.40836, -6.76315]}, "properties": {"latitude": "-6.76315", "longitude": "146.40836", "bright_ti4": "334.62", "scan": "0.48", "track": "0.65", "acq_date": "2026-09-30", "acq_time": "302", "satellite": "N21", "instrument": "VIIRS", "confidence": "n", "version": "2.0NRT", "bright_ti5": "291.42", "frp": "9.55", "daynight": "D"}}, {"type": "Feature", "geometry": {"type": "Point", "coordinates": [146.74631, -6.65861]}, "properties": {"latitude": "-6.65861", "longitude": "146.74631", "bright_ti4": "328.92", "scan": "0.45", "track": "0.63", "acq_date": "2026-09-30", "acq_time": "302", "satellite": "N21", "instrument": "VIIRS", "confidence": "n", "version": "2.0NRT", "bright_ti5": "291.63", "frp": "3.21", "daynight": "D"}}, {"type": "Feature", "geometry": {"type": "Point", "coordinates": [145.89551, -6.64404]}, "properties": {"latitude": "-6.64404", "longitude": "145.89551", "bright_ti4": "334.44", "scan": "0.52", "track": "0.67", "acq_date": "2026-09-30", "acq_time": "302", "satellite": "N21", "instrument": "VIIRS", "confidence": "n", "version": "2.0NRT", "bright_ti5": "296.77", "frp": "9.78", "daynight": "D"}}, {"type": "Feature", "geometry": {"type": "Point", "coordinates": [146.46808, -6.62439]}, "properties": {"latitude": "-6.62439", "longitude": "146.46808", "bright_ti4": "345.23", "scan": "0.47", "track": "0.64", "acq_date": "2026-09-30", "acq_time": "302", "satellite": "N21", "instrument": "VIIRS", "confidence": "n", "version": "2.0NRT", "bright_ti5": "294.25", "frp": "8.79", "daynight": "D"}}, {"type": "Feature", "geometry": {"type": "Point", "coordinates": [146.73087, -6.61263]}, "properties": {"latitude": "-6.61263", "longitude": "146.73087", "bright_ti4": "328.54", "scan": "0.45", "track": "0.63", "acq_date": "2026-09-30", "acq_time": "302", "satellite": "N21", "instrument": "VIIRS", "confidence": "n", "version": "2.0NRT", "bright_ti5": "293.81", "frp": "9.47", "daynight": "D"}}, {"type": "Feature", "geometry": {"type": "Point", "coordinates": [146.44066, -6.57542]}, "properties": {"latitude": "-6.57542", "longitude": "146.44066", "bright_ti4": "335.89", "scan": "0.47", "track": "0.64", "acq_date": "2026-09-30", "acq_time": "302", "satellite": "N21", "instrument": "VIIRS", "confidence": "n", "version": "2.0NRT", "bright_ti5": "293.28", "frp": "6.11", "daynight": "D"}}, {"type": "Feature", "geometry": {"type": "Point", "coordinates": [146.74911, -6.55732]}, "properties": {"latitude": "-6.55732", "longitude": "146.74911", "bright_ti4": "334.97", "scan": "0.45", "track": "0.63", "acq_date": "2026-09-30", "acq_time": "302", "satellite": "N21", "instrument": "VIIRS", "confidence": "n", "version": "2.0NRT", "bright_ti5": "292.14", "frp": "4.89", "daynight": "D"}}, {"type": "Feature", "geometry": {"type": "Point", "coordinates": [146.74854, -6.55638]}, "properties": {"latitude": "-6.55638", "longitude": "146.74854", "bright_ti4": "328.83", "scan": "0.45", "track": "0.63", "acq_date": "2026-09-30", "acq_time": "302", "satellite": "N21", "instrument": "VIIRS", "confidence": "n", "version": "2.0NRT", "bright_ti5": "291.78", "frp": "3.68", "daynight": "D"}}, {"type": "Feature", "geometry": {"type": "Point", "coordinates": [146.74353, -6.51011]}, "properties": {"latitude": "-6.51011", "longitude": "146.74353", "bright_ti4": "353.77", "scan": "0.45", "track": "0.63", "acq_date": "2026-09-30", "acq_time": "302", "satellite": "N21", "instrument": "VIIRS", "confidence": "n", "version": "2.0NRT", "bright_ti5": "291.91", "frp": "7.18", "daynight": "D"}}, {"type": "Feature", "geometry": {"type": "Point", "coordinates": [146.55449, -6.48844]}, "properties": {"latitude": "-6.48844", "longitude": "146.55449", "bright_ti4": "336.81", "scan": "0.46", "track": "0.64", "acq_date": "2026-09-30", "acq_time": "302", "satellite": "N21", "instrument": "VIIRS", "confidence": "n", "version": "2.0NRT", "bright_ti5": "294.54", "frp": "5.42", "daynight": "D"}}, {"type": "Feature", "geometry": {"type": "Point", "coordinates": [146.55565, -6.48835]}, "properties": {"latitude": "-6.48835", "longitude": "146.55565", "bright_ti4": "328.65", "scan": "0.46", "track": "0.64", "acq_date": "2026-09-30", "acq_time": "302", "satellite": "N21", "instrument": "VIIRS", "confidence": "n", "version": "2.0NRT", "bright_ti5": "294.91", "frp": "6.61", "daynight": "D"}}, {"type": "Feature", "geometry": {"type": "Point", "coordinates": [146.44762, -6.40792]}, "properties": {"latitude": "-6.40792", "longitude": "146.44762", "bright_ti4": "345.16", "scan": "0.47", "track": "0.64", "acq_date": "2026-09-30", "acq_time": "302", "satellite": "N21", "instrument": "VIIRS", "confidence": "n", "version": "2.0NRT", "bright_ti5": "291.46", "frp": "6.89", "daynight": "D"}}, {"type": "Feature", "geometry": {"type": "Point", "coordinates": [147.82434, -6.38843]}, "properties": {"latitude": "-6.38843", "longitude": "147.82434", "bright_ti4": "345.42", "scan": "0.38", "track": "0.58", "acq_date": "2026-09-30", "acq_time": "302", "satellite": "N21", "instrument": "VIIRS", "confidence": "n", "version": "2.0NRT", "bright_ti5": "290.79", "frp": "5.65", "daynight": "D"}}, {"type": "Feature", "geometry": {"type": "Point", "coordinates": [145.99959, -6.34078]}, "properties": {"latitude": "-6.34078", "longitude": "145.99959", "bright_ti4": "354.2", "scan": "0.51", "track": "0.66", "acq_date": "2026-09-30", "acq_time": "302", "satellite": "N21", "instrument": "VIIRS", "confidence": "n", "version": "2.0NRT", "bright_ti5": "292.82", "frp": "12.13", "daynight": "D"}}, {"type": "Feature", "geometry": {"type": "Point", "coordinates": [145.99907, -6.33706]}, "properties": {"latitude": "-6.33706", "longitude": "145.99907", "bright_ti4": "352.76", "scan": "0.51", "track": "0.66", "acq_date": "2026-09-30", "acq_time": "302", "satellite": "N21", "instrument": "VIIRS", "confidence": "n", "version": "2.0NRT", "bright_ti5": "292.28", "frp": "9.92", "daynight": "D"}}, {"type": "Feature", "geometry": {"type": "Point", "coordinates": [147.71384, -6.28573]}, "properties": {"latitude": "-6.28573", "longitude": "147.71384", "bright_ti4": "332.4", "scan": "0.38", "track": "0.59", "acq_date": "2026-09-30", "acq_time": "302", "satellite": "N21", "instrument": "VIIRS", "confidence": "n", "version": "2.0NRT", "bright_ti5": "295.42", "frp": "3.15", "daynight": "D"}}, {"type": "Feature", "geometry": {"type": "Point", "coordinates": [147.71191, -6.28052]}, "properties": {"latitude": "-6.28052", "longitude": "147.71191", "bright_ti4": "329.13", "scan": "0.38", "track": "0.59", "acq_date": "2026-09-30", "acq_time": "302", "satellite": "N21", "instrument": "VIIRS", "confidence": "n", "version": "2.0NRT", "bright_ti5": "294.98", "frp": "2.8", "daynight": "D"}}, {"type": "Feature", "geometry": {"type": "Point", "coordinates": [146.49733, -6.27698]}, "properties": {"latitude": "-6.27698", "longitude": "146.49733", "bright_ti4": "331.08", "scan": "0.46", "track": "0.64", "acq_date": "2026-09-30", "acq_time": "302", "satellite": "N21", "instrument": "VIIRS", "confidence": "n", "version": "2.0NRT", "bright_ti5": "294.05", "frp": "7.06", "daynight": "D"}}, {"type": "Feature", "geometry": {"type": "Point", "coordinates": [146.82042, -6.15573]}, "properties": {"latitude": "-6.15573", "longitude": "146.82042", "bright_ti4": "339.65", "scan": "0.44", "track": "0.62", "acq_date": "2026-09-30", "acq_time": "302", "satellite": "N21", "instrument": "VIIRS", "confidence": "n", "version": "2.0NRT", "bright_ti5": "289.15", "frp": "5.73", "daynight": "D"}}, {"type": "Feature", "geometry": {"type": "Point", "coordinates": [146.88033, -6.14754]}, "properties": {"latitude": "-6.14754", "longitude": "146.88033", "bright_ti4": "343.71", "scan": "0.44", "track": "0.62", "acq_date": "2026-09-30", "acq_time": "302", "satellite": "N21", "instrument": "VIIRS", "confidence": "n", "version": "2.0NRT", "bright_ti5": "289.62", "frp": "6.93", "daynight": "D"}}, {"type": "Feature", "geometry": {"type": "Point", "coordinates": [146.18347, -6.1138]}, "properties": {"latitude": "-6.1138", "longitude": "146.18347", "bright_ti4": "331.61", "scan": "0.49", "track": "0.65", "acq_date": "2026-09-30", "acq_time": "302", "satellite": "N21", "instrument": "VIIRS", "confidence": "n", "version": "2.0NRT", "bright_ti5": "290.6", "frp": "3.85", "daynight": "D"}}, {"type": "Feature", "geometry": {"type": "Point", "coordinates": [147.55084, -6.09983]}, "properties": {"latitude": "-6.09983", "longitude": "147.55084", "bright_ti4": "343.4", "scan": "0.39", "track": "0.59", "acq_date": "2026-09-30", "acq_time": "302", "satellite": "N21", "instrument": "VIIRS", "confidence": "n", "version": "2.0NRT", "bright_ti5": "292.46", "frp": "3.74", "daynight": "D"}}, {"type": "Feature", "geometry": {"type": "Point", "coordinates": [147.50531, -6.06741]}, "properties": {"latitude": "-6.06741", "longitude": "147.50531", "bright_ti4": "330.85", "scan": "0.39", "track": "0.59", "acq_date": "2026-09-30", "acq_time": "302", "satellite": "N21", "instrument": "VIIRS", "confidence": "n", "version": "2.0NRT", "bright_ti5": "295", "frp": "2.38", "daynight": "D"}}, {"type": "Feature", "geometry": {"type": "Point", "coordinates": [146.69876, -6.05979]}, "properties": {"latitude": "-6.05979", "longitude": "146.69876", "bright_ti4": "367", "scan": "0.45", "track": "0.63", "acq_date": "2026-09-30", "acq_time": "302", "satellite": "N21", "instrument": "VIIRS", "confidence": "h", "version": "2.0NRT", "bright_ti5": "291.09", "frp": "12.09", "daynight": "D"}}, {"type": "Feature", "geometry": {"type": "Point", "coordinates": [146.70314, -6.0592]}, "properties": {"latitude": "-6.0592", "longitude": "146.70314", "bright_ti4": "335.25", "scan": "0.45", "track": "0.63", "acq_date": "2026-09-30", "acq_time": "302", "satellite": "N21", "instrument": "VIIRS", "confidence": "n", "version": "2.0NRT", "bright_ti5": "288", "frp": "12.09", "daynight": "D"}}, {"type": "Feature", "geometry": {"type": "Point", "coordinates": [146.75296, -6.00584]}, "properties": {"latitude": "-6.00584", "longitude": "146.75296", "bright_ti4": "343.94", "scan": "0.44", "track": "0.63", "acq_date": "2026-09-30", "acq_time": "302", "satellite": "N21", "instrument": "VIIRS", "confidence": "n", "version": "2.0NRT", "bright_ti5": "292.28", "frp": "7.56", "daynight": "D"}}, {"type": "Feature", "geometry": {"type": "Point", "coordinates": [146.75334, -6.00366]}, "properties": {"latitude": "-6.00366", "longitude": "146.75334", "bright_ti4": "354.38", "scan": "0.44", "track": "0.63", "acq_date": "2026-09-30", "acq_time": "302", "satellite": "N21", "instrument": "VIIRS", "confidence": "n", "version": "2.0NRT", "bright_ti5": "291.82", "frp": "7.94", "daynight": "D"}}, {"type": "Feature", "geometry": {"type": "Point", "coordinates": [147.37827, -5.98917]}, "properties": {"latitude": "-5.98917", "longitude": "147.37827", "bright_ti4": "331.03", "scan": "0.4", "track": "0.6", "acq_date": "2026-09-30", "acq_time": "302", "satellite": "N21", "instrument": "VIIRS", "confidence": "n", "version": "2.0NRT", "bright_ti5": "296.55", "frp": "5.5", "daynight": "D"}}, {"type": "Feature", "geometry": {"type": "Point", "coordinates": [147.36021, -5.98608]}, "properties": {"latitude": "-5.98608", "longitude": "147.36021", "bright_ti4": "333.41", "scan": "0.4", "track": "0.6", "acq_date": "2026-09-30", "acq_time": "302", "satellite": "N21", "instrument": "VIIRS", "confidence": "n", "version": "2.0NRT", "bright_ti5": "293.17", "frp": "4.06", "daynight": "D"}}, {"type": "Feature", "geometry": {"type": "Point", "coordinates": [145.72975, -5.98431]}, "properties": {"latitude": "-5.98431", "longitude": "145.72975", "bright_ti4": "367", "scan": "0.52", "track": "0.67", "acq_date": "2026-09-30", "acq_time": "302", "satellite": "N21", "instrument": "VIIRS", "confidence": "h", "version": "2.0NRT", "bright_ti5": "292.68", "frp": "17.29", "daynight": "D"}}, {"type": "Feature", "geometry": {"type": "Point", "coordinates": [147.29132, -5.97315]}, "properties": {"latitude": "-5.97315", "longitude": "147.29132", "bright_ti4": "335.71", "scan": "0.4", "track": "0.6", "acq_date": "2026-09-30", "acq_time": "302", "satellite": "N21", "instrument": "VIIRS", "confidence": "n", "version": "2.0NRT", "bright_ti5": "293.33", "frp": "10.64", "daynight": "D"}}, {"type": "Feature", "geometry": {"type": "Point", "coordinates": [147.29491, -5.97266]}, "properties": {"latitude": "-5.97266", "longitude": "147.29491", "bright_ti4": "351.09", "scan": "0.4", "track": "0.6", "acq_date": "2026-09-30", "acq_time": "302", "satellite": "N21", "instrument": "VIIRS", "confidence": "n", "version": "2.0NRT", "bright_ti5": "294.13", "frp": "10.64", "daynight": "D"}}, {"type": "Feature", "geometry": {"type": "Point", "coordinates": [147.29828, -5.9722]}, "properties": {"latitude": "-5.9722", "longitude": "147.29828", "bright_ti4": "367", "scan": "0.4", "track": "0.6", "acq_date": "2026-09-30", "acq_time": "302", "satellite": "N21", "instrument": "VIIRS", "confidence": "h", "version": "2.0NRT", "bright_ti5": "295.29", "frp": "16.11", "daynight": "D"}}, {"type": "Feature", "geometry": {"type": "Point", "coordinates": [146.88466, -5.87831]}, "properties": {"latitude": "-5.87831", "longitude": "146.88466", "bright_ti4": "343.44", "scan": "0.43", "track": "0.62", "acq_date": "2026-09-30", "acq_time": "302", "satellite": "N21", "instrument": "VIIRS", "confidence": "n", "version": "2.0NRT", "bright_ti5": "292.4", "frp": "9.3", "daynight": "D"}}, {"type": "Feature", "geometry": {"type": "Point", "coordinates": [145.86452, -5.83476]}, "properties": {"latitude": "-5.83476", "longitude": "145.86452", "bright_ti4": "340.07", "scan": "0.51", "track": "0.66", "acq_date": "2026-09-30", "acq_time": "302", "satellite": "N21", "instrument": "VIIRS", "confidence": "n", "version": "2.0NRT", "bright_ti5": "290.9", "frp": "6.4", "daynight": "D"}}, {"type": "Feature", "geometry": {"type": "Point", "coordinates": [149.48813, -5.82885]}, "properties": {"latitude": "-5.82885", "longitude": "149.48813", "bright_ti4": "332", "scan": "0.57", "track": "0.52", "acq_date": "2026-09-30", "acq_time": "302", "satellite": "N21", "instrument": "VIIRS", "confidence": "n", "version": "2.0NRT", "bright_ti5": "295.34", "frp": "5.98", "daynight": "D"}}, {"type": "Feature", "geometry": {"type": "Point", "coordinates": [145.62791, -5.80402]}, "properties": {"latitude": "-5.80402", "longitude": "145.62791", "bright_ti4": "331.53", "scan": "0.53", "track": "0.67", "acq_date": "2026-09-30", "acq_time": "302", "satellite": "N21", "instrument": "VIIRS", "confidence": "n", "version": "2.0NRT", "bright_ti5": "294.92", "frp": "2.37", "daynight": "D"}}, {"type": "Feature", "geometry": {"type": "Point", "coordinates": [149.48094, -5.77193]}, "properties": {"latitude": "-5.77193", "longitude": "149.48094", "bright_ti4": "332.47", "scan": "0.57", "track": "0.52", "acq_date": "2026-09-30", "acq_time": "302", "satellite": "N21", "instrument": "VIIRS", "confidence": "n", "version": "2.0NRT", "bright_ti5": "295.64", "frp": "9.52", "daynight": "D"}}, {"type": "Feature", "geometry": {"type": "Point", "coordinates": [149.16101, -5.73383]}, "properties": {"latitude": "-5.73383", "longitude": "149.16101", "bright_ti4": "333.96", "scan": "0.59", "track": "0.53", "acq_date": "2026-09-30", "acq_time": "302", "satellite": "N21", "instrument": "VIIRS", "confidence": "n", "version": "2.0NRT", "bright_ti5": "295.86", "frp": "8.36", "daynight": "D"}}, {"type": "Feature", "geometry": {"type": "Point", "coordinates": [149.30051, -5.7336]}, "properties": {"latitude": "-5.7336", "longitude": "149.30051", "bright_ti4": "334.32", "scan": "0.58", "track": "0.52", "acq_date": "2026-09-30", "acq_time": "302", "satellite": "N21", "instrument": "VIIRS", "confidence": "n", "version": "2.0NRT", "bright_ti5": "294.76", "frp": "8.7", "daynight": "D"}}, {"type": "Feature", "geometry": {"type": "Point", "coordinates": [149.19806, -5.72858]}, "properties": {"latitude": "-5.72858", "longitude": "149.19806", "bright_ti4": "334.39", "scan": "0.59", "track": "0.53", "acq_date": "2026-09-30", "acq_time": "302", "satellite": "N21", "instrument": "VIIRS", "confidence": "n", "version": "2.0NRT", "bright_ti5": "295.23", "frp": "5.86", "daynight": "D"}}, {"type": "Feature", "geometry": {"type": "Point", "coordinates": [149.59315, -5.69165]}, "properties": {"latitude": "-5.69165", "longitude": "149.59315", "bright_ti4": "331.85", "scan": "0.55", "track": "0.51", "acq_date": "2026-09-30", "acq_time": "302", "satellite": "N21", "instrument": "VIIRS", "confidence": "n", "version": "2.0NRT", "bright_ti5": "295.82", "frp": "7.19", "daynight": "D"}}, {"type": "Feature", "geometry": {"type": "Point", "coordinates": [149.10081, -5.68908]}, "properties": {"latitude": "-5.68908", "longitude": "149.10081", "bright_ti4": "327.68", "scan": "0.6", "track": "0.53", "acq_date": "2026-09-30", "acq_time": "302", "satellite": "N21", "instrument": "VIIRS", "confidence": "n", "version": "2.0NRT", "bright_ti5": "293.87", "frp": "2.97", "daynight": "D"}}, {"type": "Feature", "geometry": {"type": "Point", "coordinates": [150.14903, -5.68717]}, "properties": {"latitude": "-5.68717", "longitude": "150.14903", "bright_ti4": "334.26", "scan": "0.51", "track": "0.49", "acq_date": "2026-09-30", "acq_time": "302", "satellite": "N21", "instrument": "VIIRS", "confidence": "n", "version": "2.0NRT", "bright_ti5": "294.14", "frp": "6.57", "daynight": "D"}}, {"type": "Feature", "geometry": {"type": "Point", "coordinates": [150.15776, -5.68594]}, "properties": {"latitude": "-5.68594", "longitude": "150.15776", "bright_ti4": "326.78", "scan": "0.51", "track": "0.49", "acq_date": "2026-09-30", "acq_time": "302", "satellite": "N21", "instrument": "VIIRS", "confidence": "n", "version": "2.0NRT", "bright_ti5": "294.74", "frp": "3.29", "daynight": "D"}}, {"type": "Feature", "geometry": {"type": "Point", "coordinates": [150.2074, -5.68348]}, "properties": {"latitude": "-5.68348", "longitude": "150.2074", "bright_ti4": "327.79", "scan": "0.5", "track": "0.49", "acq_date": "2026-09-30", "acq_time": "302", "satellite": "N21", "instrument": "VIIRS", "confidence": "n", "version": "2.0NRT", "bright_ti5": "293.43", "frp": "3.03", "daynight": "D"}}, {"type": "Feature", "geometry": {"type": "Point", "coordinates": [150.15703, -5.68144]}, "properties": {"latitude": "-5.68144", "longitude": "150.15703", "bright_ti4": "341.17", "scan": "0.51", "track": "0.49", "acq_date": "2026-09-30", "acq_time": "302", "satellite": "N21", "instrument": "VIIRS", "confidence": "n", "version": "2.0NRT", "bright_ti5": "296.16", "frp": "6.94", "daynight": "D"}}, {"type": "Feature", "geometry": {"type": "Point", "coordinates": [150.22246, -5.66302]}, "properties": {"latitude": "-5.66302", "longitude": "150.22246", "bright_ti4": "333.07", "scan": "0.5", "track": "0.49", "acq_date": "2026-09-30", "acq_time": "302", "satellite": "N21", "instrument": "VIIRS", "confidence": "n", "version": "2.0NRT", "bright_ti5": "295.85", "frp": "7.24", "daynight": "D"}}, {"type": "Feature", "geometry": {"type": "Point", "coordinates": [150.34068, -5.65996]}, "properties": {"latitude": "-5.65996", "longitude": "150.34068", "bright_ti4": "332.92", "scan": "0.49", "track": "0.49", "acq_date": "2026-09-30", "acq_time": "302", "satellite": "N21", "instrument": "VIIRS", "confidence": "n", "version": "2.0NRT", "bright_ti5": "292.99", "frp": "5.79", "daynight": "D"}}, {"type": "Feature", "geometry": {"type": "Point", "coordinates": [150.22168, -5.65855]}, "properties": {"latitude": "-5.65855", "longitude": "150.22168", "bright_ti4": "339.46", "scan": "0.5", "track": "0.49", "acq_date": "2026-09-30", "acq_time": "302", "satellite": "N21", "instrument": "VIIRS", "confidence": "n", "version": "2.0NRT", "bright_ti5": "295.08", "frp": "7.24", "daynight": "D"}}, {"type": "Feature", "geometry": {"type": "Point", "coordinates": [150.2811, -5.65475]}, "properties": {"latitude": "-5.65475", "longitude": "150.2811", "bright_ti4": "333.94", "scan": "0.5", "track": "0.49", "acq_date": "2026-09-30", "acq_time": "302", "satellite": "N21", "instrument": "VIIRS", "confidence": "n", "version": "2.0NRT", "bright_ti5": "294.13", "frp": "4.48", "daynight": "D"}}, {"type": "Feature", "geometry": {"type": "Point", "coordinates": [145.49359, -5.65354]}, "properties": {"latitude": "-5.65354", "longitude": "145.49359", "bright_ti4": "339.24", "scan": "0.53", "track": "0.67", "acq_date": "2026-09-30", "acq_time": "302", "satellite": "N21", "instrument": "VIIRS", "confidence": "n", "version": "2.0NRT", "bright_ti5": "294.63", "frp": "5.77", "daynight": "D"}}, {"type": "Feature", "geometry": {"type": "Point", "coordinates": [145.49298, -5.65313]}, "properties": {"latitude": "-5.65313", "longitude": "145.49298", "bright_ti4": "331.54", "scan": "0.54", "track": "0.67", "acq_date": "2026-09-30", "acq_time": "302", "satellite": "N21", "instrument": "VIIRS", "confidence": "n", "version": "2.0NRT", "bright_ti5": "294.06", "frp": "5.39", "daynight": "D"}}, {"type": "Feature", "geometry": {"type": "Point", "coordinates": [149.59778, -5.65273]}, "properties": {"latitude": "-5.65273", "longitude": "149.59778", "bright_ti4": "331.49", "scan": "0.55", "track": "0.51", "acq_date": "2026-09-30", "acq_time": "302", "satellite": "N21", "instrument": "VIIRS", "confidence": "n", "version": "2.0NRT", "bright_ti5": "299.26", "frp": "6.57", "daynight": "D"}}, {"type": "Feature", "geometry": {"type": "Point", "coordinates": [149.6021, -5.64735]}, "properties": {"latitude": "-5.64735", "longitude": "149.6021", "bright_ti4": "340.25", "scan": "0.55", "track": "0.51", "acq_date": "2026-09-30", "acq_time": "302", "satellite": "N21", "instrument": "VIIRS", "confidence": "n", "version": "2.0NRT", "bright_ti5": "299.72", "frp": "6.57", "daynight": "D"}}, {"type": "Feature", "geometry": {"type": "Point", "coordinates": [149.60707, -5.64665]}, "properties": {"latitude": "-5.64665", "longitude": "149.60707", "bright_ti4": "328.45", "scan": "0.55", "track": "0.51", "acq_date": "2026-09-30", "acq_time": "302", "satellite": "N21", "instrument": "VIIRS", "confidence": "n", "version": "2.0NRT", "bright_ti5": "297.33", "frp": "7.92", "daynight": "D"}}, {"type": "Feature", "geometry": {"type": "Point", "coordinates": [149.59648, -5.64335]}, "properties": {"latitude": "-5.64335", "longitude": "149.59648", "bright_ti4": "326.8", "scan": "0.55", "track": "0.51", "acq_date": "2026-09-30", "acq_time": "302", "satellite": "N21", "instrument": "VIIRS", "confidence": "n", "version": "2.0NRT", "bright_ti5": "297.99", "frp": "10.72", "daynight": "D"}}, {"type": "Feature", "geometry": {"type": "Point", "coordinates": [149.60144, -5.64266]}, "properties": {"latitude": "-5.64266", "longitude": "149.60144", "bright_ti4": "367", "scan": "0.55", "track": "0.51", "acq_date": "2026-09-30", "acq_time": "302", "satellite": "N21", "instrument": "VIIRS", "confidence": "h", "version": "2.0NRT", "bright_ti5": "300.34", "frp": "10.72", "daynight": "D"}}, {"type": "Feature", "geometry": {"type": "Point", "coordinates": [149.884, -5.64044]}, "properties": {"latitude": "-5.64044", "longitude": "149.884", "bright_ti4": "338.25", "scan": "0.53", "track": "0.5", "acq_date": "2026-09-30", "acq_time": "302", "satellite": "N21", "instrument": "VIIRS", "confidence": "n", "version": "2.0NRT", "bright_ti5": "295.94", "frp": "5.47", "daynight": "D"}}, {"type": "Feature", "geometry": {"type": "Point", "coordinates": [149.31609, -5.63823]}, "properties": {"latitude": "-5.63823", "longitude": "149.31609", "bright_ti4": "331.08", "scan": "0.58", "track": "0.52", "acq_date": "2026-09-30", "acq_time": "302", "satellite": "N21", "instrument": "VIIRS", "confidence": "n", "version": "2.0NRT", "bright_ti5": "294.36", "frp": "8.29", "daynight": "D"}}, {"type": "Feature", "geometry": {"type": "Point", "coordinates": [150.00647, -5.63682]}, "properties": {"latitude": "-5.63682", "longitude": "150.00647", "bright_ti4": "330.52", "scan": "0.52", "track": "0.5", "acq_date": "2026-09-30", "acq_time": "302", "satellite": "N21", "instrument": "VIIRS", "confidence": "n", "version": "2.0NRT", "bright_ti5": "296.16", "frp": "4.37", "daynight": "D"}}, {"type": "Feature", "geometry": {"type": "Point", "coordinates": [150.14197, -5.63563]}, "properties": {"latitude": "-5.63563", "longitude": "150.14197", "bright_ti4": "338.4", "scan": "0.51", "track": "0.49", "acq_date": "2026-09-30", "acq_time": "302", "satellite": "N21", "instrument": "VIIRS", "confidence": "n", "version": "2.0NRT", "bright_ti5": "294.09", "frp": "6.94", "daynight": "D"}}, {"type": "Feature", "geometry": {"type": "Point", "coordinates": [149.61008, -5.6319]}, "properties": {"latitude": "-5.6319", "longitude": "149.61008", "bright_ti4": "327.39", "scan": "0.55", "track": "0.51", "acq_date": "2026-09-30", "acq_time": "302", "satellite": "N21", "instrument": "VIIRS", "confidence": "n", "version": "2.0NRT", "bright_ti5": "295.73", "frp": "5.33", "daynight": "D"}}, {"type": "Feature", "geometry": {"type": "Point", "coordinates": [150.14137, -5.63111]}, "properties": {"latitude": "-5.63111", "longitude": "150.14137", "bright_ti4": "334.09", "scan": "0.51", "track": "0.49", "acq_date": "2026-09-30", "acq_time": "302", "satellite": "N21", "instrument": "VIIRS", "confidence": "n", "version": "2.0NRT", "bright_ti5": "293.24", "frp": "4.48", "daynight": "D"}}, {"type": "Feature", "geometry": {"type": "Point", "coordinates": [149.61238, -5.62877]}, "properties": {"latitude": "-5.62877", "longitude": "149.61238", "bright_ti4": "329.46", "scan": "0.55", "track": "0.51", "acq_date": "2026-09-30", "acq_time": "302", "satellite": "N21", "instrument": "VIIRS", "confidence": "n", "version": "2.0NRT", "bright_ti5": "298.49", "frp": "8.89", "daynight": "D"}}, {"type": "Feature", "geometry": {"type": "Point", "coordinates": [149.60941, -5.62722]}, "properties": {"latitude": "-5.62722", "longitude": "149.60941", "bright_ti4": "333.86", "scan": "0.55", "track": "0.51", "acq_date": "2026-09-30", "acq_time": "302", "satellite": "N21", "instrument": "VIIRS", "confidence": "n", "version": "2.0NRT", "bright_ti5": "299.37", "frp": "5.33", "daynight": "D"}}, {"type": "Feature", "geometry": {"type": "Point", "coordinates": [149.61171, -5.62409]}, "properties": {"latitude": "-5.62409", "longitude": "149.61171", "bright_ti4": "328.78", "scan": "0.55", "track": "0.51", "acq_date": "2026-09-30", "acq_time": "302", "satellite": "N21", "instrument": "VIIRS", "confidence": "n", "version": "2.0NRT", "bright_ti5": "298.13", "frp": "8.89", "daynight": "D"}}, {"type": "Feature", "geometry": {"type": "Point", "coordinates": [149.60873, -5.62254]}, "properties": {"latitude": "-5.62254", "longitude": "149.60873", "bright_ti4": "326.71", "scan": "0.55", "track": "0.51", "acq_date": "2026-09-30", "acq_time": "302", "satellite": "N21", "instrument": "VIIRS", "confidence": "n", "version": "2.0NRT", "bright_ti5": "296.7", "frp": "5.56", "daynight": "D"}}, {"type": "Feature", "geometry": {"type": "Point", "coordinates": [149.88354, -5.60304]}, "properties": {"latitude": "-5.60304", "longitude": "149.88354", "bright_ti4": "337.45", "scan": "0.53", "track": "0.5", "acq_date": "2026-09-30", "acq_time": "302", "satellite": "N21", "instrument": "VIIRS", "confidence": "n", "version": "2.0NRT", "bright_ti5": "296.17", "frp": "7.52", "daynight": "D"}}, {"type": "Feature", "geometry": {"type": "Point", "coordinates": [149.98697, -5.60243]}, "properties": {"latitude": "-5.60243", "longitude": "149.98697", "bright_ti4": "327.43", "scan": "0.52", "track": "0.5", "acq_date": "2026-09-30", "acq_time": "302", "satellite": "N21", "instrument": "VIIRS", "confidence": "n", "version": "2.0NRT", "bright_ti5": "295.23", "frp": "7.26", "daynight": "D"}}, {"type": "Feature", "geometry": {"type": "Point", "coordinates": [149.93896, -5.5999]}, "properties": {"latitude": "-5.5999", "longitude": "149.93896", "bright_ti4": "343.08", "scan": "0.52", "track": "0.5", "acq_date": "2026-09-30", "acq_time": "302", "satellite": "N21", "instrument": "VIIRS", "confidence": "n", "version": "2.0NRT", "bright_ti5": "298.03", "frp": "14.23", "daynight": "D"}}, {"type": "Feature", "geometry": {"type": "Point", "coordinates": [149.94359, -5.59925]}, "properties": {"latitude": "-5.59925", "longitude": "149.94359", "bright_ti4": "343.18", "scan": "0.52", "track": "0.5", "acq_date": "2026-09-30", "acq_time": "302", "satellite": "N21", "instrument": "VIIRS", "confidence": "n", "version": "2.0NRT", "bright_ti5": "301.46", "frp": "15.76", "daynight": "D"}}, {"type": "Feature", "geometry": {"type": "Point", "coordinates": [149.88725, -5.59783]}, "properties": {"latitude": "-5.59783", "longitude": "149.88725", "bright_ti4": "337.36", "scan": "0.53", "track": "0.5", "acq_date": "2026-09-30", "acq_time": "302", "satellite": "N21", "instrument": "VIIRS", "confidence": "n", "version": "2.0NRT", "bright_ti5": "296.37", "frp": "7.3", "daynight": "D"}}, {"type": "Feature", "geometry": {"type": "Point", "coordinates": [149.87218, -5.59527]}, "properties": {"latitude": "-5.59527", "longitude": "149.87218", "bright_ti4": "331.99", "scan": "0.53", "track": "0.5", "acq_date": "2026-09-30", "acq_time": "302", "satellite": "N21", "instrument": "VIIRS", "confidence": "n", "version": "2.0NRT", "bright_ti5": "296.31", "frp": "3.34", "daynight": "D"}}, {"type": "Feature", "geometry": {"type": "Point", "coordinates": [149.94292, -5.59468]}, "properties": {"latitude": "-5.59468", "longitude": "149.94292", "bright_ti4": "333.39", "scan": "0.52", "track": "0.5", "acq_date": "2026-09-30", "acq_time": "302", "satellite": "N21", "instrument": "VIIRS", "confidence": "n", "version": "2.0NRT", "bright_ti5": "299.29", "frp": "10.95", "daynight": "D"}}, {"type": "Feature", "geometry": {"type": "Point", "coordinates": [149.96164, -5.59205]}, "properties": {"latitude": "-5.59205", "longitude": "149.96164", "bright_ti4": "328.05", "scan": "0.52", "track": "0.5", "acq_date": "2026-09-30", "acq_time": "302", "satellite": "N21", "instrument": "VIIRS", "confidence": "n", "version": "2.0NRT", "bright_ti5": "296.96", "frp": "5.3", "daynight": "D"}}, {"type": "Feature", "geometry": {"type": "Point", "coordinates": [149.94159, -5.58554]}, "properties": {"latitude": "-5.58554", "longitude": "149.94159", "bright_ti4": "327.54", "scan": "0.52", "track": "0.5", "acq_date": "2026-09-30", "acq_time": "302", "satellite": "N21", "instrument": "VIIRS", "confidence": "l", "version": "2.0NRT", "bright_ti5": "299.25", "frp": "4.58", "daynight": "D"}}, {"type": "Feature", "geometry": {"type": "Point", "coordinates": [149.94627, -5.58489]}, "properties": {"latitude": "-5.58489", "longitude": "149.94627", "bright_ti4": "326.32", "scan": "0.52", "track": "0.5", "acq_date": "2026-09-30", "acq_time": "302", "satellite": "N21", "instrument": "VIIRS", "confidence": "l", "version": "2.0NRT", "bright_ti5": "299.9", "frp": "4.58", "daynight": "D"}}, {"type": "Feature", "geometry": {"type": "Point", "coordinates": [149.85612, -5.58344]}, "properties": {"latitude": "-5.58344", "longitude": "149.85612", "bright_ti4": "334.15", "scan": "0.53", "track": "0.5", "acq_date": "2026-09-30", "acq_time": "302", "satellite": "N21", "instrument": "VIIRS", "confidence": "n", "version": "2.0NRT", "bright_ti5": "295.94", "frp": "7.56", "daynight": "D"}}, {"type": "Feature", "geometry": {"type": "Point", "coordinates": [149.85826, -5.58313]}, "properties": {"latitude": "-5.58313", "longitude": "149.85826", "bright_ti4": "333.79", "scan": "0.53", "track": "0.5", "acq_date": "2026-09-30", "acq_time": "302", "satellite": "N21", "instrument": "VIIRS", "confidence": "n", "version": "2.0NRT", "bright_ti5": "296.07", "frp": "8.86", "daynight": "D"}}, {"type": "Feature", "geometry": {"type": "Point", "coordinates": [149.02998, -5.58182]}, "properties": {"latitude": "-5.58182", "longitude": "149.02998", "bright_ti4": "339.81", "scan": "0.6", "track": "0.53", "acq_date": "2026-09-30", "acq_time": "302", "satellite": "N21", "instrument": "VIIRS", "confidence": "n", "version": "2.0NRT", "bright_ti5": "295.44", "frp": "11.74", "daynight": "D"}}, {"type": "Feature", "geometry": {"type": "Point", "coordinates": [150.58011, -5.58124]}, "properties": {"latitude": "-5.58124", "longitude": "150.58011", "bright_ti4": "334.46", "scan": "0.47", "track": "0.48", "acq_date": "2026-09-30", "acq_time": "302", "satellite": "N21", "instrument": "VIIRS", "confidence": "n", "version": "2.0NRT", "bright_ti5": "292.32", "frp": "5.51", "daynight": "D"}}, {"type": "Feature", "geometry": {"type": "Point", "coordinates": [149.0276, -5.58045]}, "properties": {"latitude": "-5.58045", "longitude": "149.0276", "bright_ti4": "339.98", "scan": "0.6", "track": "0.53", "acq_date": "2026-09-30", "acq_time": "302", "satellite": "N21", "instrument": "VIIRS", "confidence": "n", "version": "2.0NRT", "bright_ti5": "294.45", "frp": "18.14", "daynight": "D"}}, {"type": "Feature", "geometry": {"type": "Point", "coordinates": [150.58043, -5.58041]}, "properties": {"latitude": "-5.58041", "longitude": "150.58043", "bright_ti4": "328.76", "scan": "0.47", "track": "0.48", "acq_date": "2026-09-30", "acq_time": "302", "satellite": "N21", "instrument": "VIIRS", "confidence": "n", "version": "2.0NRT", "bright_ti5": "291.48", "frp": "5.65", "daynight": "D"}}, {"type": "Feature", "geometry": {"type": "Point", "coordinates": [147.88794, -5.58009]}, "properties": {"latitude": "-5.58009", "longitude": "147.88794", "bright_ti4": "329.59", "scan": "0.36", "track": "0.58", "acq_date": "2026-09-30", "acq_time": "302", "satellite": "N21", "instrument": "VIIRS", "confidence": "n", "version": "2.0NRT", "bright_ti5": "291.72", "frp": "3.92", "daynight": "D"}}, {"type": "Feature", "geometry": {"type": "Point", "coordinates": [149.94316, -5.56202]}, "properties": {"latitude": "-5.56202", "longitude": "149.94316", "bright_ti4": "327.48", "scan": "0.52", "track": "0.5", "acq_date": "2026-09-30", "acq_time": "302", "satellite": "N21", "instrument": "VIIRS", "confidence": "n", "version": "2.0NRT", "bright_ti5": "296.76", "frp": "4.83", "daynight": "D"}}, {"type": "Feature", "geometry": {"type": "Point", "coordinates": [149.94058, -5.56171]}, "properties": {"latitude": "-5.56171", "longitude": "149.94058", "bright_ti4": "329.31", "scan": "0.52", "track": "0.5", "acq_date": "2026-09-30", "acq_time": "302", "satellite": "N21", "instrument": "VIIRS", "confidence": "n", "version": "2.0NRT", "bright_ti5": "297.27", "frp": "3.09", "daynight": "D"}}, {"type": "Feature", "geometry": {"type": "Point", "coordinates": [150.08154, -5.5613]}, "properties": {"latitude": "-5.5613", "longitude": "150.08154", "bright_ti4": "329.87", "scan": "0.51", "track": "0.49", "acq_date": "2026-09-30", "acq_time": "302", "satellite": "N21", "instrument": "VIIRS", "confidence": "n", "version": "2.0NRT", "bright_ti5": "293.56", "frp": "4.84", "daynight": "D"}}, {"type": "Feature", "geometry": {"type": "Point", "coordinates": [148.75171, -5.55633]}, "properties": {"latitude": "-5.55633", "longitude": "148.75171", "bright_ti4": "338.39", "scan": "0.63", "track": "0.54", "acq_date": "2026-09-30", "acq_time": "302", "satellite": "N21", "instrument": "VIIRS", "confidence": "n", "version": "2.0NRT", "bright_ti5": "295.26", "frp": "7.52", "daynight": "D"}}, {"type": "Feature", "geometry": {"type": "Point", "coordinates": [148.57965, -5.54457]}, "properties": {"latitude": "-5.54457", "longitude": "148.57965", "bright_ti4": "331.62", "scan": "0.32", "track": "0.55", "acq_date": "2026-09-30", "acq_time": "302", "satellite": "N21", "instrument": "VIIRS", "confidence": "n", "version": "2.0NRT", "bright_ti5": "296.88", "frp": "3.91", "daynight": "D"}}, {"type": "Feature", "geometry": {"type": "Point", "coordinates": [148.5798, -5.5445]}, "properties": {"latitude": "-5.5445", "longitude": "148.5798", "bright_ti4": "330.77", "scan": "0.32", "track": "0.55", "acq_date": "2026-09-30", "acq_time": "302", "satellite": "N21", "instrument": "VIIRS", "confidence": "n", "version": "2.0NRT", "bright_ti5": "296.6", "frp": "2.1", "daynight": "D"}}, {"type": "Feature", "geometry": {"type": "Point", "coordinates": [150.46402, -5.54355]}, "properties": {"latitude": "-5.54355", "longitude": "150.46402", "bright_ti4": "328.5", "scan": "0.48", "track": "0.48", "acq_date": "2026-09-30", "acq_time": "302", "satellite": "N21", "instrument": "VIIRS", "confidence": "n", "version": "2.0NRT", "bright_ti5": "296.42", "frp": "4.41", "daynight": "D"}}, {"type": "Feature", "geometry": {"type": "Point", "coordinates": [149.87079, -5.53912]}, "properties": {"latitude": "-5.53912", "longitude": "149.87079", "bright_ti4": "328.75", "scan": "0.53", "track": "0.5", "acq_date": "2026-09-30", "acq_time": "302", "satellite": "N21", "instrument": "VIIRS", "confidence": "n", "version": "2.0NRT", "bright_ti5": "296.09", "frp": "4.51", "daynight": "D"}}, {"type": "Feature", "geometry": {"type": "Point", "coordinates": [150.45741, -5.53101]}, "properties": {"latitude": "-5.53101", "longitude": "150.45741", "bright_ti4": "340.65", "scan": "0.48", "track": "0.48", "acq_date": "2026-09-30", "acq_time": "302", "satellite": "N21", "instrument": "VIIRS", "confidence": "n", "version": "2.0NRT", "bright_ti5": "296.78", "frp": "4.51", "daynight": "D"}}, {"type": "Feature", "geometry": {"type": "Point", "coordinates": [150.46103, -5.526]}, "properties": {"latitude": "-5.526", "longitude": "150.46103", "bright_ti4": "329.87", "scan": "0.48", "track": "0.48", "acq_date": "2026-09-30", "acq_time": "302", "satellite": "N21", "instrument": "VIIRS", "confidence": "n", "version": "2.0NRT", "bright_ti5": "296.16", "frp": "4.51", "daynight": "D"}}, {"type": "Feature", "geometry": {"type": "Point", "coordinates": [150.49416, -5.51233]}, "properties": {"latitude": "-5.51233", "longitude": "150.49416", "bright_ti4": "328.1", "scan": "0.48", "track": "0.48", "acq_date": "2026-09-30", "acq_time": "302", "satellite": "N21", "instrument": "VIIRS", "confidence": "n", "version": "2.0NRT", "bright_ti5": "294", "frp": "3.78", "daynight": "D"}}, {"type": "Feature", "geometry": {"type": "Point", "coordinates": [148.44955, -5.51172]}, "properties": {"latitude": "-5.51172", "longitude": "148.44955", "bright_ti4": "327.54", "scan": "0.33", "track": "0.55", "acq_date": "2026-09-30", "acq_time": "302", "satellite": "N21", "instrument": "VIIRS", "confidence": "l", "version": "2.0NRT", "bright_ti5": "299.43", "frp": "4.18", "daynight": "D"}}, {"type": "Feature", "geometry": {"type": "Point", "coordinates": [150.46754, -5.5116]}, "properties": {"latitude": "-5.5116", "longitude": "150.46754", "bright_ti4": "328.78", "scan": "0.48", "track": "0.48", "acq_date": "2026-09-30", "acq_time": "302", "satellite": "N21", "instrument": "VIIRS", "confidence": "n", "version": "2.0NRT", "bright_ti5": "295.1", "frp": "3.14", "daynight": "D"}}, {"type": "Feature", "geometry": {"type": "Point", "coordinates": [150.88167, -5.5098]}, "properties": {"latitude": "-5.5098", "longitude": "150.88167", "bright_ti4": "328.16", "scan": "0.45", "track": "0.47", "acq_date": "2026-09-30", "acq_time": "302", "satellite": "N21", "instrument": "VIIRS", "confidence": "n", "version": "2.0NRT", "bright_ti5": "290.72", "frp": "3.77", "daynight": "D"}}, {"type": "Feature", "geometry": {"type": "Point", "coordinates": [150.44951, -5.50965]}, "properties": {"latitude": "-5.50965", "longitude": "150.44951", "bright_ti4": "333.72", "scan": "0.48", "track": "0.48", "acq_date": "2026-09-30", "acq_time": "302", "satellite": "N21", "instrument": "VIIRS", "confidence": "n", "version": "2.0NRT", "bright_ti5": "296.09", "frp": "5.43", "daynight": "D"}}, {"type": "Feature", "geometry": {"type": "Point", "coordinates": [150.45381, -5.50904]}, "properties": {"latitude": "-5.50904", "longitude": "150.45381", "bright_ti4": "330.12", "scan": "0.48", "track": "0.48", "acq_date": "2026-09-30", "acq_time": "302", "satellite": "N21", "instrument": "VIIRS", "confidence": "n", "version": "2.0NRT", "bright_ti5": "296.21", "frp": "4.79", "daynight": "D"}}, {"type": "Feature", "geometry": {"type": "Point", "coordinates": [144.15059, -5.50684]}, "properties": {"latitude": "-5.50684", "longitude": "144.15059", "bright_ti4": "339.08", "scan": "0.66", "track": "0.73", "acq_date": "2026-09-30", "acq_time": "302", "satellite": "N21", "instrument": "VIIRS", "confidence": "n", "version": "2.0NRT", "bright_ti5": "292.17", "frp": "8.27", "daynight": "D"}}, {"type": "Feature", "geometry": {"type": "Point", "coordinates": [144.14694, -5.5034]}, "properties": {"latitude": "-5.5034", "longitude": "144.14694", "bright_ti4": "336.43", "scan": "0.66", "track": "0.73", "acq_date": "2026-09-30", "acq_time": "302", "satellite": "N21", "instrument": "VIIRS", "confidence": "n", "version": "2.0NRT", "bright_ti5": "291.92", "frp": "9", "daynight": "D"}}, {"type": "Feature", "geometry": {"type": "Point", "coordinates": [143.94962, -5.49633]}, "properties": {"latitude": "-5.49633", "longitude": "143.94962", "bright_ti4": "328.95", "scan": "0.68", "track": "0.74", "acq_date": "2026-09-30", "acq_time": "302", "satellite": "N21", "instrument": "VIIRS", "confidence": "n", "version": "2.0NRT", "bright_ti5": "291.22", "frp": "6.38", "daynight": "D"}}, {"type": "Feature", "geometry": {"type": "Point", "coordinates": [150.43791, -5.49328]}, "properties": {"latitude": "-5.49328", "longitude": "150.43791", "bright_ti4": "337.87", "scan": "0.48", "track": "0.48", "acq_date": "2026-09-30", "acq_time": "302", "satellite": "N21", "instrument": "VIIRS", "confidence": "n", "version": "2.0NRT", "bright_ti5": "294.93", "frp": "4.15", "daynight": "D"}}, {"type": "Feature", "geometry": {"type": "Point", "coordinates": [150.43936, -5.49305]}, "properties": {"latitude": "-5.49305", "longitude": "150.43936", "bright_ti4": "337.92", "scan": "0.48", "track": "0.48", "acq_date": "2026-09-30", "acq_time": "302", "satellite": "N21", "instrument": "VIIRS", "confidence": "n", "version": "2.0NRT", "bright_ti5": "295.83", "frp": "5.92", "daynight": "D"}}, {"type": "Feature", "geometry": {"type": "Point", "coordinates": [150.08183, -5.49026]}, "properties": {"latitude": "-5.49026", "longitude": "150.08183", "bright_ti4": "327.46", "scan": "0.51", "track": "0.49", "acq_date": "2026-09-30", "acq_time": "302", "satellite": "N21", "instrument": "VIIRS", "confidence": "n", "version": "2.0NRT", "bright_ti5": "292.64", "frp": "4.11", "daynight": "D"}}, {"type": "Feature", "geometry": {"type": "Point", "coordinates": [150.43431, -5.48929]}, "properties": {"latitude": "-5.48929", "longitude": "150.43431", "bright_ti4": "340.94", "scan": "0.48", "track": "0.48", "acq_date": "2026-09-30", "acq_time": "302", "satellite": "N21", "instrument": "VIIRS", "confidence": "n", "version": "2.0NRT", "bright_ti5": "296.28", "frp": "18.16", "daynight": "D"}}, {"type": "Feature", "geometry": {"type": "Point", "coordinates": [150.43866, -5.48866]}, "properties": {"latitude": "-5.48866", "longitude": "150.43866", "bright_ti4": "340.75", "scan": "0.48", "track": "0.48", "acq_date": "2026-09-30", "acq_time": "302", "satellite": "N21", "instrument": "VIIRS", "confidence": "n", "version": "2.0NRT", "bright_ti5": "296.97", "frp": "18.16", "daynight": "D"}}, {"type": "Feature", "geometry": {"type": "Point", "coordinates": [150.43362, -5.48489]}, "properties": {"latitude": "-5.48489", "longitude": "150.43362", "bright_ti4": "336.1", "scan": "0.48", "track": "0.48", "acq_date": "2026-09-30", "acq_time": "302", "satellite": "N21", "instrument": "VIIRS", "confidence": "n", "version": "2.0NRT", "bright_ti5": "296.48", "frp": "18.16", "daynight": "D"}}, {"type": "Feature", "geometry": {"type": "Point", "coordinates": [150.43797, -5.48425]}, "properties": {"latitude": "-5.48425", "longitude": "150.43797", "bright_ti4": "340.18", "scan": "0.48", "track": "0.48", "acq_date": "2026-09-30", "acq_time": "302", "satellite": "N21", "instrument": "VIIRS", "confidence": "n", "version": "2.0NRT", "bright_ti5": "294.26", "frp": "18.16", "daynight": "D"}}, {"type": "Feature", "geometry": {"type": "Point", "coordinates": [148.35889, -5.48298]}, "properties": {"latitude": "-5.48298", "longitude": "148.35889", "bright_ti4": "326.96", "scan": "0.34", "track": "0.56", "acq_date": "2026-09-30", "acq_time": "302", "satellite": "N21", "instrument": "VIIRS", "confidence": "l", "version": "2.0NRT", "bright_ti5": "297.53", "frp": "1.62", "daynight": "D"}}, {"type": "Feature", "geometry": {"type": "Point", "coordinates": [150.43973, -5.466]}, "properties": {"latitude": "-5.466", "longitude": "150.43973", "bright_ti4": "329.98", "scan": "0.48", "track": "0.48", "acq_date": "2026-09-30", "acq_time": "302", "satellite": "N21", "instrument": "VIIRS", "confidence": "n", "version": "2.0NRT", "bright_ti5": "293.67", "frp": "4.42", "daynight": "D"}}, {"type": "Feature", "geometry": {"type": "Point", "coordinates": [144.06873, -5.41521]}, "properties": {"latitude": "-5.41521", "longitude": "144.06873", "bright_ti4": "327.02", "scan": "0.67", "track": "0.73", "acq_date": "2026-09-30", "acq_time": "302", "satellite": "N21", "instrument": "VIIRS", "confidence": "n", "version": "2.0NRT", "bright_ti5": "293.98", "frp": "5.97", "daynight": "D"}}, {"type": "Feature", "geometry": {"type": "Point", "coordinates": [144.06737, -5.41193]}, "properties": {"latitude": "-5.41193", "longitude": "144.06737", "bright_ti4": "325.76", "scan": "0.67", "track": "0.74", "acq_date": "2026-09-30", "acq_time": "302", "satellite": "N21", "instrument": "VIIRS", "confidence": "n", "version": "2.0NRT", "bright_ti5": "293.02", "frp": "3.67", "daynight": "D"}}, {"type": "Feature", "geometry": {"type": "Point", "coordinates": [150.04152, -5.40205]}, "properties": {"latitude": "-5.40205", "longitude": "150.04152", "bright_ti4": "331.88", "scan": "0.51", "track": "0.49", "acq_date": "2026-09-30", "acq_time": "302", "satellite": "N21", "instrument": "VIIRS", "confidence": "n", "version": "2.0NRT", "bright_ti5": "293.86", "frp": "3.95", "daynight": "D"}}, {"type": "Feature", "geometry": {"type": "Point", "coordinates": [147.05109, -5.38124]}, "properties": {"latitude": "-5.38124", "longitude": "147.05109", "bright_ti4": "333.4", "scan": "0.41", "track": "0.61", "acq_date": "2026-09-30", "acq_time": "302", "satellite": "N21", "instrument": "VIIRS", "confidence": "n", "version": "2.0NRT", "bright_ti5": "293.88", "frp": "3.02", "daynight": "D"}}, {"type": "Feature", "geometry": {"type": "Point", "coordinates": [143.98163, -5.35871]}, "properties": {"latitude": "-5.35871", "longitude": "143.98163", "bright_ti4": "367", "scan": "0.68", "track": "0.74", "acq_date": "2026-09-30", "acq_time": "302", "satellite": "N21", "instrument": "VIIRS", "confidence": "h", "version": "2.0NRT", "bright_ti5": "291.53", "frp": "18.56", "daynight": "D"}}, {"type": "Feature", "geometry": {"type": "Point", "coordinates": [144.39088, -5.21042]}, "properties": {"latitude": "-5.21042", "longitude": "144.39088", "bright_ti4": "342.9", "scan": "0.63", "track": "0.72", "acq_date": "2026-09-30", "acq_time": "302", "satellite": "N21", "instrument": "VIIRS", "confidence": "n", "version": "2.0NRT", "bright_ti5": "291.09", "frp": "14.68", "daynight": "D"}}, {"type": "Feature", "geometry": {"type": "Point", "coordinates": [150.04538, -5.13514]}, "properties": {"latitude": "-5.13514", "longitude": "150.04538", "bright_ti4": "339.63", "scan": "0.51", "track": "0.49", "acq_date": "2026-09-30", "acq_time": "302", "satellite": "N21", "instrument": "VIIRS", "confidence": "n", "version": "2.0NRT", "bright_ti5": "296.38", "frp": "9.8", "daynight": "D"}}, {"type": "Feature", "geometry": {"type": "Point", "coordinates": [150.0419, -5.13338]}, "properties": {"latitude": "-5.13338", "longitude": "150.0419", "bright_ti4": "329.62", "scan": "0.51", "track": "0.49", "acq_date": "2026-09-30", "acq_time": "302", "satellite": "N21", "instrument": "VIIRS", "confidence": "n", "version": "2.0NRT", "bright_ti5": "296.02", "frp": "5.31", "daynight": "D"}}, {"type": "Feature", "geometry": {"type": "Point", "coordinates": [150.04529, -5.13289]}, "properties": {"latitude": "-5.13289", "longitude": "150.04529", "bright_ti4": "339.09", "scan": "0.51", "track": "0.49", "acq_date": "2026-09-30", "acq_time": "302", "satellite": "N21", "instrument": "VIIRS", "confidence": "n", "version": "2.0NRT", "bright_ti5": "296.15", "frp": "5.31", "daynight": "D"}}, {"type": "Feature", "geometry": {"type": "Point", "coordinates": [151.2749, -5.1108]}, "properties": {"latitude": "-5.1108", "longitude": "151.2749", "bright_ti4": "332.84", "scan": "0.42", "track": "0.45", "acq_date": "2026-09-30", "acq_time": "302", "satellite": "N21", "instrument": "VIIRS", "confidence": "n", "version": "2.0NRT", "bright_ti5": "292.1", "frp": "4.19", "daynight": "D"}}, {"type": "Feature", "geometry": {"type": "Point", "coordinates": [150.08875, -5.08976]}, "properties": {"latitude": "-5.08976", "longitude": "150.08875", "bright_ti4": "339.19", "scan": "0.5", "track": "0.49", "acq_date": "2026-09-30", "acq_time": "302", "satellite": "N21", "instrument": "VIIRS", "confidence": "n", "version": "2.0NRT", "bright_ti5": "296", "frp": "8.27", "daynight": "D"}}, {"type": "Feature", "geometry": {"type": "Point", "coordinates": [151.46539, -5.02497]}, "properties": {"latitude": "-5.02497", "longitude": "151.46539", "bright_ti4": "330.95", "scan": "0.41", "track": "0.45", "acq_date": "2026-09-30", "acq_time": "302", "satellite": "N21", "instrument": "VIIRS", "confidence": "n", "version": "2.0NRT", "bright_ti5": "281.74", "frp": "6.49", "daynight": "D"}}, {"type": "Feature", "geometry": {"type": "Point", "coordinates": [151.46504, -5.02467]}, "properties": {"latitude": "-5.02467", "longitude": "151.46504", "bright_ti4": "335.95", "scan": "0.41", "track": "0.45", "acq_date": "2026-09-30", "acq_time": "302", "satellite": "N21", "instrument": "VIIRS", "confidence": "n", "version": "2.0NRT", "bright_ti5": "280.63", "frp": "7.93", "daynight": "D"}}, {"type": "Feature", "geometry": {"type": "Point", "coordinates": [151.19351, -4.94877]}, "properties": {"latitude": "-4.94877", "longitude": "151.19351", "bright_ti4": "338.59", "scan": "0.42", "track": "0.45", "acq_date": "2026-09-30", "acq_time": "302", "satellite": "N21", "instrument": "VIIRS", "confidence": "n", "version": "2.0NRT", "bright_ti5": "294.13", "frp": "6.06", "daynight": "D"}}, {"type": "Feature", "geometry": {"type": "Point", "coordinates": [144.97574, -4.81108]}, "properties": {"latitude": "-4.81108", "longitude": "144.97574", "bright_ti4": "338.77", "scan": "0.56", "track": "0.69", "acq_date": "2026-09-30", "acq_time": "302", "satellite": "N21", "instrument": "VIIRS", "confidence": "n", "version": "2.0NRT", "bright_ti5": "293.71", "frp": "9.37", "daynight": "D"}}, {"type": "Feature", "geometry": {"type": "Point", "coordinates": [144.73503, -4.76418]}, "properties": {"latitude": "-4.76418", "longitude": "144.73503", "bright_ti4": "336.05", "scan": "0.59", "track": "0.7", "acq_date": "2026-09-30", "acq_time": "302", "satellite": "N21", "instrument": "VIIRS", "confidence": "n", "version": "2.0NRT", "bright_ti5": "292.41", "frp": "4.37", "daynight": "D"}}, {"type": "Feature", "geometry": {"type": "Point", "coordinates": [144.71724, -4.71916]}, "properties": {"latitude": "-4.71916", "longitude": "144.71724", "bright_ti4": "328.09", "scan": "0.59", "track": "0.7", "acq_date": "2026-09-30", "acq_time": "302", "satellite": "N21", "instrument": "VIIRS", "confidence": "n", "version": "2.0NRT", "bright_ti5": "292.64", "frp": "4.05", "daynight": "D"}}, {"type": "Feature", "geometry": {"type": "Point", "coordinates": [144.6073, -4.69574]}, "properties": {"latitude": "-4.69574", "longitude": "144.6073", "bright_ti4": "326.4", "scan": "0.6", "track": "0.7", "acq_date": "2026-09-30", "acq_time": "302", "satellite": "N21", "instrument": "VIIRS", "confidence": "n", "version": "2.0NRT", "bright_ti5": "293.25", "frp": "5.64", "daynight": "D"}}, {"type": "Feature", "geometry": {"type": "Point", "coordinates": [149.46028, -4.68349]}, "properties": {"latitude": "-4.68349", "longitude": "149.46028", "bright_ti4": "340.94", "scan": "0.55", "track": "0.51", "acq_date": "2026-09-30", "acq_time": "302", "satellite": "N21", "instrument": "VIIRS", "confidence": "n", "version": "2.0NRT", "bright_ti5": "302.27", "frp": "16.38", "daynight": "D"}}, {"type": "Feature", "geometry": {"type": "Point", "coordinates": [151.71091, -4.67343]}, "properties": {"latitude": "-4.67343", "longitude": "151.71091", "bright_ti4": "353.69", "scan": "0.39", "track": "0.44", "acq_date": "2026-09-30", "acq_time": "302", "satellite": "N21", "instrument": "VIIRS", "confidence": "n", "version": "2.0NRT", "bright_ti5": "285.35", "frp": "7.43", "daynight": "D"}}, {"type": "Feature", "geometry": {"type": "Point", "coordinates": [144.82892, -4.67329]}, "properties": {"latitude": "-4.67329", "longitude": "144.82892", "bright_ti4": "335.68", "scan": "0.58", "track": "0.69", "acq_date": "2026-09-30", "acq_time": "302", "satellite": "N21", "instrument": "VIIRS", "confidence": "n", "version": "2.0NRT", "bright_ti5": "292.32", "frp": "9.83", "daynight": "D"}}, {"type": "Feature", "geometry": {"type": "Point", "coordinates": [151.71439, -4.67293]}, "properties": {"latitude": "-4.67293", "longitude": "151.71439", "bright_ti4": "342.43", "scan": "0.39", "track": "0.44", "acq_date": "2026-09-30", "acq_time": "302", "satellite": "N21", "instrument": "VIIRS", "confidence": "n", "version": "2.0NRT", "bright_ti5": "284.64", "frp": "7.43", "daynight": "D"}}, {"type": "Feature", "geometry": {"type": "Point", "coordinates": [144.8273, -4.67083]}, "properties": {"latitude": "-4.67083", "longitude": "144.8273", "bright_ti4": "341.96", "scan": "0.58", "track": "0.69", "acq_date": "2026-09-30", "acq_time": "302", "satellite": "N21", "instrument": "VIIRS", "confidence": "n", "version": "2.0NRT", "bright_ti5": "291.65", "frp": "6.89", "daynight": "D"}}, {"type": "Feature", "geometry": {"type": "Point", "coordinates": [144.62807, -4.64695]}, "properties": {"latitude": "-4.64695", "longitude": "144.62807", "bright_ti4": "333.75", "scan": "0.59", "track": "0.7", "acq_date": "2026-09-30", "acq_time": "302", "satellite": "N21", "instrument": "VIIRS", "confidence": "n", "version": "2.0NRT", "bright_ti5": "293.03", "frp": "4.93", "daynight": "D"}}, {"type": "Feature", "geometry": {"type": "Point", "coordinates": [145.48914, -4.58303]}, "properties": {"latitude": "-4.58303", "longitude": "145.48914", "bright_ti4": "350.31", "scan": "0.52", "track": "0.67", "acq_date": "2026-09-30", "acq_time": "302", "satellite": "N21", "instrument": "VIIRS", "confidence": "n", "version": "2.0NRT", "bright_ti5": "292.32", "frp": "11.92", "daynight": "D"}}, {"type": "Feature", "geometry": {"type": "Point", "coordinates": [145.48721, -4.58225]}, "properties": {"latitude": "-4.58225", "longitude": "145.48721", "bright_ti4": "343.92", "scan": "0.52", "track": "0.67", "acq_date": "2026-09-30", "acq_time": "302", "satellite": "N21", "instrument": "VIIRS", "confidence": "n", "version": "2.0NRT", "bright_ti5": "292.28", "frp": "12.47", "daynight": "D"}}, {"type": "Feature", "geometry": {"type": "Point", "coordinates": [144.25975, -4.45937]}, "properties": {"latitude": "-4.45937", "longitude": "144.25975", "bright_ti4": "340.78", "scan": "0.63", "track": "0.72", "acq_date": "2026-09-30", "acq_time": "302", "satellite": "N21", "instrument": "VIIRS", "confidence": "n", "version": "2.0NRT", "bright_ti5": "291.97", "frp": "14.53", "daynight": "D"}}, {"type": "Feature", "geometry": {"type": "Point", "coordinates": [144.26375, -4.45932]}, "properties": {"latitude": "-4.45932", "longitude": "144.26375", "bright_ti4": "333.34", "scan": "0.63", "track": "0.72", "acq_date": "2026-09-30", "acq_time": "302", "satellite": "N21", "instrument": "VIIRS", "confidence": "n", "version": "2.0NRT", "bright_ti5": "292.25", "frp": "10.72", "daynight": "D"}}, {"type": "Feature", "geometry": {"type": "Point", "coordinates": [144.4648, -4.45075]}, "properties": {"latitude": "-4.45075", "longitude": "144.4648", "bright_ti4": "330.32", "scan": "0.61", "track": "0.71", "acq_date": "2026-09-30", "acq_time": "302", "satellite": "N21", "instrument": "VIIRS", "confidence": "n", "version": "2.0NRT", "bright_ti5": "293.22", "frp": "5.7", "daynight": "D"}}, {"type": "Feature", "geometry": {"type": "Point", "coordinates": [144.46034, -4.43071]}, "properties": {"latitude": "-4.43071", "longitude": "144.46034", "bright_ti4": "330.13", "scan": "0.61", "track": "0.71", "acq_date": "2026-09-30", "acq_time": "302", "satellite": "N21", "instrument": "VIIRS", "confidence": "n", "version": "2.0NRT", "bright_ti5": "293.22", "frp": "4.91", "daynight": "D"}}, {"type": "Feature", "geometry": {"type": "Point", "coordinates": [144.23756, -4.42969]}, "properties": {"latitude": "-4.42969", "longitude": "144.23756", "bright_ti4": "338.05", "scan": "0.63", "track": "0.72", "acq_date": "2026-09-30", "acq_time": "302", "satellite": "N21", "instrument": "VIIRS", "confidence": "n", "version": "2.0NRT", "bright_ti5": "292.29", "frp": "7.57", "daynight": "D"}}, {"type": "Feature", "geometry": {"type": "Point", "coordinates": [144.23889, -4.42884]}, "properties": {"latitude": "-4.42884", "longitude": "144.23889", "bright_ti4": "342.52", "scan": "0.63", "track": "0.72", "acq_date": "2026-09-30", "acq_time": "302", "satellite": "N21", "instrument": "VIIRS", "confidence": "n", "version": "2.0NRT", "bright_ti5": "292.44", "frp": "8.75", "daynight": "D"}}, {"type": "Feature", "geometry": {"type": "Point", "coordinates": [144.23875, -4.3961]}, "properties": {"latitude": "-4.3961", "longitude": "144.23875", "bright_ti4": "328.11", "scan": "0.63", "track": "0.72", "acq_date": "2026-09-30", "acq_time": "302", "satellite": "N21", "instrument": "VIIRS", "confidence": "n", "version": "2.0NRT", "bright_ti5": "292.89", "frp": "5.41", "daynight": "D"}}, {"type": "Feature", "geometry": {"type": "Point", "coordinates": [145.28195, -4.38613]}, "properties": {"latitude": "-4.38613", "longitude": "145.28195", "bright_ti4": "340.89", "scan": "0.53", "track": "0.67", "acq_date": "2026-09-30", "acq_time": "302", "satellite": "N21", "instrument": "VIIRS", "confidence": "n", "version": "2.0NRT", "bright_ti5": "293.21", "frp": "8.21", "daynight": "D"}}, {"type": "Feature", "geometry": {"type": "Point", "coordinates": [144.32472, -4.36402]}, "properties": {"latitude": "-4.36402", "longitude": "144.32472", "bright_ti4": "367", "scan": "0.62", "track": "0.71", "acq_date": "2026-09-30", "acq_time": "302", "satellite": "N21", "instrument": "VIIRS", "confidence": "h", "version": "2.0NRT", "bright_ti5": "292.53", "frp": "28.36", "daynight": "D"}}, {"type": "Feature", "geometry": {"type": "Point", "coordinates": [144.61407, -4.22378]}, "properties": {"latitude": "-4.22378", "longitude": "144.61407", "bright_ti4": "342.12", "scan": "0.59", "track": "0.7", "acq_date": "2026-09-30", "acq_time": "302", "satellite": "N21", "instrument": "VIIRS", "confidence": "n", "version": "2.0NRT", "bright_ti5": "292.04", "frp": "9.62", "daynight": "D"}}, {"type": "Feature", "geometry": {"type": "Point", "coordinates": [144.62796, -4.2088]}, "properties": {"latitude": "-4.2088", "longitude": "144.62796", "bright_ti4": "333.13", "scan": "0.59", "track": "0.7", "acq_date": "2026-09-30", "acq_time": "302", "satellite": "N21", "instrument": "VIIRS", "confidence": "n", "version": "2.0NRT", "bright_ti5": "291.17", "frp": "5.08", "daynight": "D"}}, {"type": "Feature", "geometry": {"type": "Point", "coordinates": [144.82578, -4.2067]}, "properties": {"latitude": "-4.2067", "longitude": "144.82578", "bright_ti4": "367", "scan": "0.57", "track": "0.69", "acq_date": "2026-09-30", "acq_time": "302", "satellite": "N21", "instrument": "VIIRS", "confidence": "h", "version": "2.0NRT", "bright_ti5": "295.18", "frp": "38.36", "daynight": "D"}}, {"type": "Feature", "geometry": {"type": "Point", "coordinates": [144.6282, -4.20639]}, "properties": {"latitude": "-4.20639", "longitude": "144.6282", "bright_ti4": "330.71", "scan": "0.58", "track": "0.7", "acq_date": "2026-09-30", "acq_time": "302", "satellite": "N21", "instrument": "VIIRS", "confidence": "n", "version": "2.0NRT", "bright_ti5": "291.98", "frp": "3.91", "daynight": "D"}}, {"type": "Feature", "geometry": {"type": "Point", "coordinates": [144.62016, -4.19036]}, "properties": {"latitude": "-4.19036", "longitude": "144.62016", "bright_ti4": "340.74", "scan": "0.59", "track": "0.7", "acq_date": "2026-09-30", "acq_time": "302", "satellite": "N21", "instrument": "VIIRS", "confidence": "n", "version": "2.0NRT", "bright_ti5": "292.45", "frp": "10.36", "daynight": "D"}}, {"type": "Feature", "geometry": {"type": "Point", "coordinates": [144.62054, -4.18798]}, "properties": {"latitude": "-4.18798", "longitude": "144.62054", "bright_ti4": "329.76", "scan": "0.58", "track": "0.7", "acq_date": "2026-09-30", "acq_time": "302", "satellite": "N21", "instrument": "VIIRS", "confidence": "n", "version": "2.0NRT", "bright_ti5": "292.16", "frp": "9.96", "daynight": "D"}}, {"type": "Feature", "geometry": {"type": "Point", "coordinates": [144.61975, -4.18158]}, "properties": {"latitude": "-4.18158", "longitude": "144.61975", "bright_ti4": "330.27", "scan": "0.58", "track": "0.7", "acq_date": "2026-09-30", "acq_time": "302", "satellite": "N21", "instrument": "VIIRS", "confidence": "n", "version": "2.0NRT", "bright_ti5": "290.89", "frp": "4.33", "daynight": "D"}}, {"type": "Feature", "geometry": {"type": "Point", "coordinates": [143.63458, -4.17734]}, "properties": {"latitude": "-4.17734", "longitude": "143.63458", "bright_ti4": "332.26", "scan": "0.69", "track": "0.74", "acq_date": "2026-09-30", "acq_time": "302", "satellite": "N21", "instrument": "VIIRS", "confidence": "n", "version": "2.0NRT", "bright_ti5": "290.13", "frp": "8.36", "daynight": "D"}}, {"type": "Feature", "geometry": {"type": "Point", "coordinates": [144.82169, -4.17513]}, "properties": {"latitude": "-4.17513", "longitude": "144.82169", "bright_ti4": "337.47", "scan": "0.57", "track": "0.69", "acq_date": "2026-09-30", "acq_time": "302", "satellite": "N21", "instrument": "VIIRS", "confidence": "n", "version": "2.0NRT", "bright_ti5": "293.57", "frp": "11.34", "daynight": "D"}}, {"type": "Feature", "geometry": {"type": "Point", "coordinates": [144.58163, -4.17408]}, "properties": {"latitude": "-4.17408", "longitude": "144.58163", "bright_ti4": "339.6", "scan": "0.59", "track": "0.7", "acq_date": "2026-09-30", "acq_time": "302", "satellite": "N21", "instrument": "VIIRS", "confidence": "n", "version": "2.0NRT", "bright_ti5": "289.5", "frp": "8.63", "daynight": "D"}}, {"type": "Feature", "geometry": {"type": "Point", "coordinates": [144.82164, -4.17141]}, "properties": {"latitude": "-4.17141", "longitude": "144.82164", "bright_ti4": "367", "scan": "0.57", "track": "0.69", "acq_date": "2026-09-30", "acq_time": "302", "satellite": "N21", "instrument": "VIIRS", "confidence": "h", "version": "2.0NRT", "bright_ti5": "294.22", "frp": "23.19", "daynight": "D"}}, {"type": "Feature", "geometry": {"type": "Point", "coordinates": [144.82088, -4.16881]}, "properties": {"latitude": "-4.16881", "longitude": "144.82088", "bright_ti4": "367", "scan": "0.57", "track": "0.69", "acq_date": "2026-09-30", "acq_time": "302", "satellite": "N21", "instrument": "VIIRS", "confidence": "h", "version": "2.0NRT", "bright_ti5": "294.6", "frp": "18.58", "daynight": "D"}}, {"type": "Feature", "geometry": {"type": "Point", "coordinates": [144.82085, -4.1651]}, "properties": {"latitude": "-4.1651", "longitude": "144.82085", "bright_ti4": "328.21", "scan": "0.57", "track": "0.69", "acq_date": "2026-09-30", "acq_time": "302", "satellite": "N21", "instrument": "VIIRS", "confidence": "n", "version": "2.0NRT", "bright_ti5": "293.56", "frp": "5.25", "daynight": "D"}}, {"type": "Feature", "geometry": {"type": "Point", "coordinates": [143.93484, -4.15898]}, "properties": {"latitude": "-4.15898", "longitude": "143.93484", "bright_ti4": "332.1", "scan": "0.65", "track": "0.73", "acq_date": "2026-09-30", "acq_time": "302", "satellite": "N21", "instrument": "VIIRS", "confidence": "n", "version": "2.0NRT", "bright_ti5": "291.21", "frp": "9.66", "daynight": "D"}}, {"type": "Feature", "geometry": {"type": "Point", "coordinates": [144.34254, -4.12925]}, "properties": {"latitude": "-4.12925", "longitude": "144.34254", "bright_ti4": "342.21", "scan": "0.61", "track": "0.71", "acq_date": "2026-09-30", "acq_time": "302", "satellite": "N21", "instrument": "VIIRS", "confidence": "n", "version": "2.0NRT", "bright_ti5": "289.26", "frp": "18.64", "daynight": "D"}}, {"type": "Feature", "geometry": {"type": "Point", "coordinates": [144.34148, -4.12916]}, "properties": {"latitude": "-4.12916", "longitude": "144.34148", "bright_ti4": "347.91", "scan": "0.61", "track": "0.71", "acq_date": "2026-09-30", "acq_time": "302", "satellite": "N21", "instrument": "VIIRS", "confidence": "n", "version": "2.0NRT", "bright_ti5": "290.15", "frp": "11.96", "daynight": "D"}}, {"type": "Feature", "geometry": {"type": "Point", "coordinates": [142.97549, -4.10984]}, "properties": {"latitude": "-4.10984", "longitude": "142.97549", "bright_ti4": "336.1", "scan": "0.76", "track": "0.77", "acq_date": "2026-09-30", "acq_time": "302", "satellite": "N21", "instrument": "VIIRS", "confidence": "n", "version": "2.0NRT", "bright_ti5": "288.77", "frp": "7.35", "daynight": "D"}}, {"type": "Feature", "geometry": {"type": "Point", "coordinates": [142.97772, -4.10754]}, "properties": {"latitude": "-4.10754", "longitude": "142.97772", "bright_ti4": "337.79", "scan": "0.76", "track": "0.77", "acq_date": "2026-09-30", "acq_time": "302", "satellite": "N21", "instrument": "VIIRS", "confidence": "n", "version": "2.0NRT", "bright_ti5": "289.25", "frp": "11.19", "daynight": "D"}}, {"type": "Feature", "geometry": {"type": "Point", "coordinates": [144.46571, -4.10547]}, "properties": {"latitude": "-4.10547", "longitude": "144.46571", "bright_ti4": "336.43", "scan": "0.6", "track": "0.7", "acq_date": "2026-09-30", "acq_time": "302", "satellite": "N21", "instrument": "VIIRS", "confidence": "n", "version": "2.0NRT", "bright_ti5": "290.8", "frp": "6.77", "daynight": "D"}}, {"type": "Feature", "geometry": {"type": "Point", "coordinates": [144.46448, -4.10453]}, "properties": {"latitude": "-4.10453", "longitude": "144.46448", "bright_ti4": "342.03", "scan": "0.6", "track": "0.7", "acq_date": "2026-09-30", "acq_time": "302", "satellite": "N21", "instrument": "VIIRS", "confidence": "n", "version": "2.0NRT", "bright_ti5": "291.92", "frp": "10.82", "daynight": "D"}}, {"type": "Feature", "geometry": {"type": "Point", "coordinates": [144.30023, -4.10201]}, "properties": {"latitude": "-4.10201", "longitude": "144.30023", "bright_ti4": "327.96", "scan": "0.61", "track": "0.71", "acq_date": "2026-09-30", "acq_time": "302", "satellite": "N21", "instrument": "VIIRS", "confidence": "n", "version": "2.0NRT", "bright_ti5": "289.86", "frp": "6.24", "daynight": "D"}}, {"type": "Feature", "geometry": {"type": "Point", "coordinates": [143.99139, -4.09934]}, "properties": {"latitude": "-4.09934", "longitude": "143.99139", "bright_ti4": "333.99", "scan": "0.65", "track": "0.73", "acq_date": "2026-09-30", "acq_time": "302", "satellite": "N21", "instrument": "VIIRS", "confidence": "n", "version": "2.0NRT", "bright_ti5": "292.65", "frp": "4.96", "daynight": "D"}}, {"type": "Feature", "geometry": {"type": "Point", "coordinates": [143.64203, -4.08658]}, "properties": {"latitude": "-4.08658", "longitude": "143.64203", "bright_ti4": "334.57", "scan": "0.68", "track": "0.74", "acq_date": "2026-09-30", "acq_time": "302", "satellite": "N21", "instrument": "VIIRS", "confidence": "n", "version": "2.0NRT", "bright_ti5": "288.37", "frp": "12.54", "daynight": "D"}}, {"type": "Feature", "geometry": {"type": "Point", "coordinates": [143.63843, -4.08444]}, "properties": {"latitude": "-4.08444", "longitude": "143.63843", "bright_ti4": "340.36", "scan": "0.68", "track": "0.74", "acq_date": "2026-09-30", "acq_time": "302", "satellite": "N21", "instrument": "VIIRS", "confidence": "n", "version": "2.0NRT", "bright_ti5": "288.11", "frp": "13", "daynight": "D"}}, {"type": "Feature", "geometry": {"type": "Point", "coordinates": [144.28978, -4.07037]}, "properties": {"latitude": "-4.07037", "longitude": "144.28978", "bright_ti4": "353.78", "scan": "0.61", "track": "0.71", "acq_date": "2026-09-30", "acq_time": "302", "satellite": "N21", "instrument": "VIIRS", "confidence": "n", "version": "2.0NRT", "bright_ti5": "292.3", "frp": "14.8", "daynight": "D"}}, {"type": "Feature", "geometry": {"type": "Point", "coordinates": [144.12134, -4.06172]}, "properties": {"latitude": "-4.06172", "longitude": "144.12134", "bright_ti4": "329.63", "scan": "0.63", "track": "0.72", "acq_date": "2026-09-30", "acq_time": "302", "satellite": "N21", "instrument": "VIIRS", "confidence": "n", "version": "2.0NRT", "bright_ti5": "291.97", "frp": "7.31", "daynight": "D"}}, {"type": "Feature", "geometry": {"type": "Point", "coordinates": [144.69366, -4.06071]}, "properties": {"latitude": "-4.06071", "longitude": "144.69366", "bright_ti4": "338.49", "scan": "0.58", "track": "0.69", "acq_date": "2026-09-30", "acq_time": "302", "satellite": "N21", "instrument": "VIIRS", "confidence": "n", "version": "2.0NRT", "bright_ti5": "293.19", "frp": "10.79", "daynight": "D"}}, {"type": "Feature", "geometry": {"type": "Point", "coordinates": [144.69879, -4.06]}, "properties": {"latitude": "-4.06", "longitude": "144.69879", "bright_ti4": "338.62", "scan": "0.58", "track": "0.69", "acq_date": "2026-09-30", "acq_time": "302", "satellite": "N21", "instrument": "VIIRS", "confidence": "n", "version": "2.0NRT", "bright_ti5": "293.29", "frp": "10.79", "daynight": "D"}}, {"type": "Feature", "geometry": {"type": "Point", "coordinates": [144.69713, -4.05748]}, "properties": {"latitude": "-4.05748", "longitude": "144.69713", "bright_ti4": "351.56", "scan": "0.58", "track": "0.69", "acq_date": "2026-09-30", "acq_time": "302", "satellite": "N21", "instrument": "VIIRS", "confidence": "n", "version": "2.0NRT", "bright_ti5": "293.13", "frp": "14.18", "daynight": "D"}}, {"type": "Feature", "geometry": {"type": "Point", "coordinates": [144.28474, -4.03128]}, "properties": {"latitude": "-4.03128", "longitude": "144.28474", "bright_ti4": "342.86", "scan": "0.61", "track": "0.71", "acq_date": "2026-09-30", "acq_time": "302", "satellite": "N21", "instrument": "VIIRS", "confidence": "n", "version": "2.0NRT", "bright_ti5": "293.17", "frp": "15.78", "daynight": "D"}}, {"type": "Feature", "geometry": {"type": "Point", "coordinates": [144.28621, -4.03078]}, "properties": {"latitude": "-4.03078", "longitude": "144.28621", "bright_ti4": "346.9", "scan": "0.61", "track": "0.71", "acq_date": "2026-09-30", "acq_time": "302", "satellite": "N21", "instrument": "VIIRS", "confidence": "n", "version": "2.0NRT", "bright_ti5": "293.46", "frp": "13.19", "daynight": "D"}}, {"type": "Feature", "geometry": {"type": "Point", "coordinates": [144.26241, -3.97452]}, "properties": {"latitude": "-3.97452", "longitude": "144.26241", "bright_ti4": "333.2", "scan": "0.62", "track": "0.71", "acq_date": "2026-09-30", "acq_time": "302", "satellite": "N21", "instrument": "VIIRS", "confidence": "n", "version": "2.0NRT", "bright_ti5": "290.08", "frp": "11.97", "daynight": "D"}}, {"type": "Feature", "geometry": {"type": "Point", "coordinates": [143.35564, -3.96934]}, "properties": {"latitude": "-3.96934", "longitude": "143.35564", "bright_ti4": "329.15", "scan": "0.71", "track": "0.75", "acq_date": "2026-09-30", "acq_time": "302", "satellite": "N21", "instrument": "VIIRS", "confidence": "n", "version": "2.0NRT", "bright_ti5": "289.25", "frp": "9.94", "daynight": "D"}}, {"type": "Feature", "geometry": {"type": "Point", "coordinates": [144.13719, -3.89972]}, "properties": {"latitude": "-3.89972", "longitude": "144.13719", "bright_ti4": "329.36", "scan": "0.63", "track": "0.72", "acq_date": "2026-09-30", "acq_time": "302", "satellite": "N21", "instrument": "VIIRS", "confidence": "n", "version": "2.0NRT", "bright_ti5": "291.78", "frp": "8.62", "daynight": "D"}}, {"type": "Feature", "geometry": {"type": "Point", "coordinates": [142.99706, -3.85936]}, "properties": {"latitude": "-3.85936", "longitude": "142.99706", "bright_ti4": "337", "scan": "0.75", "track": "0.77", "acq_date": "2026-09-30", "acq_time": "302", "satellite": "N21", "instrument": "VIIRS", "confidence": "n", "version": "2.0NRT", "bright_ti5": "287.38", "frp": "19.94", "daynight": "D"}}, {"type": "Feature", "geometry": {"type": "Point", "coordinates": [143.00372, -3.8584]}, "properties": {"latitude": "-3.8584", "longitude": "143.00372", "bright_ti4": "337.24", "scan": "0.75", "track": "0.77", "acq_date": "2026-09-30", "acq_time": "302", "satellite": "N21", "instrument": "VIIRS", "confidence": "n", "version": "2.0NRT", "bright_ti5": "286.75", "frp": "19.32", "daynight": "D"}}, {"type": "Feature", "geometry": {"type": "Point", "coordinates": [143.11726, -3.85617]}, "properties": {"latitude": "-3.85617", "longitude": "143.11726", "bright_ti4": "349.02", "scan": "0.74", "track": "0.76", "acq_date": "2026-09-30", "acq_time": "302", "satellite": "N21", "instrument": "VIIRS", "confidence": "n", "version": "2.0NRT", "bright_ti5": "288.06", "frp": "16.35", "daynight": "D"}}, {"type": "Feature", "geometry": {"type": "Point", "coordinates": [143.11992, -3.85511]}, "properties": {"latitude": "-3.85511", "longitude": "143.11992", "bright_ti4": "336.34", "scan": "0.74", "track": "0.76", "acq_date": "2026-09-30", "acq_time": "302", "satellite": "N21", "instrument": "VIIRS", "confidence": "n", "version": "2.0NRT", "bright_ti5": "288.26", "frp": "16.19", "daynight": "D"}}, {"type": "Feature", "geometry": {"type": "Point", "coordinates": [151.16769, -2.88232]}, "properties": {"latitude": "-2.88232", "longitude": "151.16769", "bright_ti4": "329.62", "scan": "0.4", "track": "0.44", "acq_date": "2026-09-30", "acq_time": "302", "satellite": "N21", "instrument": "VIIRS", "confidence": "n", "version": "2.0NRT", "bright_ti5": "279.14", "frp": "6.88", "daynight": "D"}}, {"type": "Feature", "geometry": {"type": "Point", "coordinates": [151.94604, -2.82559]}, "properties": {"latitude": "-2.82559", "longitude": "151.94604", "bright_ti4": "351.15", "scan": "0.53", "track": "0.42", "acq_date": "2026-09-30", "acq_time": "302", "satellite": "N21", "instrument": "VIIRS", "confidence": "n", "version": "2.0NRT", "bright_ti5": "291.82", "frp": "52.29", "daynight": "D"}}, {"type": "Feature", "geometry": {"type": "Point", "coordinates": [151.00853, -2.70222]}, "properties": {"latitude": "-2.70222", "longitude": "151.00853", "bright_ti4": "338.77", "scan": "0.4", "track": "0.44", "acq_date": "2026-09-30", "acq_time": "302", "satellite": "N21", "instrument": "VIIRS", "confidence": "n", "version": "2.0NRT", "bright_ti5": "287.87", "frp": "5.54", "daynight": "D"}}, {"type": "Feature", "geometry": {"type": "Point", "coordinates": [150.17705, -2.57754]}, "properties": {"latitude": "-2.57754", "longitude": "150.17705", "bright_ti4": "333.57", "scan": "0.46", "track": "0.47", "acq_date": "2026-09-30", "acq_time": "302", "satellite": "N21", "instrument": "VIIRS", "confidence": "n", "version": "2.0NRT", "bright_ti5": "292.75", "frp": "3.11", "daynight": "D"}}, {"type": "Feature", "geometry": {"type": "Point", "coordinates": [150.40366, -2.56506]}, "properties": {"latitude": "-2.56506", "longitude": "150.40366", "bright_ti4": "335.44", "scan": "0.44", "track": "0.46", "acq_date": "2026-09-30", "acq_time": "302", "satellite": "N21", "instrument": "VIIRS", "confidence": "n", "version": "2.0NRT", "bright_ti5": "289.37", "frp": "7.2", "daynight": "D"}}, {"type": "Feature", "geometry": {"type": "Point", "coordinates": [150.34373, -2.56115]}, "properties": {"latitude": "-2.56115", "longitude": "150.34373", "bright_ti4": "334.18", "scan": "0.44", "track": "0.46", "acq_date": "2026-09-30", "acq_time": "302", "satellite": "N21", "instrument": "VIIRS", "confidence": "n", "version": "2.0NRT", "bright_ti5": "289.08", "frp": "3.41", "daynight": "D"}}, {"type": "Feature", "geometry": {"type": "Point", "coordinates": [150.42157, -2.55371]}, "properties": {"latitude": "-2.55371", "longitude": "150.42157", "bright_ti4": "338.66", "scan": "0.44", "track": "0.46", "acq_date": "2026-09-30", "acq_time": "302", "satellite": "N21", "instrument": "VIIRS", "confidence": "n", "version": "2.0NRT", "bright_ti5": "288.47", "frp": "3.74", "daynight": "D"}}, {"type": "Feature", "geometry": {"type": "Point", "coordinates": [150.42645, -2.50554]}, "properties": {"latitude": "-2.50554", "longitude": "150.42645", "bright_ti4": "329.34", "scan": "0.44", "track": "0.46", "acq_date": "2026-09-30", "acq_time": "302", "satellite": "N21", "instrument": "VIIRS", "confidence": "n", "version": "2.0NRT", "bright_ti5": "289.62", "frp": "4.1", "daynight": "D"}}, {"type": "Feature", "geometry": {"type": "Point", "coordinates": [150.32645, -2.50299]}, "properties": {"latitude": "-2.50299", "longitude": "150.32645", "bright_ti4": "340.37", "scan": "0.44", "track": "0.46", "acq_date": "2026-09-30", "acq_time": "302", "satellite": "N21", "instrument": "VIIRS", "confidence": "n", "version": "2.0NRT", "bright_ti5": "285.63", "frp": "13.17", "daynight": "D"}}, {"type": "Feature", "geometry": {"type": "Point", "coordinates": [146.8988, -2.17041]}, "properties": {"latitude": "-2.17041", "longitude": "146.8988", "bright_ti4": "338.46", "scan": "0.38", "track": "0.59", "acq_date": "2026-09-30", "acq_time": "302", "satellite": "N21", "instrument": "VIIRS", "confidence": "n", "version": "2.0NRT", "bright_ti5": "292.99", "frp": "3.07", "daynight": "D"}}, {"type": "Feature", "geometry": {"type": "Point", "coordinates": [146.74033, -2.09748]}, "properties": {"latitude": "-2.09748", "longitude": "146.74033", "bright_ti4": "330.65", "scan": "0.39", "track": "0.59", "acq_date": "2026-09-30", "acq_time": "302", "satellite": "N21", "instrument": "VIIRS", "confidence": "n", "version": "2.0NRT", "bright_ti5": "292.93", "frp": "4.47", "daynight": "D"}}, {"type": "Feature", "geometry": {"type": "Point", "coordinates": [141.31757, 24.7636]}, "properties": {"latitude": "24.7636", "longitude": "141.31757", "bright_ti4": "327.07", "scan": "0.59", "track": "0.53", "acq_date": "2026-09-30", "acq_time": "310", "satellite": "N21", "instrument": "VIIRS", "confidence": "l", "version": "2.0NRT", "bright_ti5": "299.29", "frp": "12.37", "daynight": "D"}}, {"type": "Feature", "geometry": {"type": "Point", "coordinates": [131.64972, 33.2627]}, "properties": {"latitude": "33.2627", "longitude": "131.64972", "bright_ti4": "330.07", "scan": "0.68", "track": "0.74", "acq_date": "2026-09-30", "acq_time": "313", "satellite": "N21", "instrument": "VIIRS", "confidence": "n", "version": "2.0NRT", "bright_ti5": "297.84", "frp": "9.5", "daynight": "D"}}, {"type": "Feature", "geometry": {"type": "Point", "coordinates": [135.12662, 34.24646]}, "properties": {"latitude": "34.24646", "longitude": "135.12662", "bright_ti4": "325.47", "scan": "0.41", "track": "0.61", "acq_date": "2026-09-30", "acq_time": "313", "satellite": "N21", "instrument": "VIIRS", "confidence": "l", "version": "2.0NRT", "bright_ti5": "295.48", "frp": "3.23", "daynight": "D"}}, {"type": "Feature", "geometry": {"type": "Point", "coordinates": [138.07144, 37.14705]}, "properties": {"latitude": "37.14705", "longitude": "138.07144", "bright_ti4": "337.57", "scan": "0.49", "track": "0.48", "acq_date": "2026-09-30", "acq_time": "313", "satellite": "N21", "instrument": "VIIRS", "confidence": "n", "version": "2.0NRT", "bright_ti5": "292.17", "frp": "4.04", "daynight": "D"}}, {"type": "Feature", "geometry": {"type": "Point", "coordinates": [141.02011, 38.81012]}, "properties": {"latitude": "38.81012", "longitude": "141.02011", "bright_ti4": "344.39", "scan": "0.49", "track": "0.4", "acq_date": "2026-09-30", "acq_time": "313", "satellite": "N21", "instrument": "VIIRS", "confidence": "n", "version": "2.0NRT", "bright_ti5": "295.23", "frp": "5.59", "daynight": "D"}}, {"type": "Feature", "geometry": {"type": "Point", "coordinates": [141.72644, 40.3494]}, "properties": {"latitude": "40.3494", "longitude": "141.72644", "bright_ti4": "342.49", "scan": "0.44", "track": "0.38", "acq_date": "2026-09-30", "acq_time": "313", "satellite": "N21", "instrument": "VIIRS", "confidence": "n", "version": "2.0NRT", "bright_ti5": "294.41", "frp": "3.9", "daynight": "D"}}, {"type": "Feature", "geometry": {"type": "Point", "coordinates": [141.50151, 40.53604]}, "properties": {"latitude": "40.53604", "longitude": "141.50151", "bright_ti4": "339.8", "scan": "0.45", "track": "0.39", "acq_date": "2026-09-30", "acq_time": "313", "satellite": "N21", "instrument": "VIIRS", "confidence": "n", "version": "2.0NRT", "bright_ti5": "300.7", "frp": "4.52", "daynight": "D"}}, {"type": "Feature", "geometry": {"type": "Point", "coordinates": [141.50351, 40.53631]}, "properties": {"latitude": "40.53631", "longitude": "141.50351", "bright_ti4": "345.52", "scan": "0.45", "track": "0.39", "acq_date": "2026-09-30", "acq_time": "313", "satellite": "N21", "instrument": "VIIRS", "confidence": "n", "version": "2.0NRT", "bright_ti5": "300.99", "frp": "5.21", "daynight": "D"}}, {"type": "Feature", "geometry": {"type": "Point", "coordinates": [140.41727, 40.74949]}, "properties": {"latitude": "40.74949", "longitude": "140.41727", "bright_ti4": "327.24", "scan": "0.48", "track": "0.4", "acq_date": "2026-09-30", "acq_time": "313", "satellite": "N21", "instrument": "VIIRS", "confidence": "n", "version": "2.0NRT", "bright_ti5": "297.22", "frp": "3.07", "daynight": "D"}}, {"type": "Feature", "geometry": {"type": "Point", "coordinates": [140.49165, 40.77544]}, "properties": {"latitude": "40.77544", "longitude": "140.49165", "bright_ti4": "328.59", "scan": "0.48", "track": "0.4", "acq_date": "2026-09-30", "acq_time": "313", "satellite": "N21", "instrument": "VIIRS", "confidence": "n", "version": "2.0NRT", "bright_ti5": "299.06", "frp": "3.11", "daynight": "D"}}, {"type": "Feature", "geometry": {"type": "Point", "coordinates": [140.39087, 40.85516]}, "properties": {"latitude": "40.85516", "longitude": "140.39087", "bright_ti4": "326.9", "scan": "0.48", "track": "0.4", "acq_date": "2026-09-30", "acq_time": "313", "satellite": "N21", "instrument": "VIIRS", "confidence": "l", "version": "2.0NRT", "bright_ti5": "298.92", "frp": "3.07", "daynight": "D"}}, {"type": "Feature", "geometry": {"type": "Point", "coordinates": [140.42192, 40.91457]}, "properties": {"latitude": "40.91457", "longitude": "140.42192", "bright_ti4": "331.42", "scan": "0.48", "track": "0.4", "acq_date": "2026-09-30", "acq_time": "313", "satellite": "N21", "instrument": "VIIRS", "confidence": "n", "version": "2.0NRT", "bright_ti5": "298.38", "frp": "3.41", "daynight": "D"}}, {"type": "Feature", "geometry": {"type": "Point", "coordinates": [141.00398, 42.34051]}, "properties": {"latitude": "42.34051", "longitude": "141.00398", "bright_ti4": "325", "scan": "0.44", "track": "0.38", "acq_date": "2026-09-30", "acq_time": "313", "satellite": "N21", "instrument": "VIIRS", "confidence": "l", "version": "2.0NRT", "bright_ti5": "299.89", "frp": "2.65", "daynight": "D"}}, {"type": "Feature", "geometry": {"type": "Point", "coordinates": [141.83994, 42.62906]}, "properties": {"latitude": "42.62906", "longitude": "141.83994", "bright_ti4": "336.14", "scan": "0.41", "track": "0.37", "acq_date": "2026-09-30", "acq_time": "313", "satellite": "N21", "instrument": "VIIRS", "confidence": "n", "version": "2.0NRT", "bright_ti5": "295.29", "frp": "3.48", "daynight": "D"}}, {"type": "Feature", "geometry": {"type": "Point", "coordinates": [141.84488, 42.62994]}, "properties": {"latitude": "42.62994", "longitude": "141.84488", "bright_ti4": "335.23", "scan": "0.41", "track": "0.37", "acq_date": "2026-09-30", "acq_time": "313", "satellite": "N21", "instrument": "VIIRS", "confidence": "n", "version": "2.0NRT", "bright_ti5": "295.79", "frp": "3.48", "daynight": "D"}}, {"type": "Feature", "geometry": {"type": "Point", "coordinates": [141.96379, 42.63334]}, "properties": {"latitude": "42.63334", "longitude": "141.96379", "bright_ti4": "345.29", "scan": "0.41", "track": "0.37", "acq_date": "2026-09-30", "acq_time": "313", "satellite": "N21", "instrument": "VIIRS", "confidence": "n", "version": "2.0NRT", "bright_ti5": "295.43", "frp": "6.65", "daynight": "D"}}, {"type": "Feature", "geometry": {"type": "Point", "coordinates": [144.21852, 43.75628]}, "properties": {"latitude": "43.75628", "longitude": "144.21852", "bright_ti4": "333.36", "scan": "0.38", "track": "0.36", "acq_date": "2026-09-30", "acq_time": "315", "satellite": "N21", "instrument": "VIIRS", "confidence": "n", "version": "2.0NRT", "bright_ti5": "292.46", "frp": "11.22", "daynight": "D"}}, {"type": "Feature", "geometry": {"type": "Point", "coordinates": [144.21758, 43.75954]}, "properties": {"latitude": "43.75954", "longitude": "144.21758", "bright_ti4": "350.67", "scan": "0.38", "track": "0.36", "acq_date": "2026-09-30", "acq_time": "315", "satellite": "N21", "instrument": "VIIRS", "confidence": "n", "version": "2.0NRT", "bright_ti5": "297", "frp": "11.22", "daynight": "D"}}, {"type": "Feature", "geometry": {"type": "Point", "coordinates": [125.93231, 45.76586]}, "properties": {"latitude": "45.76586", "longitude": "125.93231", "bright_ti4": "344.78", "scan": "0.55", "track": "0.68", "acq_date": "2026-09-30", "acq_time": "315", "satellite": "N21", "instrument": "VIIRS", "confidence": "n", "version": "2.0NRT", "bright_ti5": "288.09", "frp": "5.7", "daynight": "D"}}, {"type": "Feature", "geometry": {"type": "Point", "coordinates": [125.93375, 45.76753]}, "properties": {"latitude": "45.76753", "longitude": "125.93375", "bright_ti4": "326.69", "scan": "0.55", "track": "0.68", "acq_date": "2026-09-30", "acq_time": "315", "satellite": "N21", "instrument": "VIIRS", "confidence": "n", "version": "2.0NRT", "bright_ti5": "287.97", "frp": "5.23", "daynight": "D"}}, {"type": "Feature", "geometry": {"type": "Point", "coordinates": [142.91179, 46.63003]}, "properties": {"latitude": "46.63003", "longitude": "142.91179", "bright_ti4": "327.31", "scan": "0.38", "track": "0.36", "acq_date": "2026-09-30", "acq_time": "315", "satellite": "N21", "instrument": "VIIRS", "confidence": "n", "version": "2.0NRT", "bright_ti5": "294.65", "frp": "3.9", "daynight": "D"}}, {"type": "Feature", "geometry": {"type": "Point", "coordinates": [139.278, 57.59123]}, "properties": {"latitude": "57.59123", "longitude": "139.278", "bright_ti4": "328.32", "scan": "0.39", "track": "0.36", "acq_date": "2026-09-30", "acq_time": "319", "satellite": "N21", "instrument": "VIIRS", "confidence": "n", "version": "2.0NRT", "bright_ti5": "296.65", "frp": "5.13", "daynight": "D"}}, {"type": "Feature", "geometry": {"type": "Point", "coordinates": [139.27631, 57.59447]}, "properties": {"latitude": "57.59447", "longitude": "139.27631", "bright_ti4": "344.7", "scan": "0.39", "track": "0.36", "acq_date": "2026-09-30", "acq_time": "319", "satellite": "N21", "instrument": "VIIRS", "confidence": "n", "version": "2.0NRT", "bright_ti5": "297.46", "frp": "5.13", "daynight": "D"}}, {"type": "Feature", "geometry": {"type": "Point", "coordinates": [135.66589, 57.63906]}, "properties": {"latitude": "57.63906", "longitude": "135.66589", "bright_ti4": "341.11", "scan": "0.39", "track": "0.36", "acq_date": "2026-09-30", "acq_time": "319", "satellite": "N21", "instrument": "VIIRS", "confidence": "n", "version": "2.0NRT", "bright_ti5": "292.84", "frp": "8.31", "daynight": "D"}}, {"type": "Feature", "geometry": {"type": "Point", "coordinates": [135.66417, 57.6423]}, "properties": {"latitude": "57.6423", "longitude": "135.66417", "bright_ti4": "342.93", "scan": "0.39", "track": "0.36", "acq_date": "2026-09-30", "acq_time": "319", "satellite": "N21", "instrument": "VIIRS", "confidence": "n", "version": "2.0NRT", "bright_ti5": "286.73", "frp": "3.85", "daynight": "D"}}, {"type": "Feature", "geometry": {"type": "Point", "coordinates": [135.67058, 57.64342]}, "properties": {"latitude": "57.64342", "longitude": "135.67058", "bright_ti4": "329.5", "scan": "0.39", "track": "0.36", "acq_date": "2026-09-30", "acq_time": "319", "satellite": "N21", "instrument": "VIIRS", "confidence": "n", "version": "2.0NRT", "bright_ti5": "286.49", "frp": "3.85", "daynight": "D"}}, {"type": "Feature", "geometry": {"type": "Point", "coordinates": [131.83856, 60.06384]}, "properties": {"latitude": "60.06384", "longitude": "131.83856", "bright_ti4": "327.4", "scan": "0.41", "track": "0.37", "acq_date": "2026-09-30", "acq_time": "319", "satellite": "N21", "instrument": "VIIRS", "confidence": "n", "version": "2.0NRT", "bright_ti5": "286.94", "frp": "8.38", "daynight": "D"}}, {"type": "Feature", "geometry": {"type": "Point", "coordinates": [131.83611, 60.06707]}, "properties": {"latitude": "60.06707", "longitude": "131.83611", "bright_ti4": "333.67", "scan": "0.41", "track": "0.37", "acq_date": "2026-09-30", "acq_time": "319", "satellite": "N21", "instrument": "VIIRS", "confidence": "n", "version": "2.0NRT", "bright_ti5": "286.35", "frp": "8.38", "daynight": "D"}}, {"type": "Feature", "geometry": {"type": "Point", "coordinates": [131.84315, 60.06843]}, "properties": {"latitude": "60.06843", "longitude": "131.84315", "bright_ti4": "328.24", "scan": "0.41", "track": "0.37", "acq_date": "2026-09-30", "acq_time": "319", "satellite": "N21", "instrument": "VIIRS", "confidence": "n", "version": "2.0NRT", "bright_ti5": "289.9", "frp": "17.72", "daynight": "D"}}, {"type": "Feature", "geometry": {"type": "Point", "coordinates": [131.61269, 60.14613]}, "properties": {"latitude": "60.14613", "longitude": "131.61269", "bright_ti4": "333.05", "scan": "0.42", "track": "0.37", "acq_date": "2026-09-30", "acq_time": "319", "satellite": "N21", "instrument": "VIIRS", "confidence": "n", "version": "2.0NRT", "bright_ti5": "284.29", "frp": "3.56", "daynight": "D"}}, {"type": "Feature", "geometry": {"type": "Point", "coordinates": [131.57222, 60.16745]}, "properties": {"latitude": "60.16745", "longitude": "131.57222", "bright_ti4": "327.62", "scan": "0.42", "track": "0.37", "acq_date": "2026-09-30", "acq_time": "319", "satellite": "N21", "instrument": "VIIRS", "confidence": "n", "version": "2.0NRT", "bright_ti5": "286.15", "frp": "3.13", "daynight": "D"}}, {"type": "Feature", "geometry": {"type": "Point", "coordinates": [132.34106, 60.54613]}, "properties": {"latitude": "60.54613", "longitude": "132.34106", "bright_ti4": "329.03", "scan": "0.4", "track": "0.37", "acq_date": "2026-09-30", "acq_time": "319", "satellite": "N21", "instrument": "VIIRS", "confidence": "n", "version": "2.0NRT", "bright_ti5": "279.05", "frp": "3.58", "daynight": "D"}}, {"type": "Feature", "geometry": {"type": "Point", "coordinates": [131.96411, 60.57898]}, "properties": {"latitude": "60.57898", "longitude": "131.96411", "bright_ti4": "329.95", "scan": "0.41", "track": "0.37", "acq_date": "2026-09-30", "acq_time": "319", "satellite": "N21", "instrument": "VIIRS", "confidence": "n", "version": "2.0NRT", "bright_ti5": "283.95", "frp": "2.8", "daynight": "D"}}, {"type": "Feature", "geometry": {"type": "Point", "coordinates": [131.88608, 60.58631]}, "properties": {"latitude": "60.58631", "longitude": "131.88608", "bright_ti4": "332.3", "scan": "0.41", "track": "0.37", "acq_date": "2026-09-30", "acq_time": "319", "satellite": "N21", "instrument": "VIIRS", "confidence": "n", "version": "2.0NRT", "bright_ti5": "285.28", "frp": "3.73", "daynight": "D"}}, {"type": "Feature", "geometry": {"type": "Point", "coordinates": [131.9967, 60.58879]}, "properties": {"latitude": "60.58879", "longitude": "131.9967", "bright_ti4": "341.93", "scan": "0.41", "track": "0.37", "acq_date": "2026-09-30", "acq_time": "319", "satellite": "N21", "instrument": "VIIRS", "confidence": "n", "version": "2.0NRT", "bright_ti5": "284.43", "frp": "7.27", "daynight": "D"}}, {"type": "Feature", "geometry": {"type": "Point", "coordinates": [131.9691, 60.63499]}, "properties": {"latitude": "60.63499", "longitude": "131.9691", "bright_ti4": "328.64", "scan": "0.41", "track": "0.37", "acq_date": "2026-09-30", "acq_time": "319", "satellite": "N21", "instrument": "VIIRS", "confidence": "n", "version": "2.0NRT", "bright_ti5": "285.05", "frp": "7.27", "daynight": "D"}}, {"type": "Feature", "geometry": {"type": "Point", "coordinates": [126.85231, 61.58496]}, "properties": {"latitude": "61.58496", "longitude": "126.85231", "bright_ti4": "326.29", "scan": "0.48", "track": "0.4", "acq_date": "2026-09-30", "acq_time": "319", "satellite": "N21", "instrument": "VIIRS", "confidence": "n", "version": "2.0NRT", "bright_ti5": "276.95", "frp": "9.81", "daynight": "D"}}, {"type": "Feature", "geometry": {"type": "Point", "coordinates": [126.86061, 61.58683]}, "properties": {"latitude": "61.58683", "longitude": "126.86061", "bright_ti4": "335.34", "scan": "0.48", "track": "0.4", "acq_date": "2026-09-30", "acq_time": "319", "satellite": "N21", "instrument": "VIIRS", "confidence": "n", "version": "2.0NRT", "bright_ti5": "283.9", "frp": "17.4", "daynight": "D"}}, {"type": "Feature", "geometry": {"type": "Point", "coordinates": [126.88627, 61.62452]}, "properties": {"latitude": "61.62452", "longitude": "126.88627", "bright_ti4": "330.26", "scan": "0.48", "track": "0.4", "acq_date": "2026-09-30", "acq_time": "319", "satellite": "N21", "instrument": "VIIRS", "confidence": "n", "version": "2.0NRT", "bright_ti5": "277.01", "frp": "6.94", "daynight": "D"}}, {"type": "Feature", "geometry": {"type": "Point", "coordinates": [125.90636, 62.51698]}, "properties": {"latitude": "62.51698", "longitude": "125.90636", "bright_ti4": "331.92", "scan": "0.48", "track": "0.4", "acq_date": "2026-09-30", "acq_time": "321", "satellite": "N21", "instrument": "VIIRS", "confidence": "n", "version": "2.0NRT", "bright_ti5": "280.33", "frp": "4.48", "daynight": "D"}}, {"type": "Feature", "geometry": {"type": "Point", "coordinates": [127.52666, 62.9069]}, "properties": {"latitude": "62.9069", "longitude": "127.52666", "bright_ti4": "334.83", "scan": "0.44", "track": "0.38", "acq_date": "2026-09-30", "acq_time": "321", "satellite": "N21", "instrument": "VIIRS", "confidence": "n", "version": "2.0NRT", "bright_ti5": "293.89", "frp": "37.32", "daynight": "D"}}, {"type": "Feature", "geometry": {"type": "Point", "coordinates": [125.71328, 63.16853]}, "properties": {"latitude": "63.16853", "longitude": "125.71328", "bright_ti4": "332.17", "scan": "0.47", "track": "0.4", "acq_date": "2026-09-30", "acq_time": "321", "satellite": "N21", "instrument": "VIIRS", "confidence": "n", "version": "2.0NRT", "bright_ti5": "280.65", "frp": "11.2", "daynight": "D"}}, {"type": "Feature", "geometry": {"type": "Point", "coordinates": [125.72169, 63.17041]}, "properties": {"latitude": "63.17041", "longitude": "125.72169", "bright_ti4": "327.65", "scan": "0.47", "track": "0.4", "acq_date": "2026-09-30", "acq_time": "321", "satellite": "N21", "instrument": "VIIRS", "confidence": "n", "version": "2.0NRT", "bright_ti5": "288.84", "frp": "20.87", "daynight": "D"}}, {"type": "Feature", "geometry": {"type": "Point", "coordinates": [125.72287, 63.17887]}, "properties": {"latitude": "63.17887", "longitude": "125.72287", "bright_ti4": "343.91", "scan": "0.47", "track": "0.4", "acq_date": "2026-09-30", "acq_time": "321", "satellite": "N21", "instrument": "VIIRS", "confidence": "n", "version": "2.0NRT", "bright_ti5": "280.72", "frp": "9.18", "daynight": "D"}}, {"type": "Feature", "geometry": {"type": "Point", "coordinates": [125.71931, 63.18217]}, "properties": {"latitude": "63.18217", "longitude": "125.71931", "bright_ti4": "342.32", "scan": "0.47", "track": "0.4", "acq_date": "2026-09-30", "acq_time": "321", "satellite": "N21", "instrument": "VIIRS", "confidence": "n", "version": "2.0NRT", "bright_ti5": "280.92", "frp": "8.54", "daynight": "D"}}, {"type": "Feature", "geometry": {"type": "Point", "coordinates": [-64.92401, 48.18439]}, "properties": {"latitude": "48.18439", "longitude": "-64.92401", "bright_ti4": "295.96", "scan": "0.5", "track": "0.6", "acq_date": "2026-09-30", "acq_time": "521", "satellite": "N21", "instrument": "VIIRS", "confidence": "n", "version": "2.0URT", "bright_ti5": "281.52", "frp": "1.48", "daynight": "N"}}]}